paper,year,survey,method_or_table,band_um,flux_mjy,flux_jy,euclidean_best_jy15_deg2,euclidean_err_jy15_deg2,log10_euclidean_best_jy15_deg2,source_n_galaxies,flux_correction,source_differential_value,source_differential_err,source_differential_unit,standard_unit,notes,source_url
Varnish et al.,2025,SPIRE Dark Field II,Table 4 P(D) best-fit spline,250,0.050119,5.011872e-05,1e-17,8.519564844077968e-17,-17.0,,,-17.0,3.6999999999999993,log10 Jy^1.5 deg^-2,Jy^1.5 deg^-2,"Euclidean-normalised differential counts S^2.5 dN/dS in log10 units Converted published log10 lower/upper bounds into a conservative symmetric log error with 0.08 dex floor; treat as a P(D) sensitivity constraint, not fully independent bins.",https://arxiv.org/abs/2504.08076
Varnish et al.,2025,SPIRE Dark Field II,Table 4 P(D) best-fit spline,250,0.1,0.0001,8.128305e-07,3.986532265877811e-06,-6.09,,,-6.09,2.130000000000001,log10 Jy^1.5 deg^-2,Jy^1.5 deg^-2,"Euclidean-normalised differential counts S^2.5 dN/dS in log10 units Converted published log10 lower/upper bounds into a conservative symmetric log error with 0.08 dex floor; treat as a P(D) sensitivity constraint, not fully independent bins.",https://arxiv.org/abs/2504.08076
Varnish et al.,2025,SPIRE Dark Field II,Table 4 P(D) best-fit spline,250,0.213796,0.0002137962,0.06457748,0.1011126970979624,-1.19,,,-1.19,0.6800000000000002,log10 Jy^1.5 deg^-2,Jy^1.5 deg^-2,"Euclidean-normalised differential counts S^2.5 dN/dS in log10 units Converted published log10 lower/upper bounds into a conservative symmetric log error with 0.08 dex floor; treat as a P(D) sensitivity constraint, not fully independent bins.",https://arxiv.org/abs/2504.08076
Varnish et al.,2025,SPIRE Dark Field II,Table 4 P(D) best-fit spline,250,0.380189,0.0003801894,7.657599,13.559218171949581,0.884,,,0.884,0.769,log10 Jy^1.5 deg^-2,Jy^1.5 deg^-2,"Euclidean-normalised differential counts S^2.5 dN/dS in log10 units Converted published log10 lower/upper bounds into a conservative symmetric log error with 0.08 dex floor; treat as a P(D) sensitivity constraint, not fully independent bins.",https://arxiv.org/abs/2504.08076
Varnish et al.,2025,SPIRE Dark Field II,Table 4 P(D) best-fit spline,250,0.512861,0.0005128614,14.79108,21.21795975766691,1.17,,,1.17,0.6229999999999999,log10 Jy^1.5 deg^-2,Jy^1.5 deg^-2,"Euclidean-normalised differential counts S^2.5 dN/dS in log10 units Converted published log10 lower/upper bounds into a conservative symmetric log error with 0.08 dex floor; treat as a P(D) sensitivity constraint, not fully independent bins.",https://arxiv.org/abs/2504.08076
Varnish et al.,2025,SPIRE Dark Field II,Table 4 P(D) best-fit spline,250,0.870964,0.0008709636,5.15365,1.613873602373192,0.712,,,0.712,0.136,log10 Jy^1.5 deg^-2,Jy^1.5 deg^-2,"Euclidean-normalised differential counts S^2.5 dN/dS in log10 units Converted published log10 lower/upper bounds into a conservative symmetric log error with 0.08 dex floor; treat as a P(D) sensitivity constraint, not fully independent bins.",https://arxiv.org/abs/2504.08076
Varnish et al.,2025,SPIRE Dark Field II,Table 4 P(D) best-fit spline,250,1.995262,0.001995262,1.742909,1.4246846800550315,0.241,,,0.241,0.355,log10 Jy^1.5 deg^-2,Jy^1.5 deg^-2,"Euclidean-normalised differential counts S^2.5 dN/dS in log10 units Converted published log10 lower/upper bounds into a conservative symmetric log error with 0.08 dex floor; treat as a P(D) sensitivity constraint, not fully independent bins.",https://arxiv.org/abs/2504.08076
Glenn et al.,2010,HerMES SDP,Table 4 P(D) spline no FIRAS,250,2.0,0.002,3.2551798548533237,1.7469905081511494,0.5125749891599528,,,7.26,0.23307724041613329,log10 deg^-2 Jy^-1,Jy^1.5 deg^-2,Table 4 spline model without FIRAS prior; upper-limit first knot omitted; these are P(D) model-fit constraints rather than simple independent source-count bins. Converted from log10 dN/dS [deg^-2 Jy^-1] to S^2.5 dN/dS [Jy^1.5 deg^-2].,https://arxiv.org/abs/1009.5675
Glenn et al.,2010,HerMES SDP,Table 4 P(D) spline no FIRAS,250,4.3,0.0043,4.2040816191813075,1.2129325584036548,0.6236711389489664,,,6.54,0.12529964086141668,log10 deg^-2 Jy^-1,Jy^1.5 deg^-2,Table 4 spline model without FIRAS prior; upper-limit first knot omitted; these are P(D) model-fit constraints rather than simple independent source-count bins. Converted from log10 dN/dS [deg^-2 Jy^-1] to S^2.5 dN/dS [Jy^1.5 deg^-2].,https://arxiv.org/abs/1009.5675
Varnish et al.,2025,SPIRE Dark Field II,Table 4 P(D) best-fit spline,250,5.011872,0.005011872,3.837072,0.8923536635824297,0.584,,,0.584,0.10099999999999998,log10 Jy^1.5 deg^-2,Jy^1.5 deg^-2,"Euclidean-normalised differential counts S^2.5 dN/dS in log10 units Converted published log10 lower/upper bounds into a conservative symmetric log error with 0.08 dex floor; treat as a P(D) sensitivity constraint, not fully independent bins.",https://arxiv.org/abs/2504.08076
Glenn et al.,2010,HerMES SDP,Table 4 P(D) spline no FIRAS,250,9.1,0.0091,5.427545598722759,0.7367365151794116,0.7346034808027337,,,5.837,0.058951251046945555,log10 deg^-2 Jy^-1,Jy^1.5 deg^-2,Table 4 spline model without FIRAS prior; upper-limit first knot omitted; these are P(D) model-fit constraints rather than simple independent source-count bins. Converted from log10 dN/dS [deg^-2 Jy^-1] to S^2.5 dN/dS [Jy^1.5 deg^-2].,https://arxiv.org/abs/1009.5675
Varnish et al.,2025,SPIRE Dark Field II,Table 4 P(D) best-fit spline,250,10.0,0.01,8.146172,1.5943666080340662,0.911,,,0.911,0.08499999999999996,log10 Jy^1.5 deg^-2,Jy^1.5 deg^-2,"Euclidean-normalised differential counts S^2.5 dN/dS in log10 units Converted published log10 lower/upper bounds into a conservative symmetric log error with 0.08 dex floor; treat as a P(D) sensitivity constraint, not fully independent bins.",https://arxiv.org/abs/2504.08076
Pearson et al.,2025,SPIRE Dark Field,Table 3 SUSSEXtractor,250,10.7,0.0107,2.5697550249959176,0.34032854156429043,0.4098917239680796,,,26.677,3.533,10^7 mJy^1.5 sr^-1,Jy^1.5 deg^-2,"Pearson Dark Field I Table 3 SUSSEXtractor; differential unit is mJy^1.5 sr^-1 x 10^7. Multiplied by 1e7, converted mJy^1.5 to Jy^1.5 using (1e-3)^1.5, then sr^-1 to deg^-2.",https://academic.oup.com/mnras/article/539/1/336/8108280
Pearson et al.,2025,SPIRE Dark Field,Table 4 XID,250,11.1,0.0111,5.598900600436245,0.6840285801437946,0.7481027573565241,,,58.123,7.101,10^7 mJy^1.5 sr^-1,Jy^1.5 deg^-2,"Pearson Dark Field I Table 4 XID simultaneous extraction; differential unit is mJy^1.5 sr^-1 x 10^7. Multiplied by 1e7, converted mJy^1.5 to Jy^1.5 using (1e-3)^1.5, then sr^-1 to deg^-2.",https://academic.oup.com/mnras/article/539/1/336/8108280
Pearson et al.,2025,SPIRE Dark Field,Table 3 SUSSEXtractor,250,12.3,0.0123,3.094552617535474,0.37250225593804454,0.4905978715210065,,,32.125,3.867,10^7 mJy^1.5 sr^-1,Jy^1.5 deg^-2,"Pearson Dark Field I Table 3 SUSSEXtractor; differential unit is mJy^1.5 sr^-1 x 10^7. Multiplied by 1e7, converted mJy^1.5 to Jy^1.5 using (1e-3)^1.5, then sr^-1 to deg^-2.",https://academic.oup.com/mnras/article/539/1/336/8108280
Pearson et al.,2025,SPIRE Dark Field,Table 4 XID,250,13.6,0.0136,6.765245910727903,0.8734103839126582,0.8302835874423107,,,70.231,9.067,10^7 mJy^1.5 sr^-1,Jy^1.5 deg^-2,"Pearson Dark Field I Table 4 XID simultaneous extraction; differential unit is mJy^1.5 sr^-1 x 10^7. Multiplied by 1e7, converted mJy^1.5 to Jy^1.5 using (1e-3)^1.5, then sr^-1 to deg^-2.",https://academic.oup.com/mnras/article/539/1/336/8108280
Pearson et al.,2025,SPIRE Dark Field,Table 3 SUSSEXtractor,250,14.1,0.0141,3.7703932763566073,0.41141896434222597,0.5763866522863165,,,39.141,4.271,10^7 mJy^1.5 sr^-1,Jy^1.5 deg^-2,"Pearson Dark Field I Table 3 SUSSEXtractor; differential unit is mJy^1.5 sr^-1 x 10^7. Multiplied by 1e7, converted mJy^1.5 to Jy^1.5 using (1e-3)^1.5, then sr^-1 to deg^-2.",https://academic.oup.com/mnras/article/539/1/336/8108280
Pearson et al.,2025,SPIRE Dark Field,Table 3 SUSSEXtractor,250,16.1,0.0161,6.604377338859135,0.5484944001322021,0.8198318785675482,,,68.561,5.694,10^7 mJy^1.5 sr^-1,Jy^1.5 deg^-2,"Pearson Dark Field I Table 3 SUSSEXtractor; differential unit is mJy^1.5 sr^-1 x 10^7. Multiplied by 1e7, converted mJy^1.5 to Jy^1.5 using (1e-3)^1.5, then sr^-1 to deg^-2.",https://academic.oup.com/mnras/article/539/1/336/8108280
Pearson et al.,2025,SPIRE Dark Field,Table 4 XID,250,16.6,0.0166,8.97608099633278,1.1685608654730844,0.953086762818244,,,93.182,12.131,10^7 mJy^1.5 sr^-1,Jy^1.5 deg^-2,"Pearson Dark Field I Table 4 XID simultaneous extraction; differential unit is mJy^1.5 sr^-1 x 10^7. Multiplied by 1e7, converted mJy^1.5 to Jy^1.5 using (1e-3)^1.5, then sr^-1 to deg^-2.",https://academic.oup.com/mnras/article/539/1/336/8108280
Pearson et al.,2025,SPIRE Dark Field,Table 3 SUSSEXtractor,250,18.4,0.0184,5.841070414614741,0.5203664821767046,0.7664924417292165,,,60.637,5.402,10^7 mJy^1.5 sr^-1,Jy^1.5 deg^-2,"Pearson Dark Field I Table 3 SUSSEXtractor; differential unit is mJy^1.5 sr^-1 x 10^7. Multiplied by 1e7, converted mJy^1.5 to Jy^1.5 using (1e-3)^1.5, then sr^-1 to deg^-2.",https://academic.oup.com/mnras/article/539/1/336/8108280
Glenn et al.,2010,HerMES SDP,Table 4 P(D) spline no FIRAS,250,19.5,0.0195,9.017507836501386,0.8058435739573064,0.9550865284062954,,,5.23,0.03881043674065006,log10 deg^-2 Jy^-1,Jy^1.5 deg^-2,Table 4 spline model without FIRAS prior; upper-limit first knot omitted; these are P(D) model-fit constraints rather than simple independent source-count bins. Converted from log10 dN/dS [deg^-2 Jy^-1] to S^2.5 dN/dS [Jy^1.5 deg^-2].,https://arxiv.org/abs/1009.5675
Varnish et al.,2025,SPIRE Dark Field II,Table 4 P(D) best-fit spline,250,19.952623,0.01995262,8.279423,1.5251260782713632,0.918,,,0.918,0.08,log10 Jy^1.5 deg^-2,Jy^1.5 deg^-2,"Euclidean-normalised differential counts S^2.5 dN/dS in log10 units Converted published log10 lower/upper bounds into a conservative symmetric log error with 0.08 dex floor; treat as a P(D) sensitivity constraint, not fully independent bins.",https://arxiv.org/abs/2504.08076
Pearson et al.,2025,SPIRE Dark Field,Table 4 XID,250,20.2,0.0202,10.263703870685985,1.4514776292925924,1.0113041132438905,,,106.549,15.068,10^7 mJy^1.5 sr^-1,Jy^1.5 deg^-2,"Pearson Dark Field I Table 4 XID simultaneous extraction; differential unit is mJy^1.5 sr^-1 x 10^7. Multiplied by 1e7, converted mJy^1.5 to Jy^1.5 using (1e-3)^1.5, then sr^-1 to deg^-2.",https://academic.oup.com/mnras/article/539/1/336/8108280
Pearson et al.,2025,SPIRE Dark Field,Table 3 SUSSEXtractor,250,21.1,0.0211,6.066960714634062,0.5470494728399676,0.782971182767868,,,62.982,5.679,10^7 mJy^1.5 sr^-1,Jy^1.5 deg^-2,"Pearson Dark Field I Table 3 SUSSEXtractor; differential unit is mJy^1.5 sr^-1 x 10^7. Multiplied by 1e7, converted mJy^1.5 to Jy^1.5 using (1e-3)^1.5, then sr^-1 to deg^-2.",https://academic.oup.com/mnras/article/539/1/336/8108280
Oliver et al.,2010,HerMES,Table 2,250,23.8,0.0238,5.323866093160368,2.1827850981957506,0.7262271234869166,,,200000000.0,82000000.0,sr^-1 Jy^-1,Jy^1.5 deg^-2,"Oliver HerMES Table 2 direct differential counts; flux_mjy is S_euc, bin limits kept separately; errors are fractional percentages in table. Raw dN/dS converted from sr^-1 Jy^-1 to deg^-2 Jy^-1, then multiplied by S^2.5.",https://arxiv.org/pdf/1005.2184
Pearson et al.,2025,SPIRE Dark Field,Table 3 SUSSEXtractor,250,24.2,0.0242,9.714824156609186,0.7281470268000202,0.9874349440500109,,,100.851,7.559,10^7 mJy^1.5 sr^-1,Jy^1.5 deg^-2,"Pearson Dark Field I Table 3 SUSSEXtractor; differential unit is mJy^1.5 sr^-1 x 10^7. Multiplied by 1e7, converted mJy^1.5 to Jy^1.5 using (1e-3)^1.5, then sr^-1 to deg^-2.",https://academic.oup.com/mnras/article/539/1/336/8108280
Pearson et al.,2025,SPIRE Dark Field,Table 4 XID,250,24.7,0.0247,6.3703954460032985,1.328273495508067,0.8041663922547511,,,66.132,13.789,10^7 mJy^1.5 sr^-1,Jy^1.5 deg^-2,"Pearson Dark Field I Table 4 XID simultaneous extraction; differential unit is mJy^1.5 sr^-1 x 10^7. Multiplied by 1e7, converted mJy^1.5 to Jy^1.5 using (1e-3)^1.5, then sr^-1 to deg^-2.",https://academic.oup.com/mnras/article/539/1/336/8108280
Valiante et al.,2016,H-ATLAS DR1,Table 5 area-weighted GAMA9/12/15,250,25.4,0.0254,9.347234107087589,0.0487096603148289,0.9706831199918583,,,9.347234107087589,0.0487096603148289,Jy^1.5 deg^-2,Jy^1.5 deg^-2,Area-weighted average of GAMA9/GAMA12/GAMA15 from Valiante Tables 5/8/9. Quoted errors do not include flux-bin correlations; field_scatter is kept as a sanity check. Added as the area-weighted H-ATLAS DR1 GAMA9/GAMA12/GAMA15 curve; use as wide-area bright-end counts.,https://ui.adsabs.harvard.edu/abs/2016MNRAS.462.3146V/abstract
Pearson et al.,2025,SPIRE Dark Field,Table 3 SUSSEXtractor,250,27.7,0.0277,8.074446365978476,0.7055098325550135,0.9071127541061266,,,83.822,7.324,10^7 mJy^1.5 sr^-1,Jy^1.5 deg^-2,"Pearson Dark Field I Table 3 SUSSEXtractor; differential unit is mJy^1.5 sr^-1 x 10^7. Multiplied by 1e7, converted mJy^1.5 to Jy^1.5 using (1e-3)^1.5, then sr^-1 to deg^-2.",https://academic.oup.com/mnras/article/539/1/336/8108280
Pearson et al.,2025,SPIRE Dark Field,Table 4 XID,250,30.1,0.030100000000000002,6.353152646982634,1.540870464438831,0.802989290239372,,,65.953,15.996,10^7 mJy^1.5 sr^-1,Jy^1.5 deg^-2,"Pearson Dark Field I Table 4 XID simultaneous extraction; differential unit is mJy^1.5 sr^-1 x 10^7. Multiplied by 1e7, converted mJy^1.5 to Jy^1.5 using (1e-3)^1.5, then sr^-1 to deg^-2.",https://academic.oup.com/mnras/article/539/1/336/8108280
Valiante et al.,2016,H-ATLAS DR1,Table 5 area-weighted GAMA9/12/15,250,31.2,0.0312,7.749018446301454,0.0419589252123074,0.889246694718944,,,7.749018446301454,0.0419589252123074,Jy^1.5 deg^-2,Jy^1.5 deg^-2,Area-weighted average of GAMA9/GAMA12/GAMA15 from Valiante Tables 5/8/9. Quoted errors do not include flux-bin correlations; field_scatter is kept as a sanity check. Added as the area-weighted H-ATLAS DR1 GAMA9/GAMA12/GAMA15 curve; use as wide-area bright-end counts.,https://ui.adsabs.harvard.edu/abs/2016MNRAS.462.3146V/abstract
Pearson et al.,2025,SPIRE Dark Field,Table 3 SUSSEXtractor,250,31.7,0.0317,6.621331152421351,0.6866294492698167,0.8209453087804003,,,68.737,7.128,10^7 mJy^1.5 sr^-1,Jy^1.5 deg^-2,"Pearson Dark Field I Table 3 SUSSEXtractor; differential unit is mJy^1.5 sr^-1 x 10^7. Multiplied by 1e7, converted mJy^1.5 to Jy^1.5 using (1e-3)^1.5, then sr^-1 to deg^-2.",https://academic.oup.com/mnras/article/539/1/336/8108280
Clements et al.,2010,H-ATLAS,Table 1,250,34.0,0.034,7.006200655094297,0.24369393582936685,0.8454825711992484,898.0,1.1,23000.0,800.0,gal sr^-1 Jy^1.5,Jy^1.5 deg^-2,Corrected from Clements H-ATLAS Table 1 actual rows; fluxes are after paper flux correction. Converted from Jy^1.5 sr^-1 to Jy^1.5 deg^-2.,https://arxiv.org/pdf/1005.2409
Pearson et al.,2025,SPIRE Dark Field,Table 3 SUSSEXtractor,250,36.3,0.0363,7.0448875060183465,0.764077552133584,0.8478740626113732,,,73.134,7.932,10^7 mJy^1.5 sr^-1,Jy^1.5 deg^-2,"Pearson Dark Field I Table 3 SUSSEXtractor; differential unit is mJy^1.5 sr^-1 x 10^7. Multiplied by 1e7, converted mJy^1.5 to Jy^1.5 using (1e-3)^1.5, then sr^-1 to deg^-2.",https://academic.oup.com/mnras/article/539/1/336/8108280
Pearson et al.,2025,SPIRE Dark Field,Table 4 XID,250,36.8,0.0368,8.572271982396323,2.0790577165530935,0.933095941952153,,,88.99,21.583,10^7 mJy^1.5 sr^-1,Jy^1.5 deg^-2,"Pearson Dark Field I Table 4 XID simultaneous extraction; differential unit is mJy^1.5 sr^-1 x 10^7. Multiplied by 1e7, converted mJy^1.5 to Jy^1.5 using (1e-3)^1.5, then sr^-1 to deg^-2.",https://academic.oup.com/mnras/article/539/1/336/8108280
Oliver et al.,2010,HerMES,Table 2,250,37.5,0.0375,5.309001872093681,1.5838274774835965,0.7250128784848398,,,64000000.0,19093035.0,sr^-1 Jy^-1,Jy^1.5 deg^-2,"Oliver HerMES Table 2 direct differential counts; flux_mjy is S_euc, bin limits kept separately; errors are fractional percentages in table. Raw dN/dS converted from sr^-1 Jy^-1 to deg^-2 Jy^-1, then multiplied by S^2.5.",https://arxiv.org/pdf/1005.2184
Clements et al.,2010,H-ATLAS,Table 1,250,38.0,0.038,6.549274525414234,0.1523087098933543,0.8161931950972608,1702.0,1.0,21500.0,500.0,gal sr^-1 Jy^1.5,Jy^1.5 deg^-2,Corrected from Clements H-ATLAS Table 1 actual rows; fluxes are after paper flux correction. Converted from Jy^1.5 sr^-1 to Jy^1.5 deg^-2.,https://arxiv.org/pdf/1005.2409
Valiante et al.,2016,H-ATLAS DR1,Table 5 area-weighted GAMA9/12/15,250,38.3,0.0382999999999999,5.567942432683379,0.0435015851588524,0.7456947364270046,,,5.567942432683379,0.0435015851588524,Jy^1.5 deg^-2,Jy^1.5 deg^-2,Area-weighted average of GAMA9/GAMA12/GAMA15 from Valiante Tables 5/8/9. Quoted errors do not include flux-bin correlations; field_scatter is kept as a sanity check. Added as the area-weighted H-ATLAS DR1 GAMA9/GAMA12/GAMA15 curve; use as wide-area bright-end counts.,https://ui.adsabs.harvard.edu/abs/2016MNRAS.462.3146V/abstract
Pearson et al.,2025,SPIRE Dark Field,Table 3 SUSSEXtractor,250,41.6,0.0416,6.452659973174515,0.7942283682982095,0.80973878029932,,,66.986,8.245,10^7 mJy^1.5 sr^-1,Jy^1.5 deg^-2,"Pearson Dark Field I Table 3 SUSSEXtractor; differential unit is mJy^1.5 sr^-1 x 10^7. Multiplied by 1e7, converted mJy^1.5 to Jy^1.5 using (1e-3)^1.5, then sr^-1 to deg^-2.",https://academic.oup.com/mnras/article/539/1/336/8108280
Glenn et al.,2010,HerMES SDP,Table 4 P(D) spline no FIRAS,250,41.8,0.0418,3.8809737424406254,0.4051986113237752,0.5889407044375874,,,4.036,0.045343136195018535,log10 deg^-2 Jy^-1,Jy^1.5 deg^-2,Table 4 spline model without FIRAS prior; upper-limit first knot omitted; these are P(D) model-fit constraints rather than simple independent source-count bins. Converted from log10 dN/dS [deg^-2 Jy^-1] to S^2.5 dN/dS [Jy^1.5 deg^-2].,https://arxiv.org/abs/1009.5675
Clements et al.,2010,H-ATLAS,Table 1,250,42.0,0.042,5.635422266054109,0.18277045187202515,0.7509264635846693,1093.0,1.0,18500.0,600.0,gal sr^-1 Jy^1.5,Jy^1.5 deg^-2,Corrected from Clements H-ATLAS Table 1 actual rows; fluxes are after paper flux correction. Converted from Jy^1.5 sr^-1 to Jy^1.5 deg^-2.,https://arxiv.org/pdf/1005.2409
Varnish et al.,2025,SPIRE Dark Field II,Table 4 P(D) best-fit spline,250,44.668359,0.04466836,3.873282,0.7134849115329732,0.588,,,0.588,0.08,log10 Jy^1.5 deg^-2,Jy^1.5 deg^-2,"Euclidean-normalised differential counts S^2.5 dN/dS in log10 units Converted published log10 lower/upper bounds into a conservative symmetric log error with 0.08 dex floor; treat as a P(D) sensitivity constraint, not fully independent bins.",https://arxiv.org/abs/2504.08076
Pearson et al.,2025,SPIRE Dark Field,Table 4 XID,250,44.9,0.044899999999999995,6.123409207517356,2.041104293010402,0.7869932828929432,,,63.568,21.189,10^7 mJy^1.5 sr^-1,Jy^1.5 deg^-2,"Pearson Dark Field I Table 4 XID simultaneous extraction; differential unit is mJy^1.5 sr^-1 x 10^7. Multiplied by 1e7, converted mJy^1.5 to Jy^1.5 using (1e-3)^1.5, then sr^-1 to deg^-2.",https://academic.oup.com/mnras/article/539/1/336/8108280
Clements et al.,2010,H-ATLAS,Table 1,250,47.0,0.047,4.873878716587337,0.18277045187202515,0.6878747178375804,710.0,1.0,16000.0,600.0,gal sr^-1 Jy^1.5,Jy^1.5 deg^-2,Corrected from Clements H-ATLAS Table 1 actual rows; fluxes are after paper flux correction. Converted from Jy^1.5 sr^-1 to Jy^1.5 deg^-2.,https://arxiv.org/pdf/1005.2409
Valiante et al.,2016,H-ATLAS DR1,Table 5 area-weighted GAMA9/12/15,250,47.0,0.047,3.65865886722377,0.052768370934205,0.5633219178252419,,,3.65865886722377,0.052768370934205,Jy^1.5 deg^-2,Jy^1.5 deg^-2,Area-weighted average of GAMA9/GAMA12/GAMA15 from Valiante Tables 5/8/9. Quoted errors do not include flux-bin correlations; field_scatter is kept as a sanity check. Added as the area-weighted H-ATLAS DR1 GAMA9/GAMA12/GAMA15 curve; use as wide-area bright-end counts.,https://ui.adsabs.harvard.edu/abs/2016MNRAS.462.3146V/abstract
Pearson et al.,2025,SPIRE Dark Field,Table 3 SUSSEXtractor,250,47.6,0.0476,3.874620698369786,0.6744920600150471,0.5882291941538965,,,40.223,7.002,10^7 mJy^1.5 sr^-1,Jy^1.5 deg^-2,"Pearson Dark Field I Table 3 SUSSEXtractor; differential unit is mJy^1.5 sr^-1 x 10^7. Multiplied by 1e7, converted mJy^1.5 to Jy^1.5 using (1e-3)^1.5, then sr^-1 to deg^-2.",https://academic.oup.com/mnras/article/539/1/336/8108280
Clements et al.,2010,H-ATLAS,Table 1,250,52.0,0.052,4.26464387701392,0.18277045187202515,0.6298827708598935,506.0,1.0,14000.0,600.0,gal sr^-1 Jy^1.5,Jy^1.5 deg^-2,Corrected from Clements H-ATLAS Table 1 actual rows; fluxes are after paper flux correction. Converted from Jy^1.5 sr^-1 to Jy^1.5 deg^-2.,https://arxiv.org/pdf/1005.2409
Pearson et al.,2025,SPIRE Dark Field,Table 3 SUSSEXtractor,250,54.5,0.0545,4.821240731755657,0.8268837251027085,0.683158816996993,,,50.05,8.584,10^7 mJy^1.5 sr^-1,Jy^1.5 deg^-2,"Pearson Dark Field I Table 3 SUSSEXtractor; differential unit is mJy^1.5 sr^-1 x 10^7. Multiplied by 1e7, converted mJy^1.5 to Jy^1.5 using (1e-3)^1.5, then sr^-1 to deg^-2.",https://academic.oup.com/mnras/article/539/1/336/8108280
Pearson et al.,2025,SPIRE Dark Field,Table 4 XID,250,54.9,0.0549,3.6720418919985147,1.8360209459992574,0.5649076271479444,,,38.12,19.06,10^7 mJy^1.5 sr^-1,Jy^1.5 deg^-2,"Pearson Dark Field I Table 4 XID simultaneous extraction; differential unit is mJy^1.5 sr^-1 x 10^7. Multiplied by 1e7, converted mJy^1.5 to Jy^1.5 using (1e-3)^1.5, then sr^-1 to deg^-2.",https://academic.oup.com/mnras/article/539/1/336/8108280
Clements et al.,2010,H-ATLAS,Table 1,250,56.0,0.056,3.655409037440503,0.19800132286136057,0.5629359812292803,345.0,1.0,12000.0,650.0,gal sr^-1 Jy^1.5,Jy^1.5 deg^-2,Corrected from Clements H-ATLAS Table 1 actual rows; fluxes are after paper flux correction. Converted from Jy^1.5 sr^-1 to Jy^1.5 deg^-2.,https://arxiv.org/pdf/1005.2409
Valiante et al.,2016,H-ATLAS DR1,Table 5 area-weighted GAMA9/12/15,250,57.8,0.0578,3.4938557103064065,0.0627567244022644,0.5433049654689892,,,3.4938557103064065,0.0627567244022644,Jy^1.5 deg^-2,Jy^1.5 deg^-2,Area-weighted average of GAMA9/GAMA12/GAMA15 from Valiante Tables 5/8/9. Quoted errors do not include flux-bin correlations; field_scatter is kept as a sanity check. Added as the area-weighted H-ATLAS DR1 GAMA9/GAMA12/GAMA15 curve; use as wide-area bright-end counts.,https://ui.adsabs.harvard.edu/abs/2016MNRAS.462.3146V/abstract
Oliver et al.,2010,HerMES,Table 2,250,58.9,0.0589,3.0776853565829874,1.299206145740771,0.48822421819703443,,,12000000.0,5065649.0,sr^-1 Jy^-1,Jy^1.5 deg^-2,"Oliver HerMES Table 2 direct differential counts; flux_mjy is S_euc, bin limits kept separately; errors are fractional percentages in table. Raw dN/dS converted from sr^-1 Jy^-1 to deg^-2 Jy^-1, then multiplied by S^2.5.",https://arxiv.org/pdf/1005.2184
Pearson et al.,2025,SPIRE Dark Field,Table 3 SUSSEXtractor,250,62.4,0.0624,3.782049023180632,0.8063657575529791,0.5777271539005726,,,39.262,8.371,10^7 mJy^1.5 sr^-1,Jy^1.5 deg^-2,"Pearson Dark Field I Table 3 SUSSEXtractor; differential unit is mJy^1.5 sr^-1 x 10^7. Multiplied by 1e7, converted mJy^1.5 to Jy^1.5 using (1e-3)^1.5, then sr^-1 to deg^-2.",https://academic.oup.com/mnras/article/539/1/336/8108280
Clements et al.,2010,H-ATLAS,Table 1,250,63.0,0.063,2.9243272299524024,0.1523087098933543,0.46602596822122394,418.0,1.0,9600.0,500.0,gal sr^-1 Jy^1.5,Jy^1.5 deg^-2,Corrected from Clements H-ATLAS Table 1 actual rows; fluxes are after paper flux correction. Converted from Jy^1.5 sr^-1 to Jy^1.5 deg^-2.,https://arxiv.org/pdf/1005.2409
Pearson et al.,2025,SPIRE Dark Field,Table 4 XID,250,67.0,0.067,2.4773760067790604,1.7517335206189135,0.39399192716570186,,,25.718,18.185,10^7 mJy^1.5 sr^-1,Jy^1.5 deg^-2,"Pearson Dark Field I Table 4 XID simultaneous extraction; differential unit is mJy^1.5 sr^-1 x 10^7. Multiplied by 1e7, converted mJy^1.5 to Jy^1.5 using (1e-3)^1.5, then sr^-1 to deg^-2.",https://academic.oup.com/mnras/article/539/1/336/8108280
Valiante et al.,2016,H-ATLAS DR1,Table 5 area-weighted GAMA9/12/15,250,71.0,0.071,2.417553141442278,0.0614108112709525,0.38337602930374004,,,2.417553141442278,0.0614108112709525,Jy^1.5 deg^-2,Jy^1.5 deg^-2,Area-weighted average of GAMA9/GAMA12/GAMA15 from Valiante Tables 5/8/9. Quoted errors do not include flux-bin correlations; field_scatter is kept as a sanity check. Added as the area-weighted H-ATLAS DR1 GAMA9/GAMA12/GAMA15 curve; use as wide-area bright-end counts.,https://ui.adsabs.harvard.edu/abs/2016MNRAS.462.3146V/abstract
Pearson et al.,2025,SPIRE Dark Field,Table 3 SUSSEXtractor,250,71.4,0.0714,2.7148257251362575,0.752999776226453,0.4337419558250831,,,28.183,7.817,10^7 mJy^1.5 sr^-1,Jy^1.5 deg^-2,"Pearson Dark Field I Table 3 SUSSEXtractor; differential unit is mJy^1.5 sr^-1 x 10^7. Multiplied by 1e7, converted mJy^1.5 to Jy^1.5 using (1e-3)^1.5, then sr^-1 to deg^-2.",https://academic.oup.com/mnras/article/539/1/336/8108280
Clements et al.,2010,H-ATLAS,Table 1,250,73.0,0.073,2.315092390378985,0.1523087098933543,0.3645683274624469,232.0,1.0,7600.0,500.0,gal sr^-1 Jy^1.5,Jy^1.5 deg^-2,Corrected from Clements H-ATLAS Table 1 actual rows; fluxes are after paper flux correction. Converted from Jy^1.5 sr^-1 to Jy^1.5 deg^-2.,https://arxiv.org/pdf/1005.2409
Pearson et al.,2025,SPIRE Dark Field,Table 3 SUSSEXtractor,250,81.8,0.0818,2.1318457269627262,0.7620546539244557,0.3287557733596976,,,22.131,7.911,10^7 mJy^1.5 sr^-1,Jy^1.5 deg^-2,"Pearson Dark Field I Table 3 SUSSEXtractor; differential unit is mJy^1.5 sr^-1 x 10^7. Multiplied by 1e7, converted mJy^1.5 to Jy^1.5 using (1e-3)^1.5, then sr^-1 to deg^-2.",https://academic.oup.com/mnras/article/539/1/336/8108280
Pearson et al.,2025,SPIRE Dark Field,Table 4 XID,250,81.8,0.0818,3.342598469369057,2.363612064637134,0.5240842099725292,,,34.7,24.537,10^7 mJy^1.5 sr^-1,Jy^1.5 deg^-2,"Pearson Dark Field I Table 4 XID simultaneous extraction; differential unit is mJy^1.5 sr^-1 x 10^7. Multiplied by 1e7, converted mJy^1.5 to Jy^1.5 using (1e-3)^1.5, then sr^-1 to deg^-2.",https://academic.oup.com/mnras/article/539/1/336/8108280
Clements et al.,2010,H-ATLAS,Table 1,250,83.0,0.083,1.7363192927842388,0.1523087098933543,0.23962959085414692,126.0,1.0,5700.0,500.0,gal sr^-1 Jy^1.5,Jy^1.5 deg^-2,Corrected from Clements H-ATLAS Table 1 actual rows; fluxes are after paper flux correction. Converted from Jy^1.5 sr^-1 to Jy^1.5 deg^-2.,https://arxiv.org/pdf/1005.2409
Oliver et al.,2010,HerMES,Table 2,250,85.9,0.0859,2.0422050161693766,0.92712510818158,0.310099338594034,,,3100000.0,1407345.4,sr^-1 Jy^-1,Jy^1.5 deg^-2,"Oliver HerMES Table 2 direct differential counts; flux_mjy is S_euc, bin limits kept separately; errors are fractional percentages in table. Raw dN/dS converted from sr^-1 Jy^-1 to deg^-2 Jy^-1, then multiplied by S^2.5.",https://arxiv.org/pdf/1005.2184
Valiante et al.,2016,H-ATLAS DR1,Table 5 area-weighted GAMA9/12/15,250,87.2,0.0872,1.856462828845559,0.0537204480097597,0.2686862579581523,,,1.856462828845559,0.0537204480097597,Jy^1.5 deg^-2,Jy^1.5 deg^-2,Area-weighted average of GAMA9/GAMA12/GAMA15 from Valiante Tables 5/8/9. Quoted errors do not include flux-bin correlations; field_scatter is kept as a sanity check. Added as the area-weighted H-ATLAS DR1 GAMA9/GAMA12/GAMA15 curve; use as wide-area bright-end counts.,https://ui.adsabs.harvard.edu/abs/2016MNRAS.462.3146V/abstract
Glenn et al.,2010,HerMES SDP,Table 4 P(D) spline no FIRAS,250,89.3,0.08929999999999999,1.510527538139541,0.21598665900153413,0.17912864722136596,,,2.802,0.06209871174187111,log10 deg^-2 Jy^-1,Jy^1.5 deg^-2,Table 4 spline model without FIRAS prior; upper-limit first knot omitted; these are P(D) model-fit constraints rather than simple independent source-count bins. Converted from log10 dN/dS [deg^-2 Jy^-1] to S^2.5 dN/dS [Jy^1.5 deg^-2].,https://arxiv.org/abs/1009.5675
Clements et al.,2010,H-ATLAS,Table 1,250,93.0,0.093,1.279393163104176,0.1523087098933543,0.10700402557955598,69.0,1.0,4200.0,500.0,gal sr^-1 Jy^1.5,Jy^1.5 deg^-2,Corrected from Clements H-ATLAS Table 1 actual rows; fluxes are after paper flux correction. Converted from Jy^1.5 sr^-1 to Jy^1.5 deg^-2.,https://arxiv.org/pdf/1005.2409
Pearson et al.,2025,SPIRE Dark Field,Table 3 SUSSEXtractor,250,93.7,0.0937,1.5267101769749332,0.7539630610879426,0.1837566005882573,,,15.849,7.827,10^7 mJy^1.5 sr^-1,Jy^1.5 deg^-2,"Pearson Dark Field I Table 3 SUSSEXtractor; differential unit is mJy^1.5 sr^-1 x 10^7. Multiplied by 1e7, converted mJy^1.5 to Jy^1.5 using (1e-3)^1.5, then sr^-1 to deg^-2.",https://academic.oup.com/mnras/article/539/1/336/8108280
Pearson et al.,2025,SPIRE Dark Field,Table 4 XID,250,99.9,0.0999,2.2550498607472513,2.2550498607472513,0.3531561488782799,,,23.41,23.41,10^7 mJy^1.5 sr^-1,Jy^1.5 deg^-2,"Pearson Dark Field I Table 4 XID simultaneous extraction; differential unit is mJy^1.5 sr^-1 x 10^7. Multiplied by 1e7, converted mJy^1.5 to Jy^1.5 using (1e-3)^1.5, then sr^-1 to deg^-2.",https://academic.oup.com/mnras/article/539/1/336/8108280
Varnish et al.,2025,SPIRE Dark Field II,Table 4 P(D) best-fit spline,250,100.0,0.1,1.063676,0.19593636011004278,0.0268,,,0.0268,0.08,log10 Jy^1.5 deg^-2,Jy^1.5 deg^-2,"Euclidean-normalised differential counts S^2.5 dN/dS in log10 units Converted published log10 lower/upper bounds into a conservative symmetric log error with 0.08 dex floor; treat as a P(D) sensitivity constraint, not fully independent bins.",https://arxiv.org/abs/2504.08076
Valiante et al.,2016,H-ATLAS DR1,Table 5 area-weighted GAMA9/12/15,250,107.2,0.1072,1.0815346951408231,0.0431243768123426,0.03404045596791651,,,1.0815346951408231,0.0431243768123426,Jy^1.5 deg^-2,Jy^1.5 deg^-2,Area-weighted average of GAMA9/GAMA12/GAMA15 from Valiante Tables 5/8/9. Quoted errors do not include flux-bin correlations; field_scatter is kept as a sanity check. Added as the area-weighted H-ATLAS DR1 GAMA9/GAMA12/GAMA15 curve; use as wide-area bright-end counts.,https://ui.adsabs.harvard.edu/abs/2016MNRAS.462.3146V/abstract
Clements et al.,2010,H-ATLAS,Table 1,250,125.0,0.125,0.8833905173814548,0.09138522593601257,-0.05384726691938841,115.0,1.0,2900.0,300.0,gal sr^-1 Jy^1.5,Jy^1.5 deg^-2,Corrected from Clements H-ATLAS Table 1 actual rows; fluxes are after paper flux correction. Converted from Jy^1.5 sr^-1 to Jy^1.5 deg^-2.,https://arxiv.org/pdf/1005.2409
Valiante et al.,2016,H-ATLAS DR1,Table 5 area-weighted GAMA9/12/15,250,131.7,0.1316999999999999,0.8659309192200557,0.0398884223000664,-0.06251675301522175,,,0.8659309192200557,0.0398884223000664,Jy^1.5 deg^-2,Jy^1.5 deg^-2,Area-weighted average of GAMA9/GAMA12/GAMA15 from Valiante Tables 5/8/9. Quoted errors do not include flux-bin correlations; field_scatter is kept as a sanity check. Added as the area-weighted H-ATLAS DR1 GAMA9/GAMA12/GAMA15 curve; use as wide-area bright-end counts.,https://ui.adsabs.harvard.edu/abs/2016MNRAS.462.3146V/abstract
Valiante et al.,2016,H-ATLAS DR1,Table 5 area-weighted GAMA9/12/15,250,161.8,0.1618,0.6987696688331786,0.0401401344929181,-0.1556659544965849,,,0.6987696688331786,0.0401401344929181,Jy^1.5 deg^-2,Jy^1.5 deg^-2,Area-weighted average of GAMA9/GAMA12/GAMA15 from Valiante Tables 5/8/9. Quoted errors do not include flux-bin correlations; field_scatter is kept as a sanity check. Added as the area-weighted H-ATLAS DR1 GAMA9/GAMA12/GAMA15 curve; use as wide-area bright-end counts.,https://ui.adsabs.harvard.edu/abs/2016MNRAS.462.3146V/abstract
Oliver et al.,2010,HerMES,Table 2,250,166.2,0.1662,0.7203632993618143,0.2784369561168151,-0.1424484214641948,,,210000.0,81169.822,sr^-1 Jy^-1,Jy^1.5 deg^-2,"Oliver HerMES Table 2 direct differential counts; flux_mjy is S_euc, bin limits kept separately; errors are fractional percentages in table. Raw dN/dS converted from sr^-1 Jy^-1 to deg^-2 Jy^-1, then multiplied by S^2.5.",https://arxiv.org/pdf/1005.2184
Clements et al.,2010,H-ATLAS,Table 1,250,175.0,0.175,0.45692612968006285,0.09138522593601257,-0.34015400576266325,25.0,1.0,1500.0,300.0,gal sr^-1 Jy^1.5,Jy^1.5 deg^-2,Corrected from Clements H-ATLAS Table 1 actual rows; fluxes are after paper flux correction. Converted from Jy^1.5 sr^-1 to Jy^1.5 deg^-2.,https://arxiv.org/pdf/1005.2409
Glenn et al.,2010,HerMES SDP,Table 4 P(D) spline no FIRAS,250,191.0,0.191,0.025268730185144347,0.017503439445343966,-1.5974165818806811,,,0.2,0.3008321791298265,log10 deg^-2 Jy^-1,Jy^1.5 deg^-2,Table 4 spline model without FIRAS prior; upper-limit first knot omitted; these are P(D) model-fit constraints rather than simple independent source-count bins. Converted from log10 dN/dS [deg^-2 Jy^-1] to S^2.5 dN/dS [Jy^1.5 deg^-2].,https://arxiv.org/abs/1009.5675
Valiante et al.,2016,H-ATLAS DR1,Table 5 area-weighted GAMA9/12/15,250,198.7,0.1987,0.6453555555555556,0.0439470943633883,-0.19020094696062942,,,0.6453555555555556,0.0439470943633883,Jy^1.5 deg^-2,Jy^1.5 deg^-2,Area-weighted average of GAMA9/GAMA12/GAMA15 from Valiante Tables 5/8/9. Quoted errors do not include flux-bin correlations; field_scatter is kept as a sanity check. Added as the area-weighted H-ATLAS DR1 GAMA9/GAMA12/GAMA15 curve; use as wide-area bright-end counts.,https://ui.adsabs.harvard.edu/abs/2016MNRAS.462.3146V/abstract
Varnish et al.,2025,SPIRE Dark Field II,Table 4 P(D) best-fit spline,250,199.818036,0.199818,0.4216965,0.0776793659734211,-0.375,,,-0.375,0.08,log10 Jy^1.5 deg^-2,Jy^1.5 deg^-2,"Euclidean-normalised differential counts S^2.5 dN/dS in log10 units Converted published log10 lower/upper bounds into a conservative symmetric log error with 0.08 dex floor; treat as a P(D) sensitivity constraint, not fully independent bins.",https://arxiv.org/abs/2504.08076
Valiante et al.,2016,H-ATLAS DR1,Table 5 area-weighted GAMA9/12/15,250,244.2,0.2442,0.6394096564531105,0.05061448638449,-0.19422080923944304,,,0.6394096564531105,0.05061448638449,Jy^1.5 deg^-2,Jy^1.5 deg^-2,Area-weighted average of GAMA9/GAMA12/GAMA15 from Valiante Tables 5/8/9. Quoted errors do not include flux-bin correlations; field_scatter is kept as a sanity check. Added as the area-weighted H-ATLAS DR1 GAMA9/GAMA12/GAMA15 curve; use as wide-area bright-end counts.,https://ui.adsabs.harvard.edu/abs/2016MNRAS.462.3146V/abstract
Clements et al.,2010,H-ATLAS,Table 1,250,250.0,0.25,0.33507916176537944,0.09138522593601257,-0.4748525796601194,16.0,1.0,1100.0,300.0,gal sr^-1 Jy^1.5,Jy^1.5 deg^-2,Corrected from Clements H-ATLAS Table 1 actual rows; fluxes are after paper flux correction. Converted from Jy^1.5 sr^-1 to Jy^1.5 deg^-2.,https://arxiv.org/pdf/1005.2409
Valiante et al.,2016,H-ATLAS DR1,Table 5 area-weighted GAMA9/12/15,250,300.0,0.3,1.7561412565769112,0.0974102490926479,0.24455944578681169,,,1.7561412565769112,0.0974102490926479,Jy^1.5 deg^-2,Jy^1.5 deg^-2,Area-weighted average of GAMA9/GAMA12/GAMA15 from Valiante Tables 5/8/9. Quoted errors do not include flux-bin correlations; field_scatter is kept as a sanity check. Added as the area-weighted H-ATLAS DR1 GAMA9/GAMA12/GAMA15 curve; use as wide-area bright-end counts.,https://ui.adsabs.harvard.edu/abs/2016MNRAS.462.3146V/abstract
Clements et al.,2010,H-ATLAS,Table 1,250,350.0,0.35,0.7006200655094297,0.18277045187202515,-0.15451742880075162,14.0,1.0,2300.0,600.0,gal sr^-1 Jy^1.5,Jy^1.5 deg^-2,Corrected from Clements H-ATLAS Table 1 actual rows; fluxes are after paper flux correction. Converted from Jy^1.5 sr^-1 to Jy^1.5 deg^-2.,https://arxiv.org/pdf/1005.2409
Oliver et al.,2010,HerMES,Table 2,250,374.1,0.37410000000000004,0.4432746821390152,0.1394731219698765,-0.35332707294455784,,,17000.0,5348.9251,sr^-1 Jy^-1,Jy^1.5 deg^-2,"Oliver HerMES Table 2 direct differential counts; flux_mjy is S_euc, bin limits kept separately; errors are fractional percentages in table. Raw dN/dS converted from sr^-1 Jy^-1 to deg^-2 Jy^-1, then multiplied by S^2.5.",https://arxiv.org/pdf/1005.2184
Glenn et al.,2010,HerMES SDP,Table 4 P(D) spline no FIRAS,250,408.0,0.408,1.068194672698595,0.659780693366535,0.028650407724699758,,,1.002,0.26824615561084936,log10 deg^-2 Jy^-1,Jy^1.5 deg^-2,Table 4 spline model without FIRAS prior; upper-limit first knot omitted; these are P(D) model-fit constraints rather than simple independent source-count bins. Converted from log10 dN/dS [deg^-2 Jy^-1] to S^2.5 dN/dS [Jy^1.5 deg^-2].,https://arxiv.org/abs/1009.5675
Varnish et al.,2025,SPIRE Dark Field II,Table 4 P(D) best-fit spline,250,449.843267,0.4498433,0.3638596,0.06702541527222211,-0.439,,,-0.439,0.08,log10 Jy^1.5 deg^-2,Jy^1.5 deg^-2,"Euclidean-normalised differential counts S^2.5 dN/dS in log10 units Converted published log10 lower/upper bounds into a conservative symmetric log error with 0.08 dex floor; treat as a P(D) sensitivity constraint, not fully independent bins.",https://arxiv.org/abs/2504.08076
Clements et al.,2010,H-ATLAS,Table 1,250,450.0,0.45,0.3655409037440503,0.18277045187202515,-0.43706401877071965,4.0,1.0,1200.0,600.0,gal sr^-1 Jy^1.5,Jy^1.5 deg^-2,Corrected from Clements H-ATLAS Table 1 actual rows; fluxes are after paper flux correction. Converted from Jy^1.5 sr^-1 to Jy^1.5 deg^-2.,https://arxiv.org/pdf/1005.2409
Clements et al.,2010,H-ATLAS,Table 1,250,800.0,0.8,0.6701583235307589,0.213232193850696,-0.17382258399613823,10.0,1.0,2200.0,700.0,gal sr^-1 Jy^1.5,Jy^1.5 deg^-2,Corrected from Clements H-ATLAS Table 1 actual rows; fluxes are after paper flux correction. Converted from Jy^1.5 sr^-1 to Jy^1.5 deg^-2.,https://arxiv.org/pdf/1005.2409
Glenn et al.,2010,HerMES SDP,Table 4 P(D) spline no FIRAS,250,1000.0,1.0,1.5135612484362082,0.7716573370160494,0.18000000000000002,,,0.18,0.2214158982548453,log10 deg^-2 Jy^-1,Jy^1.5 deg^-2,Table 4 spline model without FIRAS prior; upper-limit first knot omitted; these are P(D) model-fit constraints rather than simple independent source-count bins. Converted from log10 dN/dS [deg^-2 Jy^-1] to S^2.5 dN/dS [Jy^1.5 deg^-2].,https://arxiv.org/abs/1009.5675
Varnish et al.,2025,SPIRE Dark Field II,Table 4 P(D) best-fit spline,250,1000.0,1.0,0.5128614,0.09447256115296453,-0.29,,,-0.29,0.08,log10 Jy^1.5 deg^-2,Jy^1.5 deg^-2,"Euclidean-normalised differential counts S^2.5 dN/dS in log10 units Converted published log10 lower/upper bounds into a conservative symmetric log error with 0.08 dex floor; treat as a P(D) sensitivity constraint, not fully independent bins.",https://arxiv.org/abs/2504.08076
Varnish et al.,2025,SPIRE Dark Field II,Table 4 P(D) best-fit spline,350,0.1,0.0001,1e-15,2.7170504097329747e-14,-15.0,,,-15.0,11.8,log10 Jy^1.5 deg^-2,Jy^1.5 deg^-2,"Euclidean-normalised differential counts S^2.5 dN/dS in log10 units Converted published log10 lower/upper bounds into a conservative symmetric log error with 0.08 dex floor; treat as a P(D) sensitivity constraint, not fully independent bins.",https://arxiv.org/abs/2504.08076
Varnish et al.,2025,SPIRE Dark Field II,Table 4 P(D) best-fit spline,350,0.158489,0.0001584893,0.001513561,0.018505896908426328,-2.82,,,-2.82,5.3100000000000005,log10 Jy^1.5 deg^-2,Jy^1.5 deg^-2,"Euclidean-normalised differential counts S^2.5 dN/dS in log10 units Converted published log10 lower/upper bounds into a conservative symmetric log error with 0.08 dex floor; treat as a P(D) sensitivity constraint, not fully independent bins.",https://arxiv.org/abs/2504.08076
Varnish et al.,2025,SPIRE Dark Field II,Table 4 P(D) best-fit spline,350,0.281838,0.0002818383,19.95262,141.04379851099682,1.3,,,1.3,3.0700000000000003,log10 Jy^1.5 deg^-2,Jy^1.5 deg^-2,"Euclidean-normalised differential counts S^2.5 dN/dS in log10 units Converted published log10 lower/upper bounds into a conservative symmetric log error with 0.08 dex floor; treat as a P(D) sensitivity constraint, not fully independent bins.",https://arxiv.org/abs/2504.08076
Varnish et al.,2025,SPIRE Dark Field II,Table 4 P(D) best-fit spline,350,0.501187,0.0005011872,0.8663189,2.1298191159980155,-0.0623,,,-0.0623,1.0676999999999999,log10 Jy^1.5 deg^-2,Jy^1.5 deg^-2,"Euclidean-normalised differential counts S^2.5 dN/dS in log10 units Converted published log10 lower/upper bounds into a conservative symmetric log error with 0.08 dex floor; treat as a P(D) sensitivity constraint, not fully independent bins.",https://arxiv.org/abs/2504.08076
Varnish et al.,2025,SPIRE Dark Field II,Table 4 P(D) best-fit spline,350,1.0,0.001,0.1258925,0.12087920682283697,-0.9,,,-0.9,0.41700000000000004,log10 Jy^1.5 deg^-2,Jy^1.5 deg^-2,"Euclidean-normalised differential counts S^2.5 dN/dS in log10 units Converted published log10 lower/upper bounds into a conservative symmetric log error with 0.08 dex floor; treat as a P(D) sensitivity constraint, not fully independent bins.",https://arxiv.org/abs/2504.08076
Varnish et al.,2025,SPIRE Dark Field II,Table 4 P(D) best-fit spline,350,1.995262,0.001995262,1.096478,0.6463318777845569,0.04,,,0.04,0.256,log10 Jy^1.5 deg^-2,Jy^1.5 deg^-2,"Euclidean-normalised differential counts S^2.5 dN/dS in log10 units Converted published log10 lower/upper bounds into a conservative symmetric log error with 0.08 dex floor; treat as a P(D) sensitivity constraint, not fully independent bins.",https://arxiv.org/abs/2504.08076
Glenn et al.,2010,HerMES SDP,Table 4 P(D) spline no FIRAS,350,2.0,0.002,2.7075406716902455,1.5056292789402412,0.43257498915995274,,,7.18,0.24150569351466647,log10 deg^-2 Jy^-1,Jy^1.5 deg^-2,Table 4 spline model without FIRAS prior; upper-limit first knot omitted; these are P(D) model-fit constraints rather than simple independent source-count bins. Converted from log10 dN/dS [deg^-2 Jy^-1] to S^2.5 dN/dS [Jy^1.5 deg^-2].,https://arxiv.org/abs/1009.5675
Glenn et al.,2010,HerMES SDP,Table 4 P(D) spline no FIRAS,350,4.3,0.0043,2.107032036660744,1.1084652409815294,0.3236711389489666,,,6.24,0.22847319317591724,log10 deg^-2 Jy^-1,Jy^1.5 deg^-2,Table 4 spline model without FIRAS prior; upper-limit first knot omitted; these are P(D) model-fit constraints rather than simple independent source-count bins. Converted from log10 dN/dS [deg^-2 Jy^-1] to S^2.5 dN/dS [Jy^1.5 deg^-2].,https://arxiv.org/abs/1009.5675
Varnish et al.,2025,SPIRE Dark Field II,Table 4 P(D) best-fit spline,350,5.011872,0.005011872,3.689138,3.7630874950054563,0.567,,,0.567,0.44300000000000006,log10 Jy^1.5 deg^-2,Jy^1.5 deg^-2,"Euclidean-normalised differential counts S^2.5 dN/dS in log10 units Converted published log10 lower/upper bounds into a conservative symmetric log error with 0.08 dex floor; treat as a P(D) sensitivity constraint, not fully independent bins.",https://arxiv.org/abs/2504.08076
Glenn et al.,2010,HerMES SDP,Table 4 P(D) spline no FIRAS,350,9.1,0.0091,5.3530768813482315,1.1741525876567689,0.7286034808027345,,,5.831,0.09525885785584456,log10 deg^-2 Jy^-1,Jy^1.5 deg^-2,Table 4 spline model without FIRAS prior; upper-limit first knot omitted; these are P(D) model-fit constraints rather than simple independent source-count bins. Converted from log10 dN/dS [deg^-2 Jy^-1] to S^2.5 dN/dS [Jy^1.5 deg^-2].,https://arxiv.org/abs/1009.5675
Varnish et al.,2025,SPIRE Dark Field II,Table 4 P(D) best-fit spline,350,10.0,0.01,6.456542,1.9475425943551852,0.81,,,0.81,0.131,log10 Jy^1.5 deg^-2,Jy^1.5 deg^-2,"Euclidean-normalised differential counts S^2.5 dN/dS in log10 units Converted published log10 lower/upper bounds into a conservative symmetric log error with 0.08 dex floor; treat as a P(D) sensitivity constraint, not fully independent bins.",https://arxiv.org/abs/2504.08076
Pearson et al.,2025,SPIRE Dark Field,Table 3 SUSSEXtractor,350,10.8,0.0108,1.1911980597180911,0.24843116577817864,0.07598397734451208,,,12.366,2.579,10^7 mJy^1.5 sr^-1,Jy^1.5 deg^-2,"Pearson Dark Field I Table 3 SUSSEXtractor; differential unit is mJy^1.5 sr^-1 x 10^7. Multiplied by 1e7, converted mJy^1.5 to Jy^1.5 using (1e-3)^1.5, then sr^-1 to deg^-2.",https://academic.oup.com/mnras/article/539/1/336/8108280
Pearson et al.,2025,SPIRE Dark Field,Table 4 XID,350,11.0,0.011,3.795535011241487,0.5928055037607255,0.5792730018528933,,,39.402,6.154,10^7 mJy^1.5 sr^-1,Jy^1.5 deg^-2,"Pearson Dark Field I Table 4 XID simultaneous extraction; differential unit is mJy^1.5 sr^-1 x 10^7. Multiplied by 1e7, converted mJy^1.5 to Jy^1.5 using (1e-3)^1.5, then sr^-1 to deg^-2.",https://academic.oup.com/mnras/article/539/1/336/8108280
Pearson et al.,2025,SPIRE Dark Field,Table 3 SUSSEXtractor,350,12.6,0.0126,1.651070252593246,0.29187531303136144,0.21776555276883489,,,17.14,3.03,10^7 mJy^1.5 sr^-1,Jy^1.5 deg^-2,"Pearson Dark Field I Table 3 SUSSEXtractor; differential unit is mJy^1.5 sr^-1 x 10^7. Multiplied by 1e7, converted mJy^1.5 to Jy^1.5 using (1e-3)^1.5, then sr^-1 to deg^-2.",https://academic.oup.com/mnras/article/539/1/336/8108280
Pearson et al.,2025,SPIRE Dark Field,Table 4 XID,350,13.1,0.013099999999999999,4.3469192659581575,0.7244865443263596,0.6381815742431781,,,45.126,7.521,10^7 mJy^1.5 sr^-1,Jy^1.5 deg^-2,"Pearson Dark Field I Table 4 XID simultaneous extraction; differential unit is mJy^1.5 sr^-1 x 10^7. Multiplied by 1e7, converted mJy^1.5 to Jy^1.5 using (1e-3)^1.5, then sr^-1 to deg^-2.",https://academic.oup.com/mnras/article/539/1/336/8108280
Pearson et al.,2025,SPIRE Dark Field,Table 3 SUSSEXtractor,350,14.7,0.0147,3.8949460089472177,0.4301066906551251,0.5905014419370015,,,40.434,4.465,10^7 mJy^1.5 sr^-1,Jy^1.5 deg^-2,"Pearson Dark Field I Table 3 SUSSEXtractor; differential unit is mJy^1.5 sr^-1 x 10^7. Multiplied by 1e7, converted mJy^1.5 to Jy^1.5 using (1e-3)^1.5, then sr^-1 to deg^-2.",https://academic.oup.com/mnras/article/539/1/336/8108280
Pearson et al.,2025,SPIRE Dark Field,Table 4 XID,350,15.6,0.0156,5.354707888048621,0.9182994584580756,0.7287357840252328,,,55.588,9.533,10^7 mJy^1.5 sr^-1,Jy^1.5 deg^-2,"Pearson Dark Field I Table 4 XID simultaneous extraction; differential unit is mJy^1.5 sr^-1 x 10^7. Multiplied by 1e7, converted mJy^1.5 to Jy^1.5 using (1e-3)^1.5, then sr^-1 to deg^-2.",https://academic.oup.com/mnras/article/539/1/336/8108280
Pearson et al.,2025,SPIRE Dark Field,Table 3 SUSSEXtractor,350,17.2,0.0172,4.143666160183844,0.4392578968392766,0.6173847586507184,,,43.016,4.56,10^7 mJy^1.5 sr^-1,Jy^1.5 deg^-2,"Pearson Dark Field I Table 3 SUSSEXtractor; differential unit is mJy^1.5 sr^-1 x 10^7. Multiplied by 1e7, converted mJy^1.5 to Jy^1.5 using (1e-3)^1.5, then sr^-1 to deg^-2.",https://academic.oup.com/mnras/article/539/1/336/8108280
Pearson et al.,2025,SPIRE Dark Field,Table 4 XID,350,18.7,0.018699999999999998,7.395137881655979,1.2325229802759967,0.8689462757885034,,,76.77,12.795,10^7 mJy^1.5 sr^-1,Jy^1.5 deg^-2,"Pearson Dark Field I Table 4 XID simultaneous extraction; differential unit is mJy^1.5 sr^-1 x 10^7. Multiplied by 1e7, converted mJy^1.5 to Jy^1.5 using (1e-3)^1.5, then sr^-1 to deg^-2.",https://academic.oup.com/mnras/article/539/1/336/8108280
Glenn et al.,2010,HerMES SDP,Table 4 P(D) spline no FIRAS,350,19.5,0.0195,4.831550557897798,0.6924398048353146,0.6840865284062946,,,4.959,0.06224146527838174,log10 deg^-2 Jy^-1,Jy^1.5 deg^-2,Table 4 spline model without FIRAS prior; upper-limit first knot omitted; these are P(D) model-fit constraints rather than simple independent source-count bins. Converted from log10 dN/dS [deg^-2 Jy^-1] to S^2.5 dN/dS [Jy^1.5 deg^-2].,https://arxiv.org/abs/1009.5675
Varnish et al.,2025,SPIRE Dark Field II,Table 4 P(D) best-fit spline,350,19.952623,0.01995262,6.441677,2.8626743207779444,0.809,,,0.809,0.19300000000000006,log10 Jy^1.5 deg^-2,Jy^1.5 deg^-2,"Euclidean-normalised differential counts S^2.5 dN/dS in log10 units Converted published log10 lower/upper bounds into a conservative symmetric log error with 0.08 dex floor; treat as a P(D) sensitivity constraint, not fully independent bins.",https://arxiv.org/abs/2504.08076
Pearson et al.,2025,SPIRE Dark Field,Table 3 SUSSEXtractor,350,20.0,0.02,5.516154430834284,0.5121785608540426,0.7416364162275846,,,57.264,5.317,10^7 mJy^1.5 sr^-1,Jy^1.5 deg^-2,"Pearson Dark Field I Table 3 SUSSEXtractor; differential unit is mJy^1.5 sr^-1 x 10^7. Multiplied by 1e7, converted mJy^1.5 to Jy^1.5 using (1e-3)^1.5, then sr^-1 to deg^-2.",https://academic.oup.com/mnras/article/539/1/336/8108280
Pearson et al.,2025,SPIRE Dark Field,Table 4 XID,350,22.3,0.0223,6.162518572893834,1.284925676741033,0.7897582411847834,,,63.974,13.339,10^7 mJy^1.5 sr^-1,Jy^1.5 deg^-2,"Pearson Dark Field I Table 4 XID simultaneous extraction; differential unit is mJy^1.5 sr^-1 x 10^7. Multiplied by 1e7, converted mJy^1.5 to Jy^1.5 using (1e-3)^1.5, then sr^-1 to deg^-2.",https://academic.oup.com/mnras/article/539/1/336/8108280
Pearson et al.,2025,SPIRE Dark Field,Table 3 SUSSEXtractor,350,23.3,0.0233,4.553062226316941,0.4799085179941396,0.6583035858147579,,,47.266,4.982,10^7 mJy^1.5 sr^-1,Jy^1.5 deg^-2,"Pearson Dark Field I Table 3 SUSSEXtractor; differential unit is mJy^1.5 sr^-1 x 10^7. Multiplied by 1e7, converted mJy^1.5 to Jy^1.5 using (1e-3)^1.5, then sr^-1 to deg^-2.",https://academic.oup.com/mnras/article/539/1/336/8108280
Oliver et al.,2010,HerMES,Table 2,350,23.8,0.0238,2.9281263512382023,1.6828449238811323,0.46658981298116053,,,110000000.0,63218905.0,sr^-1 Jy^-1,Jy^1.5 deg^-2,"Oliver HerMES Table 2 direct differential counts; flux_mjy is S_euc, bin limits kept separately; errors are fractional percentages in table. Raw dN/dS converted from sr^-1 Jy^-1 to deg^-2 Jy^-1, then multiplied by S^2.5.",https://arxiv.org/pdf/1005.2184
Valiante et al.,2016,H-ATLAS DR1,Table 8 area-weighted GAMA9/12/15,350,25.4,0.0254,4.2325262766945215,0.0263826919629859,0.6265996630096815,,,4.2325262766945215,0.0263826919629859,Jy^1.5 deg^-2,Jy^1.5 deg^-2,Area-weighted average of GAMA9/GAMA12/GAMA15 from Valiante Tables 5/8/9. Quoted errors do not include flux-bin correlations; field_scatter is kept as a sanity check. Added as the area-weighted H-ATLAS DR1 GAMA9/GAMA12/GAMA15 curve; use as wide-area bright-end counts.,https://ui.adsabs.harvard.edu/abs/2016MNRAS.462.3146V/abstract
Pearson et al.,2025,SPIRE Dark Field,Table 4 XID,350,26.6,0.026600000000000002,5.2420998877404825,1.3535115588790958,0.7195052921316025,,,54.419,14.051,10^7 mJy^1.5 sr^-1,Jy^1.5 deg^-2,"Pearson Dark Field I Table 4 XID simultaneous extraction; differential unit is mJy^1.5 sr^-1 x 10^7. Multiplied by 1e7, converted mJy^1.5 to Jy^1.5 using (1e-3)^1.5, then sr^-1 to deg^-2.",https://academic.oup.com/mnras/article/539/1/336/8108280
Pearson et al.,2025,SPIRE Dark Field,Table 3 SUSSEXtractor,350,27.2,0.0272,6.283988793927678,0.5937687886222152,0.7982354019026727,,,65.235,6.164,10^7 mJy^1.5 sr^-1,Jy^1.5 deg^-2,"Pearson Dark Field I Table 3 SUSSEXtractor; differential unit is mJy^1.5 sr^-1 x 10^7. Multiplied by 1e7, converted mJy^1.5 to Jy^1.5 using (1e-3)^1.5, then sr^-1 to deg^-2.",https://academic.oup.com/mnras/article/539/1/336/8108280
Valiante et al.,2016,H-ATLAS DR1,Table 8 area-weighted GAMA9/12/15,350,31.2,0.0312,4.454462209842154,0.0362794901526659,0.6487952788787766,,,4.454462209842154,0.0362794901526659,Jy^1.5 deg^-2,Jy^1.5 deg^-2,Area-weighted average of GAMA9/GAMA12/GAMA15 from Valiante Tables 5/8/9. Quoted errors do not include flux-bin correlations; field_scatter is kept as a sanity check. Added as the area-weighted H-ATLAS DR1 GAMA9/GAMA12/GAMA15 curve; use as wide-area bright-end counts.,https://ui.adsabs.harvard.edu/abs/2016MNRAS.462.3146V/abstract
Pearson et al.,2025,SPIRE Dark Field,Table 3 SUSSEXtractor,350,31.7,0.0317,6.6296154022301605,0.6469421129764434,0.8214883348099103,,,68.823,6.716,10^7 mJy^1.5 sr^-1,Jy^1.5 deg^-2,"Pearson Dark Field I Table 3 SUSSEXtractor; differential unit is mJy^1.5 sr^-1 x 10^7. Multiplied by 1e7, converted mJy^1.5 to Jy^1.5 using (1e-3)^1.5, then sr^-1 to deg^-2.",https://academic.oup.com/mnras/article/539/1/336/8108280
Pearson et al.,2025,SPIRE Dark Field,Table 4 XID,350,31.7,0.0317,5.469916757482782,1.5790165449538207,0.7379807171851731,,,56.784,16.392,10^7 mJy^1.5 sr^-1,Jy^1.5 deg^-2,"Pearson Dark Field I Table 4 XID simultaneous extraction; differential unit is mJy^1.5 sr^-1 x 10^7. Multiplied by 1e7, converted mJy^1.5 to Jy^1.5 using (1e-3)^1.5, then sr^-1 to deg^-2.",https://academic.oup.com/mnras/article/539/1/336/8108280
Pearson et al.,2025,SPIRE Dark Field,Table 3 SUSSEXtractor,350,37.0,0.037,5.7250909172913875,0.6524328366869343,0.7577823878790763,,,59.433,6.773,10^7 mJy^1.5 sr^-1,Jy^1.5 deg^-2,"Pearson Dark Field I Table 3 SUSSEXtractor; differential unit is mJy^1.5 sr^-1 x 10^7. Multiplied by 1e7, converted mJy^1.5 to Jy^1.5 using (1e-3)^1.5, then sr^-1 to deg^-2.",https://academic.oup.com/mnras/article/539/1/336/8108280
Oliver et al.,2010,HerMES,Table 2,350,37.5,0.0375,2.9033603988012318,1.138250582048965,0.46290094885122823,,,35000000.0,13721607.0,sr^-1 Jy^-1,Jy^1.5 deg^-2,"Oliver HerMES Table 2 direct differential counts; flux_mjy is S_euc, bin limits kept separately; errors are fractional percentages in table. Raw dN/dS converted from sr^-1 Jy^-1 to deg^-2 Jy^-1, then multiplied by S^2.5.",https://arxiv.org/pdf/1005.2184
Pearson et al.,2025,SPIRE Dark Field,Table 4 XID,350,37.9,0.037899999999999996,4.756315332091256,1.6816063827024677,0.6772706395647098,,,49.376,17.457,10^7 mJy^1.5 sr^-1,Jy^1.5 deg^-2,"Pearson Dark Field I Table 4 XID simultaneous extraction; differential unit is mJy^1.5 sr^-1 x 10^7. Multiplied by 1e7, converted mJy^1.5 to Jy^1.5 using (1e-3)^1.5, then sr^-1 to deg^-2.",https://academic.oup.com/mnras/article/539/1/336/8108280
Clements et al.,2010,H-ATLAS,Table 1,350,38.0,0.038,3.9600264572272112,0.16753958088268972,0.5976980874884923,594.0,1.0,13000.0,550.0,gal sr^-1 Jy^1.5,Jy^1.5 deg^-2,Corrected from Clements H-ATLAS Table 1 actual rows; fluxes are after paper flux correction. Converted from Jy^1.5 sr^-1 to Jy^1.5 deg^-2.,https://arxiv.org/pdf/1005.2409
Valiante et al.,2016,H-ATLAS DR1,Table 8 area-weighted GAMA9/12/15,350,38.3,0.0382999999999999,4.284836830702568,0.0446373338162733,0.6319342883654626,,,4.284836830702568,0.0446373338162733,Jy^1.5 deg^-2,Jy^1.5 deg^-2,Area-weighted average of GAMA9/GAMA12/GAMA15 from Valiante Tables 5/8/9. Quoted errors do not include flux-bin correlations; field_scatter is kept as a sanity check. Added as the area-weighted H-ATLAS DR1 GAMA9/GAMA12/GAMA15 curve; use as wide-area bright-end counts.,https://ui.adsabs.harvard.edu/abs/2016MNRAS.462.3146V/abstract
Clements et al.,2010,H-ATLAS,Table 1,350,41.0,0.041,3.3507916176537944,0.12184696791468343,0.5251474203398806,669.0,1.0,11000.0,400.0,gal sr^-1 Jy^1.5,Jy^1.5 deg^-2,Corrected from Clements H-ATLAS Table 1 actual rows; fluxes are after paper flux correction. Converted from Jy^1.5 sr^-1 to Jy^1.5 deg^-2.,https://arxiv.org/pdf/1005.2409
Glenn et al.,2010,HerMES SDP,Table 4 P(D) spline no FIRAS,350,41.8,0.0418,2.5231362574025935,0.40477852431757344,0.4019407044375881,,,3.849,0.06967244792599153,log10 deg^-2 Jy^-1,Jy^1.5 deg^-2,Table 4 spline model without FIRAS prior; upper-limit first knot omitted; these are P(D) model-fit constraints rather than simple independent source-count bins. Converted from log10 dN/dS [deg^-2 Jy^-1] to S^2.5 dN/dS [Jy^1.5 deg^-2].,https://arxiv.org/abs/1009.5675
Pearson et al.,2025,SPIRE Dark Field,Table 3 SUSSEXtractor,350,43.1,0.0431,3.9293352785023976,0.5923238613299807,0.594319087450416,,,40.791,6.149,10^7 mJy^1.5 sr^-1,Jy^1.5 deg^-2,"Pearson Dark Field I Table 3 SUSSEXtractor; differential unit is mJy^1.5 sr^-1 x 10^7. Multiplied by 1e7, converted mJy^1.5 to Jy^1.5 using (1e-3)^1.5, then sr^-1 to deg^-2.",https://academic.oup.com/mnras/article/539/1/336/8108280
Varnish et al.,2025,SPIRE Dark Field II,Table 4 P(D) best-fit spline,350,44.668359,0.04466836,2.046968,0.3770654402108669,0.311,,,0.311,0.08,log10 Jy^1.5 deg^-2,Jy^1.5 deg^-2,"Euclidean-normalised differential counts S^2.5 dN/dS in log10 units Converted published log10 lower/upper bounds into a conservative symmetric log error with 0.08 dex floor; treat as a P(D) sensitivity constraint, not fully independent bins.",https://arxiv.org/abs/2504.08076
Pearson et al.,2025,SPIRE Dark Field,Table 4 XID,350,45.2,0.045200000000000004,3.8774142244681062,1.7340090791675042,0.5885421991994477,,,40.252,18.001,10^7 mJy^1.5 sr^-1,Jy^1.5 deg^-2,"Pearson Dark Field I Table 4 XID simultaneous extraction; differential unit is mJy^1.5 sr^-1 x 10^7. Multiplied by 1e7, converted mJy^1.5 to Jy^1.5 using (1e-3)^1.5, then sr^-1 to deg^-2.",https://academic.oup.com/mnras/article/539/1/336/8108280
Clements et al.,2010,H-ATLAS,Table 1,350,46.0,0.046,2.8634037459950603,0.13707783890401887,0.4568825887813541,458.0,1.0,9400.0,450.0,gal sr^-1 Jy^1.5,Jy^1.5 deg^-2,Corrected from Clements H-ATLAS Table 1 actual rows; fluxes are after paper flux correction. Converted from Jy^1.5 sr^-1 to Jy^1.5 deg^-2.,https://arxiv.org/pdf/1005.2409
Valiante et al.,2016,H-ATLAS DR1,Table 8 area-weighted GAMA9/12/15,350,47.0,0.047,2.739125100588053,0.0427098827558586,0.43761186768819704,,,2.739125100588053,0.0427098827558586,Jy^1.5 deg^-2,Jy^1.5 deg^-2,Area-weighted average of GAMA9/GAMA12/GAMA15 from Valiante Tables 5/8/9. Quoted errors do not include flux-bin correlations; field_scatter is kept as a sanity check. Added as the area-weighted H-ATLAS DR1 GAMA9/GAMA12/GAMA15 curve; use as wide-area bright-end counts.,https://ui.adsabs.harvard.edu/abs/2016MNRAS.462.3146V/abstract
Clements et al.,2010,H-ATLAS,Table 1,350,50.0,0.05,2.0104749705922766,0.12184696791468343,0.30329867072352423,256.0,1.0,6600.0,400.0,gal sr^-1 Jy^1.5,Jy^1.5 deg^-2,Corrected from Clements H-ATLAS Table 1 actual rows; fluxes are after paper flux correction. Converted from Jy^1.5 sr^-1 to Jy^1.5 deg^-2.,https://arxiv.org/pdf/1005.2409
Pearson et al.,2025,SPIRE Dark Field,Table 3 SUSSEXtractor,350,50.3,0.0503,2.497316003411896,0.5207517961213004,0.3974735002427341,,,25.925,5.406,10^7 mJy^1.5 sr^-1,Jy^1.5 deg^-2,"Pearson Dark Field I Table 3 SUSSEXtractor; differential unit is mJy^1.5 sr^-1 x 10^7. Multiplied by 1e7, converted mJy^1.5 to Jy^1.5 using (1e-3)^1.5, then sr^-1 to deg^-2.",https://academic.oup.com/mnras/article/539/1/336/8108280
Pearson et al.,2025,SPIRE Dark Field,Table 4 XID,350,54.0,0.054,2.0228982091282477,1.430478019312118,0.3059740299155748,,,21.0,14.85,10^7 mJy^1.5 sr^-1,Jy^1.5 deg^-2,"Pearson Dark Field I Table 4 XID simultaneous extraction; differential unit is mJy^1.5 sr^-1 x 10^7. Multiplied by 1e7, converted mJy^1.5 to Jy^1.5 using (1e-3)^1.5, then sr^-1 to deg^-2.",https://academic.oup.com/mnras/article/539/1/336/8108280
Clements et al.,2010,H-ATLAS,Table 1,350,55.0,0.055,1.5230870989335428,0.12184696791468343,0.18272473951767432,158.0,1.0,5000.0,400.0,gal sr^-1 Jy^1.5,Jy^1.5 deg^-2,Corrected from Clements H-ATLAS Table 1 actual rows; fluxes are after paper flux correction. Converted from Jy^1.5 sr^-1 to Jy^1.5 deg^-2.,https://arxiv.org/pdf/1005.2409
Valiante et al.,2016,H-ATLAS DR1,Table 8 area-weighted GAMA9/12/15,350,57.8,0.0578,1.279208604147323,0.0378740025950716,0.10694137187727842,,,1.279208604147323,0.0378740025950716,Jy^1.5 deg^-2,Jy^1.5 deg^-2,Area-weighted average of GAMA9/GAMA12/GAMA15 from Valiante Tables 5/8/9. Quoted errors do not include flux-bin correlations; field_scatter is kept as a sanity check. Added as the area-weighted H-ATLAS DR1 GAMA9/GAMA12/GAMA15 curve; use as wide-area bright-end counts.,https://ui.adsabs.harvard.edu/abs/2016MNRAS.462.3146V/abstract
Pearson et al.,2025,SPIRE Dark Field,Table 3 SUSSEXtractor,350,58.6,0.0586,2.022512895183652,0.5221967234135347,0.30589129927775854,,,20.996,5.421,10^7 mJy^1.5 sr^-1,Jy^1.5 deg^-2,"Pearson Dark Field I Table 3 SUSSEXtractor; differential unit is mJy^1.5 sr^-1 x 10^7. Multiplied by 1e7, converted mJy^1.5 to Jy^1.5 using (1e-3)^1.5, then sr^-1 to deg^-2.",https://academic.oup.com/mnras/article/539/1/336/8108280
Oliver et al.,2010,HerMES,Table 2,350,58.9,0.0589,1.3593110324908195,0.7942378959552622,0.13331884175019867,,,5300000.0,3096760.6,sr^-1 Jy^-1,Jy^1.5 deg^-2,"Oliver HerMES Table 2 direct differential counts; flux_mjy is S_euc, bin limits kept separately; errors are fractional percentages in table. Raw dN/dS converted from sr^-1 Jy^-1 to deg^-2 Jy^-1, then multiplied by S^2.5.",https://arxiv.org/pdf/1005.2184
Clements et al.,2010,H-ATLAS,Table 1,350,61.0,0.061,1.279393163104176,0.09138522593601257,0.10700402557955598,195.0,1.0,4200.0,300.0,gal sr^-1 Jy^1.5,Jy^1.5 deg^-2,Corrected from Clements H-ATLAS Table 1 actual rows; fluxes are after paper flux correction. Converted from Jy^1.5 sr^-1 to Jy^1.5 deg^-2.,https://arxiv.org/pdf/1005.2409
Pearson et al.,2025,SPIRE Dark Field,Table 3 SUSSEXtractor,350,68.3,0.0683,1.6978858968616426,0.5369349817943263,0.22990850096775617,,,17.626,5.574,10^7 mJy^1.5 sr^-1,Jy^1.5 deg^-2,"Pearson Dark Field I Table 3 SUSSEXtractor; differential unit is mJy^1.5 sr^-1 x 10^7. Multiplied by 1e7, converted mJy^1.5 to Jy^1.5 using (1e-3)^1.5, then sr^-1 to deg^-2.",https://academic.oup.com/mnras/article/539/1/336/8108280
Clements et al.,2010,H-ATLAS,Table 1,350,71.0,0.071,0.852928775402784,0.09138522593601257,-0.06908723347612525,92.0,1.0,2800.0,300.0,gal sr^-1 Jy^1.5,Jy^1.5 deg^-2,Corrected from Clements H-ATLAS Table 1 actual rows; fluxes are after paper flux correction. Converted from Jy^1.5 sr^-1 to Jy^1.5 deg^-2.,https://arxiv.org/pdf/1005.2409
Valiante et al.,2016,H-ATLAS DR1,Table 8 area-weighted GAMA9/12/15,350,71.0,0.071,0.80396849272671,0.0389594791144648,-0.09476097078270661,,,0.80396849272671,0.0389594791144648,Jy^1.5 deg^-2,Jy^1.5 deg^-2,Area-weighted average of GAMA9/GAMA12/GAMA15 from Valiante Tables 5/8/9. Quoted errors do not include flux-bin correlations; field_scatter is kept as a sanity check. Added as the area-weighted H-ATLAS DR1 GAMA9/GAMA12/GAMA15 curve; use as wide-area bright-end counts.,https://ui.adsabs.harvard.edu/abs/2016MNRAS.462.3146V/abstract
Pearson et al.,2025,SPIRE Dark Field,Table 3 SUSSEXtractor,350,79.7,0.07970000000000001,1.2788569821136484,0.5221003949273859,0.10682197891822187,,,13.276,5.42,10^7 mJy^1.5 sr^-1,Jy^1.5 deg^-2,"Pearson Dark Field I Table 3 SUSSEXtractor; differential unit is mJy^1.5 sr^-1 x 10^7. Multiplied by 1e7, converted mJy^1.5 to Jy^1.5 using (1e-3)^1.5, then sr^-1 to deg^-2.",https://academic.oup.com/mnras/article/539/1/336/8108280
Clements et al.,2010,H-ATLAS,Table 1,350,82.0,0.082,0.6092348395734172,0.09138522593601257,-0.21521526915436326,43.0,1.0,2000.0,300.0,gal sr^-1 Jy^1.5,Jy^1.5 deg^-2,Corrected from Clements H-ATLAS Table 1 actual rows; fluxes are after paper flux correction. Converted from Jy^1.5 sr^-1 to Jy^1.5 deg^-2.,https://arxiv.org/pdf/1005.2409
Oliver et al.,2010,HerMES,Table 2,350,85.9,0.0859,0.724653392834295,0.41533450579250375,-0.13986967008201362,,,1100000.0,630464.11,sr^-1 Jy^-1,Jy^1.5 deg^-2,"Oliver HerMES Table 2 direct differential counts; flux_mjy is S_euc, bin limits kept separately; errors are fractional percentages in table. Raw dN/dS converted from sr^-1 Jy^-1 to deg^-2 Jy^-1, then multiplied by S^2.5.",https://arxiv.org/pdf/1005.2184
Valiante et al.,2016,H-ATLAS DR1,Table 8 area-weighted GAMA9/12/15,350,87.2,0.0872,0.5089033116682142,0.0319587324967989,-0.2933647229633104,,,0.5089033116682142,0.0319587324967989,Jy^1.5 deg^-2,Jy^1.5 deg^-2,Area-weighted average of GAMA9/GAMA12/GAMA15 from Valiante Tables 5/8/9. Quoted errors do not include flux-bin correlations; field_scatter is kept as a sanity check. Added as the area-weighted H-ATLAS DR1 GAMA9/GAMA12/GAMA15 curve; use as wide-area bright-end counts.,https://ui.adsabs.harvard.edu/abs/2016MNRAS.462.3146V/abstract
Glenn et al.,2010,HerMES SDP,Table 4 P(D) spline no FIRAS,350,89.3,0.08929999999999999,0.30699312323501265,0.091624559946712,-0.5128713527786342,,,2.11,0.12961867149450346,log10 deg^-2 Jy^-1,Jy^1.5 deg^-2,Table 4 spline model without FIRAS prior; upper-limit first knot omitted; these are P(D) model-fit constraints rather than simple independent source-count bins. Converted from log10 dN/dS [deg^-2 Jy^-1] to S^2.5 dN/dS [Jy^1.5 deg^-2].,https://arxiv.org/abs/1009.5675
Clements et al.,2010,H-ATLAS,Table 1,350,91.0,0.091,0.27415567780803773,0.07615435494667715,-0.5620027553790196,16.0,1.0,900.0,250.0,gal sr^-1 Jy^1.5,Jy^1.5 deg^-2,Corrected from Clements H-ATLAS Table 1 actual rows; fluxes are after paper flux correction. Converted from Jy^1.5 sr^-1 to Jy^1.5 deg^-2.,https://arxiv.org/pdf/1005.2409
Pearson et al.,2025,SPIRE Dark Field,Table 3 SUSSEXtractor,350,92.9,0.09290000000000001,0.8011640193009352,0.4625693904873259,-0.09627856333495725,,,8.317,4.802,10^7 mJy^1.5 sr^-1,Jy^1.5 deg^-2,"Pearson Dark Field I Table 3 SUSSEXtractor; differential unit is mJy^1.5 sr^-1 x 10^7. Multiplied by 1e7, converted mJy^1.5 to Jy^1.5 using (1e-3)^1.5, then sr^-1 to deg^-2.",https://academic.oup.com/mnras/article/539/1/336/8108280
Varnish et al.,2025,SPIRE Dark Field II,Table 4 P(D) best-fit spline,350,100.0,0.1,0.2148484,0.03957653784748976,-0.668,,,-0.668,0.08,log10 Jy^1.5 deg^-2,Jy^1.5 deg^-2,"Euclidean-normalised differential counts S^2.5 dN/dS in log10 units Converted published log10 lower/upper bounds into a conservative symmetric log error with 0.08 dex floor; treat as a P(D) sensitivity constraint, not fully independent bins.",https://arxiv.org/abs/2504.08076
Valiante et al.,2016,H-ATLAS DR1,Table 8 area-weighted GAMA9/12/15,350,107.2,0.1072,0.330435221293717,0.0246545046617612,-0.48091366716808776,,,0.330435221293717,0.0246545046617612,Jy^1.5 deg^-2,Jy^1.5 deg^-2,Area-weighted average of GAMA9/GAMA12/GAMA15 from Valiante Tables 5/8/9. Quoted errors do not include flux-bin correlations; field_scatter is kept as a sanity check. Added as the area-weighted H-ATLAS DR1 GAMA9/GAMA12/GAMA15 curve; use as wide-area bright-end counts.,https://ui.adsabs.harvard.edu/abs/2016MNRAS.462.3146V/abstract
Clements et al.,2010,H-ATLAS,Table 1,350,125.0,0.125,0.213232193850696,0.04569261296800629,-0.6711472248040876,27.0,1.0,700.0,150.0,gal sr^-1 Jy^1.5,Jy^1.5 deg^-2,Corrected from Clements H-ATLAS Table 1 actual rows; fluxes are after paper flux correction. Converted from Jy^1.5 sr^-1 to Jy^1.5 deg^-2.,https://arxiv.org/pdf/1005.2409
Valiante et al.,2016,H-ATLAS DR1,Table 8 area-weighted GAMA9/12/15,350,131.7,0.1316999999999999,0.1976277932528628,0.0199092615155459,-0.7041519787385102,,,0.1976277932528628,0.0199092615155459,Jy^1.5 deg^-2,Jy^1.5 deg^-2,Area-weighted average of GAMA9/GAMA12/GAMA15 from Valiante Tables 5/8/9. Quoted errors do not include flux-bin correlations; field_scatter is kept as a sanity check. Added as the area-weighted H-ATLAS DR1 GAMA9/GAMA12/GAMA15 curve; use as wide-area bright-end counts.,https://ui.adsabs.harvard.edu/abs/2016MNRAS.462.3146V/abstract
Valiante et al.,2016,H-ATLAS DR1,Table 8 area-weighted GAMA9/12/15,350,161.8,0.1618,0.1870807799442896,0.0210568468610109,-0.727970828175576,,,0.1870807799442896,0.0210568468610109,Jy^1.5 deg^-2,Jy^1.5 deg^-2,Area-weighted average of GAMA9/GAMA12/GAMA15 from Valiante Tables 5/8/9. Quoted errors do not include flux-bin correlations; field_scatter is kept as a sanity check. Added as the area-weighted H-ATLAS DR1 GAMA9/GAMA12/GAMA15 curve; use as wide-area bright-end counts.,https://ui.adsabs.harvard.edu/abs/2016MNRAS.462.3146V/abstract
Oliver et al.,2010,HerMES,Table 2,350,166.2,0.1662,0.21267868838301185,0.06789082095432974,-0.6722760266998602,,,62000.0,19791.503,sr^-1 Jy^-1,Jy^1.5 deg^-2,"Oliver HerMES Table 2 direct differential counts; flux_mjy is S_euc, bin limits kept separately; errors are fractional percentages in table. Raw dN/dS converted from sr^-1 Jy^-1 to deg^-2 Jy^-1, then multiplied by S^2.5.",https://arxiv.org/pdf/1005.2184
Clements et al.,2010,H-ATLAS,Table 1,350,175.0,0.175,0.1523087098933543,0.06092348395734171,-0.8172752604823257,8.0,1.0,500.0,200.0,gal sr^-1 Jy^1.5,Jy^1.5 deg^-2,Corrected from Clements H-ATLAS Table 1 actual rows; fluxes are after paper flux correction. Converted from Jy^1.5 sr^-1 to Jy^1.5 deg^-2.,https://arxiv.org/pdf/1005.2409
Glenn et al.,2010,HerMES SDP,Table 4 P(D) spline no FIRAS,350,191.0,0.191,0.14540636514328986,0.06374602552090373,-0.8374165818806812,,,0.96,0.1903943276465977,log10 deg^-2 Jy^-1,Jy^1.5 deg^-2,Table 4 spline model without FIRAS prior; upper-limit first knot omitted; these are P(D) model-fit constraints rather than simple independent source-count bins. Converted from log10 dN/dS [deg^-2 Jy^-1] to S^2.5 dN/dS [Jy^1.5 deg^-2].,https://arxiv.org/abs/1009.5675
Valiante et al.,2016,H-ATLAS DR1,Table 8 area-weighted GAMA9/12/15,350,198.7,0.1987,0.1524872175796967,0.0216149721446238,-0.8167665600369998,,,0.1524872175796967,0.0216149721446238,Jy^1.5 deg^-2,Jy^1.5 deg^-2,Area-weighted average of GAMA9/GAMA12/GAMA15 from Valiante Tables 5/8/9. Quoted errors do not include flux-bin correlations; field_scatter is kept as a sanity check. Added as the area-weighted H-ATLAS DR1 GAMA9/GAMA12/GAMA15 curve; use as wide-area bright-end counts.,https://ui.adsabs.harvard.edu/abs/2016MNRAS.462.3146V/abstract
Varnish et al.,2025,SPIRE Dark Field II,Table 4 P(D) best-fit spline,350,199.818036,0.199818,0.1368312,0.025205238510118952,-0.864,,,-0.864,0.08,log10 Jy^1.5 deg^-2,Jy^1.5 deg^-2,"Euclidean-normalised differential counts S^2.5 dN/dS in log10 units Converted published log10 lower/upper bounds into a conservative symmetric log error with 0.08 dex floor; treat as a P(D) sensitivity constraint, not fully independent bins.",https://arxiv.org/abs/2504.08076
Valiante et al.,2016,H-ATLAS DR1,Table 8 area-weighted GAMA9/12/15,350,244.2,0.2442,0.1919508511296812,0.0277852720573782,-0.716809957836212,,,0.1919508511296812,0.0277852720573782,Jy^1.5 deg^-2,Jy^1.5 deg^-2,Area-weighted average of GAMA9/GAMA12/GAMA15 from Valiante Tables 5/8/9. Quoted errors do not include flux-bin correlations; field_scatter is kept as a sanity check. Added as the area-weighted H-ATLAS DR1 GAMA9/GAMA12/GAMA15 curve; use as wide-area bright-end counts.,https://ui.adsabs.harvard.edu/abs/2016MNRAS.462.3146V/abstract
Clements et al.,2010,H-ATLAS,Table 1,350,250.0,0.25,0.18277045187202515,0.06092348395734171,-0.7380940144347008,8.0,1.0,600.0,200.0,gal sr^-1 Jy^1.5,Jy^1.5 deg^-2,Corrected from Clements H-ATLAS Table 1 actual rows; fluxes are after paper flux correction. Converted from Jy^1.5 sr^-1 to Jy^1.5 deg^-2.,https://arxiv.org/pdf/1005.2409
Valiante et al.,2016,H-ATLAS DR1,Table 8 area-weighted GAMA9/12/15,350,300.0,0.3,0.4858830083565459,0.0516975033553058,-0.3134682882307165,,,0.4858830083565459,0.0516975033553058,Jy^1.5 deg^-2,Jy^1.5 deg^-2,Area-weighted average of GAMA9/GAMA12/GAMA15 from Valiante Tables 5/8/9. Quoted errors do not include flux-bin correlations; field_scatter is kept as a sanity check. Added as the area-weighted H-ATLAS DR1 GAMA9/GAMA12/GAMA15 curve; use as wide-area bright-end counts.,https://ui.adsabs.harvard.edu/abs/2016MNRAS.462.3146V/abstract
Oliver et al.,2010,HerMES,Table 2,350,374.1,0.37410000000000004,0.12255241212078656,0.18476579733665255,-0.9116781363871143,,,4700.0,7085.9417,sr^-1 Jy^-1,Jy^1.5 deg^-2,"Oliver HerMES Table 2 direct differential counts; flux_mjy is S_euc, bin limits kept separately; errors are fractional percentages in table. Raw dN/dS converted from sr^-1 Jy^-1 to deg^-2 Jy^-1, then multiplied by S^2.5.",https://arxiv.org/pdf/1005.2184
Varnish et al.,2025,SPIRE Dark Field II,Table 4 P(D) best-fit spline,350,449.843267,0.4498433,0.1241999,0.022878467063308094,-0.906,,,-0.906,0.08,log10 Jy^1.5 deg^-2,Jy^1.5 deg^-2,"Euclidean-normalised differential counts S^2.5 dN/dS in log10 units Converted published log10 lower/upper bounds into a conservative symmetric log error with 0.08 dex floor; treat as a P(D) sensitivity constraint, not fully independent bins.",https://arxiv.org/abs/2504.08076
Clements et al.,2010,H-ATLAS,Table 1,350,700.0,0.7,0.24369393582936685,0.09138522593601257,-0.6131552778264009,7.0,1.0,800.0,300.0,gal sr^-1 Jy^1.5,Jy^1.5 deg^-2,Corrected from Clements H-ATLAS Table 1 actual rows; fluxes are after paper flux correction. Converted from Jy^1.5 sr^-1 to Jy^1.5 deg^-2.,https://arxiv.org/pdf/1005.2409
Glenn et al.,2010,HerMES SDP,Table 4 P(D) spline no FIRAS,350,1000.0,1.0,0.004570881896148752,0.019950064186312462,-2.34,,,-2.34,1.895521036549054,log10 deg^-2 Jy^-1,Jy^1.5 deg^-2,Table 4 spline model without FIRAS prior; upper-limit first knot omitted; these are P(D) model-fit constraints rather than simple independent source-count bins. Converted from log10 dN/dS [deg^-2 Jy^-1] to S^2.5 dN/dS [Jy^1.5 deg^-2].,https://arxiv.org/abs/1009.5675
Varnish et al.,2025,SPIRE Dark Field II,Table 4 P(D) best-fit spline,350,1000.0,1.0,0.1122018,0.02066833536696795,-0.95,,,-0.95,0.08,log10 Jy^1.5 deg^-2,Jy^1.5 deg^-2,"Euclidean-normalised differential counts S^2.5 dN/dS in log10 units Converted published log10 lower/upper bounds into a conservative symmetric log error with 0.08 dex floor; treat as a P(D) sensitivity constraint, not fully independent bins.",https://arxiv.org/abs/2504.08076
Varnish et al.,2025,SPIRE Dark Field II,Table 4 P(D) best-fit spline,500,0.015136,1.513561e-05,0.01047129,0.1186262983914147,-1.98,,,-1.98,4.92,log10 Jy^1.5 deg^-2,Jy^1.5 deg^-2,"Euclidean-normalised differential counts S^2.5 dN/dS in log10 units Converted published log10 lower/upper bounds into a conservative symmetric log error with 0.08 dex floor; treat as a P(D) sensitivity constraint, not fully independent bins.",https://arxiv.org/abs/2504.08076
Varnish et al.,2025,SPIRE Dark Field II,Table 4 P(D) best-fit spline,500,0.031623,3.162278e-05,1.28825,9.937122574266091,0.11,,,0.11,3.35,log10 Jy^1.5 deg^-2,Jy^1.5 deg^-2,"Euclidean-normalised differential counts S^2.5 dN/dS in log10 units Converted published log10 lower/upper bounds into a conservative symmetric log error with 0.08 dex floor; treat as a P(D) sensitivity constraint, not fully independent bins.",https://arxiv.org/abs/2504.08076
Varnish et al.,2025,SPIRE Dark Field II,Table 4 P(D) best-fit spline,500,0.1,0.0001,2.13802,5.966643252394033,0.33,,,0.33,1.212,log10 Jy^1.5 deg^-2,Jy^1.5 deg^-2,"Euclidean-normalised differential counts S^2.5 dN/dS in log10 units Converted published log10 lower/upper bounds into a conservative symmetric log error with 0.08 dex floor; treat as a P(D) sensitivity constraint, not fully independent bins.",https://arxiv.org/abs/2504.08076
Varnish et al.,2025,SPIRE Dark Field II,Table 4 P(D) best-fit spline,500,0.316228,0.0003162278,1.819701,2.2039486244571447,0.26,,,0.26,0.526,log10 Jy^1.5 deg^-2,Jy^1.5 deg^-2,"Euclidean-normalised differential counts S^2.5 dN/dS in log10 units Converted published log10 lower/upper bounds into a conservative symmetric log error with 0.08 dex floor; treat as a P(D) sensitivity constraint, not fully independent bins.",https://arxiv.org/abs/2504.08076
Varnish et al.,2025,SPIRE Dark Field II,Table 4 P(D) best-fit spline,500,1.0,0.001,1.122018,0.5218754680159406,0.05,,,0.05,0.202,log10 Jy^1.5 deg^-2,Jy^1.5 deg^-2,"Euclidean-normalised differential counts S^2.5 dN/dS in log10 units Converted published log10 lower/upper bounds into a conservative symmetric log error with 0.08 dex floor; treat as a P(D) sensitivity constraint, not fully independent bins.",https://arxiv.org/abs/2504.08076
Varnish et al.,2025,SPIRE Dark Field II,Table 4 P(D) best-fit spline,500,1.995262,0.001995262,1.059254,0.5926824602329186,0.025,,,0.025,0.24300000000000002,log10 Jy^1.5 deg^-2,Jy^1.5 deg^-2,"Euclidean-normalised differential counts S^2.5 dN/dS in log10 units Converted published log10 lower/upper bounds into a conservative symmetric log error with 0.08 dex floor; treat as a P(D) sensitivity constraint, not fully independent bins.",https://arxiv.org/abs/2504.08076
Glenn et al.,2010,HerMES SDP,Table 4 P(D) spline no FIRAS,500,3.4,0.0034,1.5441777577342444,0.6558613645286878,0.18869729260563803,,,6.36,0.18445866745696718,log10 deg^-2 Jy^-1,Jy^1.5 deg^-2,Table 4 spline model without FIRAS prior; upper-limit first knot omitted; these are P(D) model-fit constraints rather than simple independent source-count bins. Converted from log10 dN/dS [deg^-2 Jy^-1] to S^2.5 dN/dS [Jy^1.5 deg^-2].,https://arxiv.org/abs/1009.5675
Varnish et al.,2025,SPIRE Dark Field II,Table 4 P(D) best-fit spline,500,5.011872,0.005011872,2.754229,0.6532102037234657,0.44,,,0.44,0.10300000000000004,log10 Jy^1.5 deg^-2,Jy^1.5 deg^-2,"Euclidean-normalised differential counts S^2.5 dN/dS in log10 units Converted published log10 lower/upper bounds into a conservative symmetric log error with 0.08 dex floor; treat as a P(D) sensitivity constraint, not fully independent bins.",https://arxiv.org/abs/2504.08076
Glenn et al.,2010,HerMES SDP,Table 4 P(D) spline no FIRAS,500,7.3,0.0073,0.9296236210767099,0.44128310875272775,-0.03169284969886068,,,5.31,0.20615528128088306,log10 deg^-2 Jy^-1,Jy^1.5 deg^-2,Table 4 spline model without FIRAS prior; upper-limit first knot omitted; these are P(D) model-fit constraints rather than simple independent source-count bins. Converted from log10 dN/dS [deg^-2 Jy^-1] to S^2.5 dN/dS [Jy^1.5 deg^-2].,https://arxiv.org/abs/1009.5675
Varnish et al.,2025,SPIRE Dark Field II,Table 4 P(D) best-fit spline,500,10.0,0.01,2.951209,0.6387685258727271,0.47,,,0.47,0.09399999999999997,log10 Jy^1.5 deg^-2,Jy^1.5 deg^-2,"Euclidean-normalised differential counts S^2.5 dN/dS in log10 units Converted published log10 lower/upper bounds into a conservative symmetric log error with 0.08 dex floor; treat as a P(D) sensitivity constraint, not fully independent bins.",https://arxiv.org/abs/2504.08076
Pearson et al.,2025,SPIRE Dark Field,Table 3 SUSSEXtractor,500,11.0,0.011,0.7099409429178659,0.18331310914147883,-0.14877777695929303,,,7.37,1.903,10^7 mJy^1.5 sr^-1,Jy^1.5 deg^-2,"Pearson Dark Field I Table 3 SUSSEXtractor; differential unit is mJy^1.5 sr^-1 x 10^7. Multiplied by 1e7, converted mJy^1.5 to Jy^1.5 using (1e-3)^1.5, then sr^-1 to deg^-2.",https://academic.oup.com/mnras/article/539/1/336/8108280
Pearson et al.,2025,SPIRE Dark Field,Table 4 XID,500,11.2,0.0112,2.3298970944849966,0.4326112312949981,0.3673367397881399,,,24.187,4.491,10^7 mJy^1.5 sr^-1,Jy^1.5 deg^-2,"Pearson Dark Field I Table 4 XID simultaneous extraction; differential unit is mJy^1.5 sr^-1 x 10^7. Multiplied by 1e7, converted mJy^1.5 to Jy^1.5 using (1e-3)^1.5, then sr^-1 to deg^-2.",https://academic.oup.com/mnras/article/539/1/336/8108280
Pearson et al.,2025,SPIRE Dark Field,Table 3 SUSSEXtractor,500,13.1,0.013099999999999999,0.9755185792305603,0.20797320159561364,-0.01076445483894321,,,10.127,2.159,10^7 mJy^1.5 sr^-1,Jy^1.5 deg^-2,"Pearson Dark Field I Table 3 SUSSEXtractor; differential unit is mJy^1.5 sr^-1 x 10^7. Multiplied by 1e7, converted mJy^1.5 to Jy^1.5 using (1e-3)^1.5, then sr^-1 to deg^-2.",https://academic.oup.com/mnras/article/539/1/336/8108280
Pearson et al.,2025,SPIRE Dark Field,Table 4 XID,500,13.8,0.013800000000000002,3.079332716723938,0.5819203848258926,0.4884566162272095,,,31.967,6.041,10^7 mJy^1.5 sr^-1,Jy^1.5 deg^-2,"Pearson Dark Field I Table 4 XID simultaneous extraction; differential unit is mJy^1.5 sr^-1 x 10^7. Multiplied by 1e7, converted mJy^1.5 to Jy^1.5 using (1e-3)^1.5, then sr^-1 to deg^-2.",https://academic.oup.com/mnras/article/539/1/336/8108280
Glenn et al.,2010,HerMES SDP,Table 4 P(D) spline no FIRAS,500,15.5,0.0155,2.7341934931185707,0.5327694967861101,0.436829245425729,,,4.961,0.08462416912442922,log10 deg^-2 Jy^-1,Jy^1.5 deg^-2,Table 4 spline model without FIRAS prior; upper-limit first knot omitted; these are P(D) model-fit constraints rather than simple independent source-count bins. Converted from log10 dN/dS [deg^-2 Jy^-1] to S^2.5 dN/dS [Jy^1.5 deg^-2].,https://arxiv.org/abs/1009.5675
Pearson et al.,2025,SPIRE Dark Field,Table 3 SUSSEXtractor,500,15.6,0.0156,1.2297294541776767,0.23244063707745055,0.08980957527544196,,,12.766,2.413,10^7 mJy^1.5 sr^-1,Jy^1.5 deg^-2,"Pearson Dark Field I Table 3 SUSSEXtractor; differential unit is mJy^1.5 sr^-1 x 10^7. Multiplied by 1e7, converted mJy^1.5 to Jy^1.5 using (1e-3)^1.5, then sr^-1 to deg^-2.",https://academic.oup.com/mnras/article/539/1/336/8108280
Pearson et al.,2025,SPIRE Dark Field,Table 4 XID,500,17.0,0.017,3.1614045869228553,0.6899046177988815,0.4998800790803769,,,32.819,7.162,10^7 mJy^1.5 sr^-1,Jy^1.5 deg^-2,"Pearson Dark Field I Table 4 XID simultaneous extraction; differential unit is mJy^1.5 sr^-1 x 10^7. Multiplied by 1e7, converted mJy^1.5 to Jy^1.5 using (1e-3)^1.5, then sr^-1 to deg^-2.",https://academic.oup.com/mnras/article/539/1/336/8108280
Pearson et al.,2025,SPIRE Dark Field,Table 3 SUSSEXtractor,500,18.7,0.018699999999999998,1.7822696507281353,0.2783893249705065,0.25097341180177396,,,18.502,2.89,10^7 mJy^1.5 sr^-1,Jy^1.5 deg^-2,"Pearson Dark Field I Table 3 SUSSEXtractor; differential unit is mJy^1.5 sr^-1 x 10^7. Multiplied by 1e7, converted mJy^1.5 to Jy^1.5 using (1e-3)^1.5, then sr^-1 to deg^-2.",https://academic.oup.com/mnras/article/539/1/336/8108280
Varnish et al.,2025,SPIRE Dark Field II,Table 4 P(D) best-fit spline,500,19.952623,0.01995262,1.618622,0.6313563220936401,0.209,,,0.209,0.1694,log10 Jy^1.5 deg^-2,Jy^1.5 deg^-2,"Euclidean-normalised differential counts S^2.5 dN/dS in log10 units Converted published log10 lower/upper bounds into a conservative symmetric log error with 0.08 dex floor; treat as a P(D) sensitivity constraint, not fully independent bins.",https://arxiv.org/abs/2504.08076
Pearson et al.,2025,SPIRE Dark Field,Table 4 XID,500,20.9,0.0209,1.6486620404395218,0.5828836696873823,0.21713163865555138,,,17.115,6.051,10^7 mJy^1.5 sr^-1,Jy^1.5 deg^-2,"Pearson Dark Field I Table 4 XID simultaneous extraction; differential unit is mJy^1.5 sr^-1 x 10^7. Multiplied by 1e7, converted mJy^1.5 to Jy^1.5 using (1e-3)^1.5, then sr^-1 to deg^-2.",https://academic.oup.com/mnras/article/539/1/336/8108280
Pearson et al.,2025,SPIRE Dark Field,Table 3 SUSSEXtractor,500,22.3,0.0223,1.4991602299363296,0.25710072953158536,0.1758480526336899,,,15.563,2.669,10^7 mJy^1.5 sr^-1,Jy^1.5 deg^-2,"Pearson Dark Field I Table 3 SUSSEXtractor; differential unit is mJy^1.5 sr^-1 x 10^7. Multiplied by 1e7, converted mJy^1.5 to Jy^1.5 using (1e-3)^1.5, then sr^-1 to deg^-2.",https://academic.oup.com/mnras/article/539/1/336/8108280
Oliver et al.,2010,HerMES,Table 2,500,23.8,0.0238,0.9582958967688663,0.8557856004863164,-0.018500371409777224,,,36000000.0,32149028.0,sr^-1 Jy^-1,Jy^1.5 deg^-2,"Oliver HerMES Table 2 direct differential counts; flux_mjy is S_euc, bin limits kept separately; errors are fractional percentages in table. Raw dN/dS converted from sr^-1 Jy^-1 to deg^-2 Jy^-1, then multiplied by S^2.5.",https://arxiv.org/pdf/1005.2184
Valiante et al.,2016,H-ATLAS DR1,Table 9 area-weighted GAMA9/12/15,500,25.4,0.0254,1.6252588672237698,0.0236822730208775,0.21092254417827558,,,1.6252588672237698,0.0236822730208775,Jy^1.5 deg^-2,Jy^1.5 deg^-2,Area-weighted average of GAMA9/GAMA12/GAMA15 from Valiante Tables 5/8/9. Quoted errors do not include flux-bin correlations; field_scatter is kept as a sanity check. Added as the area-weighted H-ATLAS DR1 GAMA9/GAMA12/GAMA15 curve; use as wide-area bright-end counts.,https://ui.adsabs.harvard.edu/abs/2016MNRAS.462.3146V/abstract
Pearson et al.,2025,SPIRE Dark Field,Table 4 XID,500,25.8,0.0258,1.6925878301234498,0.6909642311465201,0.22855121392927807,,,17.571,7.173,10^7 mJy^1.5 sr^-1,Jy^1.5 deg^-2,"Pearson Dark Field I Table 4 XID simultaneous extraction; differential unit is mJy^1.5 sr^-1 x 10^7. Multiplied by 1e7, converted mJy^1.5 to Jy^1.5 using (1e-3)^1.5, then sr^-1 to deg^-2.",https://academic.oup.com/mnras/article/539/1/336/8108280
Pearson et al.,2025,SPIRE Dark Field,Table 3 SUSSEXtractor,500,26.6,0.026600000000000002,2.342901440115107,0.3313699923524368,0.3697540193206242,,,24.322,3.44,10^7 mJy^1.5 sr^-1,Jy^1.5 deg^-2,"Pearson Dark Field I Table 3 SUSSEXtractor; differential unit is mJy^1.5 sr^-1 x 10^7. Multiplied by 1e7, converted mJy^1.5 to Jy^1.5 using (1e-3)^1.5, then sr^-1 to deg^-2.",https://academic.oup.com/mnras/article/539/1/336/8108280
Valiante et al.,2016,H-ATLAS DR1,Table 9 area-weighted GAMA9/12/15,500,31.2,0.0312,1.5529262766945218,0.0393827934766138,0.19115083861024304,,,1.5529262766945218,0.0393827934766138,Jy^1.5 deg^-2,Jy^1.5 deg^-2,Area-weighted average of GAMA9/GAMA12/GAMA15 from Valiante Tables 5/8/9. Quoted errors do not include flux-bin correlations; field_scatter is kept as a sanity check. Added as the area-weighted H-ATLAS DR1 GAMA9/GAMA12/GAMA15 curve; use as wide-area bright-end counts.,https://ui.adsabs.harvard.edu/abs/2016MNRAS.462.3146V/abstract
Pearson et al.,2025,SPIRE Dark Field,Table 3 SUSSEXtractor,500,31.7,0.0317,1.5055179100221612,0.2845543480840402,0.17768592635660233,,,15.629,2.954,10^7 mJy^1.5 sr^-1,Jy^1.5 deg^-2,"Pearson Dark Field I Table 3 SUSSEXtractor; differential unit is mJy^1.5 sr^-1 x 10^7. Multiplied by 1e7, converted mJy^1.5 to Jy^1.5 using (1e-3)^1.5, then sr^-1 to deg^-2.",https://academic.oup.com/mnras/article/539/1/336/8108280
Pearson et al.,2025,SPIRE Dark Field,Table 4 XID,500,31.8,0.0318,2.3168927488548867,0.9458494054966794,0.36490593035511715,,,24.052,9.819,10^7 mJy^1.5 sr^-1,Jy^1.5 deg^-2,"Pearson Dark Field I Table 4 XID simultaneous extraction; differential unit is mJy^1.5 sr^-1 x 10^7. Multiplied by 1e7, converted mJy^1.5 to Jy^1.5 using (1e-3)^1.5, then sr^-1 to deg^-2.",https://academic.oup.com/mnras/article/539/1/336/8108280
Glenn et al.,2010,HerMES SDP,Table 4 P(D) spline no FIRAS,500,33.2,0.0332,0.6513961828025355,0.1506349550504446,-0.1861547907399091,,,3.511,0.10043032410581976,log10 deg^-2 Jy^-1,Jy^1.5 deg^-2,Table 4 spline model without FIRAS prior; upper-limit first knot omitted; these are P(D) model-fit constraints rather than simple independent source-count bins. Converted from log10 dN/dS [deg^-2 Jy^-1] to S^2.5 dN/dS [Jy^1.5 deg^-2].,https://arxiv.org/abs/1009.5675
Oliver et al.,2010,HerMES,Table 2,500,37.5,0.0375,0.9124846967661014,0.512049472785548,-0.03977441034082236,,,11000000.0,6172754.7,sr^-1 Jy^-1,Jy^1.5 deg^-2,"Oliver HerMES Table 2 direct differential counts; flux_mjy is S_euc, bin limits kept separately; errors are fractional percentages in table. Raw dN/dS converted from sr^-1 Jy^-1 to deg^-2 Jy^-1, then multiplied by S^2.5.",https://arxiv.org/pdf/1005.2184
Pearson et al.,2025,SPIRE Dark Field,Table 3 SUSSEXtractor,500,37.9,0.037899999999999996,1.5072518227728426,0.31431985030407017,0.1781858177453575,,,15.647,3.263,10^7 mJy^1.5 sr^-1,Jy^1.5 deg^-2,"Pearson Dark Field I Table 3 SUSSEXtractor; differential unit is mJy^1.5 sr^-1 x 10^7. Multiplied by 1e7, converted mJy^1.5 to Jy^1.5 using (1e-3)^1.5, then sr^-1 to deg^-2.",https://academic.oup.com/mnras/article/539/1/336/8108280
Valiante et al.,2016,H-ATLAS DR1,Table 9 area-weighted GAMA9/12/15,500,38.3,0.0382999999999999,1.2858606004333024,0.0425897204255341,0.10919388947151587,,,1.2858606004333024,0.0425897204255341,Jy^1.5 deg^-2,Jy^1.5 deg^-2,Area-weighted average of GAMA9/GAMA12/GAMA15 from Valiante Tables 5/8/9. Quoted errors do not include flux-bin correlations; field_scatter is kept as a sanity check. Added as the area-weighted H-ATLAS DR1 GAMA9/GAMA12/GAMA15 curve; use as wide-area bright-end counts.,https://ui.adsabs.harvard.edu/abs/2016MNRAS.462.3146V/abstract
Pearson et al.,2025,SPIRE Dark Field,Table 4 XID,500,39.2,0.039200000000000006,2.114410270969764,1.057205135484882,0.32518925975979573,,,21.95,10.975,10^7 mJy^1.5 sr^-1,Jy^1.5 deg^-2,"Pearson Dark Field I Table 4 XID simultaneous extraction; differential unit is mJy^1.5 sr^-1 x 10^7. Multiplied by 1e7, converted mJy^1.5 to Jy^1.5 using (1e-3)^1.5, then sr^-1 to deg^-2.",https://academic.oup.com/mnras/article/539/1/336/8108280
Varnish et al.,2025,SPIRE Dark Field II,Table 4 P(D) best-fit spline,500,44.668359,0.04466836,0.4435,0.08169571909942874,-0.353,,,-0.353,0.08,log10 Jy^1.5 deg^-2,Jy^1.5 deg^-2,"Euclidean-normalised differential counts S^2.5 dN/dS in log10 units Converted published log10 lower/upper bounds into a conservative symmetric log error with 0.08 dex floor; treat as a P(D) sensitivity constraint, not fully independent bins.",https://arxiv.org/abs/2504.08076
Pearson et al.,2025,SPIRE Dark Field,Table 3 SUSSEXtractor,500,45.2,0.045200000000000004,1.6431713167290312,0.3673968461721494,0.21568284525574136,,,17.058,3.814,10^7 mJy^1.5 sr^-1,Jy^1.5 deg^-2,"Pearson Dark Field I Table 3 SUSSEXtractor; differential unit is mJy^1.5 sr^-1 x 10^7. Multiplied by 1e7, converted mJy^1.5 to Jy^1.5 using (1e-3)^1.5, then sr^-1 to deg^-2.",https://academic.oup.com/mnras/article/539/1/336/8108280
Valiante et al.,2016,H-ATLAS DR1,Table 9 area-weighted GAMA9/12/15,500,47.0,0.047,0.6274128133704735,0.0204829203384811,-0.20244661614629517,,,0.6274128133704735,0.0204829203384811,Jy^1.5 deg^-2,Jy^1.5 deg^-2,Area-weighted average of GAMA9/GAMA12/GAMA15 from Valiante Tables 5/8/9. Quoted errors do not include flux-bin correlations; field_scatter is kept as a sanity check. Added as the area-weighted H-ATLAS DR1 GAMA9/GAMA12/GAMA15 curve; use as wide-area bright-end counts.,https://ui.adsabs.harvard.edu/abs/2016MNRAS.462.3146V/abstract
Clements et al.,2010,H-ATLAS,Table 1,500,48.0,0.048,0.5787730975947463,0.09138522593601257,-0.2374916638655155,50.0,0.84,1900.0,300.0,gal sr^-1 Jy^1.5,Jy^1.5 deg^-2,Corrected from Clements H-ATLAS Table 1 actual rows; fluxes are after paper flux correction. Converted from Jy^1.5 sr^-1 to Jy^1.5 deg^-2.,https://arxiv.org/pdf/1005.2409
Clements et al.,2010,H-ATLAS,Table 1,500,52.0,0.052,0.39600264572272115,0.04569261296800629,-0.4023019125115077,76.0,0.83,1300.0,150.0,gal sr^-1 Jy^1.5,Jy^1.5 deg^-2,Corrected from Clements H-ATLAS Table 1 actual rows; fluxes are after paper flux correction. Converted from Jy^1.5 sr^-1 to Jy^1.5 deg^-2.,https://arxiv.org/pdf/1005.2409
Pearson et al.,2025,SPIRE Dark Field,Table 3 SUSSEXtractor,500,54.0,0.054,0.6356716800970146,0.2595089416853095,-0.19676713645622187,,,6.599,2.694,10^7 mJy^1.5 sr^-1,Jy^1.5 deg^-2,"Pearson Dark Field I Table 3 SUSSEXtractor; differential unit is mJy^1.5 sr^-1 x 10^7. Multiplied by 1e7, converted mJy^1.5 to Jy^1.5 using (1e-3)^1.5, then sr^-1 to deg^-2.",https://academic.oup.com/mnras/article/539/1/336/8108280
Clements et al.,2010,H-ATLAS,Table 1,500,56.0,0.056,0.33507916176537944,0.06092348395734171,-0.4748525796601194,43.0,0.82,1100.0,200.0,gal sr^-1 Jy^1.5,Jy^1.5 deg^-2,Corrected from Clements H-ATLAS Table 1 actual rows; fluxes are after paper flux correction. Converted from Jy^1.5 sr^-1 to Jy^1.5 deg^-2.,https://arxiv.org/pdf/1005.2409
Valiante et al.,2016,H-ATLAS DR1,Table 9 area-weighted GAMA9/12/15,500,57.8,0.0578,0.1223628597957288,0.022391442029459,-0.9123503814831199,,,0.1223628597957288,0.022391442029459,Jy^1.5 deg^-2,Jy^1.5 deg^-2,Area-weighted average of GAMA9/GAMA12/GAMA15 from Valiante Tables 5/8/9. Quoted errors do not include flux-bin correlations; field_scatter is kept as a sanity check. Added as the area-weighted H-ATLAS DR1 GAMA9/GAMA12/GAMA15 curve; use as wide-area bright-end counts.,https://ui.adsabs.harvard.edu/abs/2016MNRAS.462.3146V/abstract
Oliver et al.,2010,HerMES,Table 2,500,58.9,0.0589,0.41035804754439836,0.3457007768517824,-0.38683704519466555,,,1600000.0,1347899.1,sr^-1 Jy^-1,Jy^1.5 deg^-2,"Oliver HerMES Table 2 direct differential counts; flux_mjy is S_euc, bin limits kept separately; errors are fractional percentages in table. Raw dN/dS converted from sr^-1 Jy^-1 to deg^-2 Jy^-1, then multiplied by S^2.5.",https://arxiv.org/pdf/1005.2184
Clements et al.,2010,H-ATLAS,Table 1,500,60.0,0.06,0.23150923903789852,0.06092348395734171,-0.6354316725375531,19.0,0.82,760.0,200.0,gal sr^-1 Jy^1.5,Jy^1.5 deg^-2,Corrected from Clements H-ATLAS Table 1 actual rows; fluxes are after paper flux correction. Converted from Jy^1.5 sr^-1 to Jy^1.5 deg^-2.,https://arxiv.org/pdf/1005.2409
Clements et al.,2010,H-ATLAS,Table 1,500,63.0,0.063,0.17667810347629098,0.04569261296800629,-0.7528172712554072,16.0,0.84,580.0,150.0,gal sr^-1 Jy^1.5,Jy^1.5 deg^-2,Corrected from Clements H-ATLAS Table 1 actual rows; fluxes are after paper flux correction. Converted from Jy^1.5 sr^-1 to Jy^1.5 deg^-2.,https://arxiv.org/pdf/1005.2409
Pearson et al.,2025,SPIRE Dark Field,Table 3 SUSSEXtractor,500,64.5,0.0645,0.6792121558363464,0.30372371682768406,-0.167994550141302,,,7.051,3.153,10^7 mJy^1.5 sr^-1,Jy^1.5 deg^-2,"Pearson Dark Field I Table 3 SUSSEXtractor; differential unit is mJy^1.5 sr^-1 x 10^7. Multiplied by 1e7, converted mJy^1.5 to Jy^1.5 using (1e-3)^1.5, then sr^-1 to deg^-2.",https://academic.oup.com/mnras/article/539/1/336/8108280
Clements et al.,2010,H-ATLAS,Table 1,500,70.0,0.07,0.17667810347629098,0.030461741978670857,-0.7528172712554072,26.0,0.89,580.0,100.0,gal sr^-1 Jy^1.5,Jy^1.5 deg^-2,Corrected from Clements H-ATLAS Table 1 actual rows; fluxes are after paper flux correction. Converted from Jy^1.5 sr^-1 to Jy^1.5 deg^-2.,https://arxiv.org/pdf/1005.2409
Glenn et al.,2010,HerMES SDP,Table 4 P(D) spline no FIRAS,500,71.0,0.071,0.09509241385393574,0.0356229865957083,-1.0218541282023117,,,1.85,0.162692962355475,log10 deg^-2 Jy^-1,Jy^1.5 deg^-2,Table 4 spline model without FIRAS prior; upper-limit first knot omitted; these are P(D) model-fit constraints rather than simple independent source-count bins. Converted from log10 dN/dS [deg^-2 Jy^-1] to S^2.5 dN/dS [Jy^1.5 deg^-2].,https://arxiv.org/abs/1009.5675
Valiante et al.,2016,H-ATLAS DR1,Table 9 area-weighted GAMA9/12/15,500,71.0,0.071,0.1247987000928505,0.0174366254871152,-0.9037899382548941,,,0.1247987000928505,0.0174366254871152,Jy^1.5 deg^-2,Jy^1.5 deg^-2,Area-weighted average of GAMA9/GAMA12/GAMA15 from Valiante Tables 5/8/9. Quoted errors do not include flux-bin correlations; field_scatter is kept as a sanity check. Added as the area-weighted H-ATLAS DR1 GAMA9/GAMA12/GAMA15 curve; use as wide-area bright-end counts.,https://ui.adsabs.harvard.edu/abs/2016MNRAS.462.3146V/abstract
Pearson et al.,2025,SPIRE Dark Field,Table 3 SUSSEXtractor,500,77.0,0.077,0.17522151630496585,0.17522151630496585,-0.7564125657548608,,,1.819,1.819,10^7 mJy^1.5 sr^-1,Jy^1.5 deg^-2,"Pearson Dark Field I Table 3 SUSSEXtractor; differential unit is mJy^1.5 sr^-1 x 10^7. Multiplied by 1e7, converted mJy^1.5 to Jy^1.5 using (1e-3)^1.5, then sr^-1 to deg^-2.",https://academic.oup.com/mnras/article/539/1/336/8108280
Clements et al.,2010,H-ATLAS,Table 1,500,82.0,0.082,0.11270844532108217,0.030461741978670857,-0.9480435407513494,13.0,1.0,370.0,100.0,gal sr^-1 Jy^1.5,Jy^1.5 deg^-2,Corrected from Clements H-ATLAS Table 1 actual rows; fluxes are after paper flux correction. Converted from Jy^1.5 sr^-1 to Jy^1.5 deg^-2.,https://arxiv.org/pdf/1005.2409
Oliver et al.,2010,HerMES,Table 2,500,85.9,0.0859,0.1515184366835344,0.09919540500113216,-0.8195345192226458,,,230000.0,150575.36,sr^-1 Jy^-1,Jy^1.5 deg^-2,"Oliver HerMES Table 2 direct differential counts; flux_mjy is S_euc, bin limits kept separately; errors are fractional percentages in table. Raw dN/dS converted from sr^-1 Jy^-1 to deg^-2 Jy^-1, then multiplied by S^2.5.",https://arxiv.org/pdf/1005.2184
Valiante et al.,2016,H-ATLAS DR1,Table 9 area-weighted GAMA9/12/15,500,87.2,0.0872,0.1276757660167131,0.014869474823436,-0.893891527826575,,,0.1276757660167131,0.014869474823436,Jy^1.5 deg^-2,Jy^1.5 deg^-2,Area-weighted average of GAMA9/GAMA12/GAMA15 from Valiante Tables 5/8/9. Quoted errors do not include flux-bin correlations; field_scatter is kept as a sanity check. Added as the area-weighted H-ATLAS DR1 GAMA9/GAMA12/GAMA15 curve; use as wide-area bright-end counts.,https://ui.adsabs.harvard.edu/abs/2016MNRAS.462.3146V/abstract
Clements et al.,2010,H-ATLAS,Table 1,500,95.0,0.095,0.05787730975947463,0.030461741978670857,-1.2374916638655156,3.0,1.0,190.0,100.0,gal sr^-1 Jy^1.5,Jy^1.5 deg^-2,Corrected from Clements H-ATLAS Table 1 actual rows; fluxes are after paper flux correction. Converted from Jy^1.5 sr^-1 to Jy^1.5 deg^-2.,https://arxiv.org/pdf/1005.2409
Varnish et al.,2025,SPIRE Dark Field II,Table 4 P(D) best-fit spline,500,100.0,0.1,0.04365158,0.008040918191490963,-1.36,,,-1.36,0.08,log10 Jy^1.5 deg^-2,Jy^1.5 deg^-2,"Euclidean-normalised differential counts S^2.5 dN/dS in log10 units Converted published log10 lower/upper bounds into a conservative symmetric log error with 0.08 dex floor; treat as a P(D) sensitivity constraint, not fully independent bins.",https://arxiv.org/abs/2504.08076
Valiante et al.,2016,H-ATLAS DR1,Table 9 area-weighted GAMA9/12/15,500,107.2,0.1072,0.0457663262147941,0.010748823313808,-1.339453948151215,,,0.0457663262147941,0.010748823313808,Jy^1.5 deg^-2,Jy^1.5 deg^-2,Area-weighted average of GAMA9/GAMA12/GAMA15 from Valiante Tables 5/8/9. Quoted errors do not include flux-bin correlations; field_scatter is kept as a sanity check. Added as the area-weighted H-ATLAS DR1 GAMA9/GAMA12/GAMA15 curve; use as wide-area bright-end counts.,https://ui.adsabs.harvard.edu/abs/2016MNRAS.462.3146V/abstract
Valiante et al.,2016,H-ATLAS DR1,Table 9 area-weighted GAMA9/12/15,500,131.7,0.1316999999999999,0.0383374806561436,0.0088738817718278,-1.416376430140393,,,0.0383374806561436,0.0088738817718278,Jy^1.5 deg^-2,Jy^1.5 deg^-2,Area-weighted average of GAMA9/GAMA12/GAMA15 from Valiante Tables 5/8/9. Quoted errors do not include flux-bin correlations; field_scatter is kept as a sanity check. Added as the area-weighted H-ATLAS DR1 GAMA9/GAMA12/GAMA15 curve; use as wide-area bright-end counts.,https://ui.adsabs.harvard.edu/abs/2016MNRAS.462.3146V/abstract
Clements et al.,2010,H-ATLAS,Table 1,500,150.0,0.15,0.0426464387701392,0.015230870989335428,-1.3701172291401065,7.0,1.0,140.0,50.0,gal sr^-1 Jy^1.5,Jy^1.5 deg^-2,Corrected from Clements H-ATLAS Table 1 actual rows; fluxes are after paper flux correction. Converted from Jy^1.5 sr^-1 to Jy^1.5 deg^-2.,https://arxiv.org/pdf/1005.2409
Valiante et al.,2016,H-ATLAS DR1,Table 9 area-weighted GAMA9/12/15,500,161.8,0.1618,0.0488081089445991,0.0108896085060958,-1.3115080186257038,,,0.0488081089445991,0.0108896085060958,Jy^1.5 deg^-2,Jy^1.5 deg^-2,Area-weighted average of GAMA9/GAMA12/GAMA15 from Valiante Tables 5/8/9. Quoted errors do not include flux-bin correlations; field_scatter is kept as a sanity check. Added as the area-weighted H-ATLAS DR1 GAMA9/GAMA12/GAMA15 curve; use as wide-area bright-end counts.,https://ui.adsabs.harvard.edu/abs/2016MNRAS.462.3146V/abstract
Oliver et al.,2010,HerMES,Table 2,500,166.2,0.1662,0.044593918531921836,0.027626643288980946,-1.3507243638912774,,,13000.0,8053.7072,sr^-1 Jy^-1,Jy^1.5 deg^-2,"Oliver HerMES Table 2 direct differential counts; flux_mjy is S_euc, bin limits kept separately; errors are fractional percentages in table. Raw dN/dS converted from sr^-1 Jy^-1 to deg^-2 Jy^-1, then multiplied by S^2.5.",https://arxiv.org/pdf/1005.2184
Valiante et al.,2016,H-ATLAS DR1,Table 9 area-weighted GAMA9/12/15,500,198.7,0.1987,0.031741380377592,0.0099175643203036,-1.4983741904565469,,,0.031741380377592,0.0099175643203036,Jy^1.5 deg^-2,Jy^1.5 deg^-2,Area-weighted average of GAMA9/GAMA12/GAMA15 from Valiante Tables 5/8/9. Quoted errors do not include flux-bin correlations; field_scatter is kept as a sanity check. Added as the area-weighted H-ATLAS DR1 GAMA9/GAMA12/GAMA15 curve; use as wide-area bright-end counts.,https://ui.adsabs.harvard.edu/abs/2016MNRAS.462.3146V/abstract
Varnish et al.,2025,SPIRE Dark Field II,Table 4 P(D) best-fit spline,500,199.818036,0.199818,0.03162278,0.0058251313461624215,-1.5,,,-1.5,0.08,log10 Jy^1.5 deg^-2,Jy^1.5 deg^-2,"Euclidean-normalised differential counts S^2.5 dN/dS in log10 units Converted published log10 lower/upper bounds into a conservative symmetric log error with 0.08 dex floor; treat as a P(D) sensitivity constraint, not fully independent bins.",https://arxiv.org/abs/2504.08076
Valiante et al.,2016,H-ATLAS DR1,Table 9 area-weighted GAMA9/12/15,500,244.2,0.2442,0.0477268956979263,0.0139519753506631,-1.3212368125456504,,,0.0477268956979263,0.0139519753506631,Jy^1.5 deg^-2,Jy^1.5 deg^-2,Area-weighted average of GAMA9/GAMA12/GAMA15 from Valiante Tables 5/8/9. Quoted errors do not include flux-bin correlations; field_scatter is kept as a sanity check. Added as the area-weighted H-ATLAS DR1 GAMA9/GAMA12/GAMA15 curve; use as wide-area bright-end counts.,https://ui.adsabs.harvard.edu/abs/2016MNRAS.462.3146V/abstract
Clements et al.,2010,H-ATLAS,Table 1,500,250.0,0.25,0.08681596463921194,0.04569261296800629,-1.0614004048098342,4.0,1.0,285.0,150.0,gal sr^-1 Jy^1.5,Jy^1.5 deg^-2,Corrected from Clements H-ATLAS Table 1 actual rows; fluxes are after paper flux correction. Converted from Jy^1.5 sr^-1 to Jy^1.5 deg^-2.,https://arxiv.org/pdf/1005.2409
Valiante et al.,2016,H-ATLAS DR1,Table 9 area-weighted GAMA9/12/15,500,300.0,0.3,0.1037667595171773,0.023606336839255,-0.9839417454302114,,,0.1037667595171773,0.023606336839255,Jy^1.5 deg^-2,Jy^1.5 deg^-2,Area-weighted average of GAMA9/GAMA12/GAMA15 from Valiante Tables 5/8/9. Quoted errors do not include flux-bin correlations; field_scatter is kept as a sanity check. Added as the area-weighted H-ATLAS DR1 GAMA9/GAMA12/GAMA15 curve; use as wide-area bright-end counts.,https://ui.adsabs.harvard.edu/abs/2016MNRAS.462.3146V/abstract
Oliver et al.,2010,HerMES,Table 2,500,374.1,0.37410000000000004,0.03389747569298352,0.017114029499715327,-1.4698326420159948,,,1300.0,656.33909,sr^-1 Jy^-1,Jy^1.5 deg^-2,"Oliver HerMES Table 2 direct differential counts; flux_mjy is S_euc, bin limits kept separately; errors are fractional percentages in table. Raw dN/dS converted from sr^-1 Jy^-1 to deg^-2 Jy^-1, then multiplied by S^2.5.",https://arxiv.org/pdf/1005.2184
Varnish et al.,2025,SPIRE Dark Field II,Table 4 P(D) best-fit spline,500,449.843267,0.4498433,0.03162278,0.0058251313461624215,-1.5,,,-1.5,0.08,log10 Jy^1.5 deg^-2,Jy^1.5 deg^-2,"Euclidean-normalised differential counts S^2.5 dN/dS in log10 units Converted published log10 lower/upper bounds into a conservative symmetric log error with 0.08 dex floor; treat as a P(D) sensitivity constraint, not fully independent bins.",https://arxiv.org/abs/2504.08076
Glenn et al.,2010,HerMES SDP,Table 4 P(D) spline no FIRAS,500,500.0,0.5,0.040497201301825034,0.14222755170596968,-1.392574989159953,,,-0.64,1.5252570275202797,log10 deg^-2 Jy^-1,Jy^1.5 deg^-2,Table 4 spline model without FIRAS prior; upper-limit first knot omitted; these are P(D) model-fit constraints rather than simple independent source-count bins. Converted from log10 dN/dS [deg^-2 Jy^-1] to S^2.5 dN/dS [Jy^1.5 deg^-2].,https://arxiv.org/abs/1009.5675
Varnish et al.,2025,SPIRE Dark Field II,Table 4 P(D) best-fit spline,500,1000.0,1.0,0.03162278,0.0058251313461624215,-1.5,,,-1.5,0.08,log10 Jy^1.5 deg^-2,Jy^1.5 deg^-2,"Euclidean-normalised differential counts S^2.5 dN/dS in log10 units Converted published log10 lower/upper bounds into a conservative symmetric log error with 0.08 dex floor; treat as a P(D) sensitivity constraint, not fully independent bins.",https://arxiv.org/abs/2504.08076