external_source,paper,method_or_table,band_um,flux_mjy,flux_regime,model_label,observed_euclidean_jy15_deg2,model_euclidean_jy15_deg2,log10_model_over_obs,sigma_log,chi2_log
Clements et al. / Table 1,Clements et al.,Table 1,250,34.0,30-100 mJy,25% ALESS,7.006200655094297,5.885271449354955,-0.07571607237354083,0.08408904588303276,0.8107693189339731
Clements et al. / Table 1,Clements et al.,Table 1,250,38.0,30-100 mJy,25% ALESS,6.549274525414234,5.456713098100872,-0.07926207495662452,0.0840610987984213,0.889079812988717
Clements et al. / Table 1,Clements et al.,Table 1,250,42.0,30-100 mJy,25% ALESS,5.635422266054109,5.093128558199706,-0.043941825026381,0.08544506480941885,0.2644735311456018
Clements et al. / Table 1,Clements et al.,Table 1,250,47.0,30-100 mJy,25% ALESS,4.873878716587337,4.713348237529436,-0.01454518980077013,0.08697015211964645,0.027970377387878706
Clements et al. / Table 1,Clements et al.,Table 1,250,52.0,30-100 mJy,25% ALESS,4.26464387701392,4.341847648650119,0.007791809541006556,0.08877845075719544,0.007703028995108887
Clements et al. / Table 1,Clements et al.,Table 1,250,56.0,30-100 mJy,25% ALESS,3.655409037440503,4.043588151200142,0.04383093404534921,0.0911900387476243,0.23102908113483117
Clements et al. / Table 1,Clements et al.,Table 1,250,63.0,30-100 mJy,25% ALESS,2.9243272299524024,3.611137404043271,0.0916180454569106,0.0934439532827513,0.961301539242278
Clements et al. / Table 1,Clements et al.,Table 1,250,73.0,30-100 mJy,25% ALESS,2.315092390378985,3.0118928120669097,0.11427118456947172,0.0996910808118003,1.3138955747321577
Clements et al. / Table 1,Clements et al.,Table 1,250,83.0,30-100 mJy,25% ALESS,1.7363192927842388,2.2664515601394197,0.11571685065705578,0.11061951609353955,1.0942831254833107
Clements et al. / Table 1,Clements et al.,Table 1,250,93.0,30-100 mJy,25% ALESS,1.279393163104176,1.7616470902876478,0.13891488525494244,0.12555811983174542,1.2240748122739593
Clements et al. / Table 1,Clements et al.,Table 1,250,125.0,100-300 mJy,25% ALESS,0.8833905173814548,1.6641280165257417,0.2750339991698955,0.13948848157202462,3.8877298057866962
Clements et al. / Table 1,Clements et al.,Table 1,250,175.0,100-300 mJy,25% ALESS,0.4569261296800628,1.812840642928421,0.5985136350437225,0.17529952621253841,11.656995071369233
Clements et al. / Table 1,Clements et al.,Table 1,250,250.0,100-300 mJy,25% ALESS,0.3350791617653794,0.7004280994166745,0.32021614022518,0.3075844119915505,1.0838215760710492
Clements et al. / Table 1,Clements et al.,Table 1,350,38.0,30-100 mJy,25% ALESS,3.9600264572272112,3.361940827892073,-0.0711080221524717,0.08748398011381338,0.6606632229972844
Clements et al. / Table 1,Clements et al.,Table 1,350,41.0,30-100 mJy,25% ALESS,3.3507916176537944,3.05192694020458,-0.040573287467844166,0.08820474907282005,0.21159064304263342
Clements et al. / Table 1,Clements et al.,Table 1,350,46.0,30-100 mJy,25% ALESS,2.8634037459950603,2.636011289862293,-0.03593532280081002,0.09158575505054985,0.15395267538359167
Clements et al. / Table 1,Clements et al.,Table 1,350,50.0,30-100 mJy,25% ALESS,2.0104749705922766,2.3669865477793217,0.07089711900031503,0.0951636795276011,0.5550277831120983
Clements et al. / Table 1,Clements et al.,Table 1,350,55.0,30-100 mJy,25% ALESS,1.5230870989335428,2.0522514518790946,0.12950583206497362,0.10109189846165499,1.6411411990836842
Clements et al. / Table 1,Clements et al.,Table 1,350,61.0,30-100 mJy,25% ALESS,1.279393163104176,1.7575769748303134,0.13791032888726745,0.10452419261688038,1.7408443614885025
Clements et al. / Table 1,Clements et al.,Table 1,350,71.0,30-100 mJy,25% ALESS,0.852928775402784,1.4096602392145319,0.21820168370944598,0.11892675900815426,3.366332636014658
Clements et al. / Table 1,Clements et al.,Table 1,350,82.0,30-100 mJy,25% ALESS,0.6092348395734172,1.4375207775377545,0.3728293997367492,0.13203535286327767,7.97333189813508
Clements et al. / Table 1,Clements et al.,Table 1,350,91.0,30-100 mJy,25% ALESS,0.2741556778080377,1.4580062556654751,0.7257621427321471,0.1696447632511955,18.302385792239175
Clements et al. / Table 1,Clements et al.,Table 1,350,125.0,100-300 mJy,25% ALESS,0.213232193850696,1.2167781510931206,0.7563586275708528,0.17365970944072046,18.96956579451924
Clements et al. / Table 1,Clements et al.,Table 1,350,175.0,100-300 mJy,25% ALESS,0.1523087098933543,0.41912269305152167,0.4396164364682591,0.33042453783308134,1.7701222482073593
Clements et al. / Table 1,Clements et al.,Table 1,350,250.0,100-300 mJy,25% ALESS,0.1827704518720251,0.27547176451252003,0.1781711053000703,0.4647241679051419,0.14698872792038623
Clements et al. / Table 1,Clements et al.,Table 1,500,48.0,30-100 mJy,25% ALESS,0.5787730975947463,0.8763340985123784,0.18016137446053668,0.12684733645498522,2.01725438522501
Clements et al. / Table 1,Clements et al.,Table 1,500,52.0,30-100 mJy,25% ALESS,0.3960026457227211,0.8056401904156295,0.3084430359462903,0.12259267226251623,6.330250767959808
Clements et al. / Table 1,Clements et al.,Table 1,500,56.0,30-100 mJy,25% ALESS,0.3350791617653794,0.7686634484037007,0.3605888095859022,0.14071664824325578,6.566493603995783
Clements et al. / Table 1,Clements et al.,Table 1,500,60.0,30-100 mJy,25% ALESS,0.2315092390378985,0.7357660228383223,0.5021714010795013,0.16662688502392756,9.082675545815636
Clements et al. / Table 1,Clements et al.,Table 1,500,63.0,30-100 mJy,25% ALESS,0.1766781034762909,0.7133552171284698,0.6061231130611378,0.16801508797285072,13.014429131571925
Clements et al. / Table 1,Clements et al.,Table 1,500,70.0,30-100 mJy,25% ALESS,0.1766781034762909,0.6672611983436514,0.5771131423444679,0.15343926865171037,14.146496263228872
Clements et al. / Table 1,Clements et al.,Table 1,500,82.0,30-100 mJy,25% ALESS,0.1127084453210821,0.5853998932774086,0.715496179674137,0.19196341617408466,13.892413405661385
Clements et al. / Table 1,Clements et al.,Table 1,500,95.0,30-100 mJy,25% ALESS,0.0578773097594746,0.5173005297954867,0.951234587059324,0.2866611896803724,11.011271424925814
Clements et al. / Table 1,Clements et al.,Table 1,500,150.0,100-300 mJy,25% ALESS,0.0426464387701392,0.25151397980485785,0.7706793584261835,0.3556209861638597,4.696482305511504
Clements et al. / Table 1,Clements et al.,Table 1,500,250.0,100-300 mJy,25% ALESS,0.0868159646392119,0.44285934921157605,0.7076662223189405,0.4194867409572767,2.845905381546716
Glenn et al. / Table 4 P(D) spline no FIRAS,Glenn et al.,Table 4 P(D) spline no FIRAS,250,19.5,10-30 mJy,25% ALESS,9.017507836501386,7.456708813011287,-0.08253934433019905,0.08976658090125568,0.8454592144533919
Glenn et al. / Table 4 P(D) spline no FIRAS,Glenn et al.,Table 4 P(D) spline no FIRAS,250,41.8,30-100 mJy,25% ALESS,3.8809737424406254,5.109905582687119,0.11947217117720199,0.09566171626304366,1.5597578352540187
Glenn et al. / Table 4 P(D) spline no FIRAS,Glenn et al.,Table 4 P(D) spline no FIRAS,250,89.3,30-100 mJy,25% ALESS,1.510527538139541,1.9273968832691855,0.10584250514358928,0.12653538006167026,0.6996748657631845
Glenn et al. / Table 4 P(D) spline no FIRAS,Glenn et al.,Table 4 P(D) spline no FIRAS,250,191.0,100-300 mJy,25% ALESS,0.0252687301851443,1.821394748961734,1.8578206620615239,0.34051345968364527,29.767270286755792
Glenn et al. / Table 4 P(D) spline no FIRAS,Glenn et al.,Table 4 P(D) spline no FIRAS,350,19.5,10-30 mJy,25% ALESS,4.831550557897798,6.3211415698129905,0.11670898859447654,0.10224019428997688,1.3030625960187388
Glenn et al. / Table 4 P(D) spline no FIRAS,Glenn et al.,Table 4 P(D) spline no FIRAS,350,41.8,30-100 mJy,25% ALESS,2.523136257402593,2.9777545502985285,0.07194819252319357,0.11156688461486348,0.41588108095051
Glenn et al. / Table 4 P(D) spline no FIRAS,Glenn et al.,Table 4 P(D) spline no FIRAS,350,89.3,30-100 mJy,25% ALESS,0.3069931232350126,1.454275161289093,0.6755179393040366,0.1755796699712044,14.802167585866334
Glenn et al. / Table 4 P(D) spline no FIRAS,Glenn et al.,Table 4 P(D) spline no FIRAS,350,191.0,100-300 mJy,25% ALESS,0.1454063651432898,0.27732111942676313,0.2803995264720517,0.4095889479280837,0.46866022092863163
Glenn et al. / Table 4 P(D) spline no FIRAS,Glenn et al.,Table 4 P(D) spline no FIRAS,500,15.5,10-30 mJy,25% ALESS,2.7341934931185707,3.3753752660051592,0.09149281822881572,0.11746865720591355,0.6066385457352843
Glenn et al. / Table 4 P(D) spline no FIRAS,Glenn et al.,Table 4 P(D) spline no FIRAS,500,33.2,30-100 mJy,25% ALESS,0.6513961828025355,1.5224147519681994,0.36868777428696703,0.13467690557095566,7.494302428902411
Glenn et al. / Table 4 P(D) spline no FIRAS,Glenn et al.,Table 4 P(D) spline no FIRAS,500,71.0,30-100 mJy,25% ALESS,0.0950924138539357,0.6607303321898019,0.8418783726529503,0.21159022994893378,15.830968498792972
Oliver et al. / Table 2,Oliver et al.,Table 2,250,23.8,10-30 mJy,25% ALESS,5.323866093160368,7.3017554791545995,0.13720016173704142,0.19574125659482536,0.49129744165541933
Oliver et al. / Table 2,Oliver et al.,Table 2,250,37.5,30-100 mJy,25% ALESS,5.309001872093681,5.506736451132969,0.015881413439050696,0.15406030100755788,0.010626660831838917
Oliver et al. / Table 2,Oliver et al.,Table 2,250,58.9,30-100 mJy,25% ALESS,3.077685356582988,3.852207511928812,0.09748545559768146,0.2038455568992267,0.22870578590892254
Oliver et al. / Table 2,Oliver et al.,Table 2,250,85.9,30-100 mJy,25% ALESS,2.042205016169377,2.1004426781117314,0.01221149537830779,0.2241762635495143,0.0029672794321710435
Oliver et al. / Table 2,Oliver et al.,Table 2,250,166.2,100-300 mJy,25% ALESS,0.7203632993618143,1.8078148626857113,0.39960237402449084,0.22395799202475644,3.1836329384595983
Oliver et al. / Table 2,Oliver et al.,Table 2,350,23.8,10-30 mJy,25% ALESS,2.9281263512382023,5.699678736353667,0.2892605642771401,0.262614176794674,1.2132271597427517
Oliver et al. / Table 2,Oliver et al.,Table 2,350,37.5,30-100 mJy,25% ALESS,2.903360398801232,3.419116751012346,0.07101298185315225,0.1904532239848746,0.13902690055548012
Oliver et al. / Table 2,Oliver et al.,Table 2,350,58.9,30-100 mJy,25% ALESS,1.3593110324908195,1.8522118424505891,0.13437181486454222,0.27202925182847687,0.24399737365238505
Oliver et al. / Table 2,Oliver et al.,Table 2,350,85.9,30-100 mJy,25% ALESS,0.724653392834295,1.4466250422394344,0.3002256488938967,0.27494143195482923,1.19238143022601
Oliver et al. / Table 2,Oliver et al.,Table 2,350,166.2,100-300 mJy,25% ALESS,0.2126786883830118,0.5347051191015939,0.40039036862128263,0.27980365552423503,2.0476723963769032
Oliver et al. / Table 2,Oliver et al.,Table 2,500,23.8,10-30 mJy,25% ALESS,0.9582958967688664,2.003396830958053,0.3202673538664004,0.39696299148506403,0.6509165345112087
Oliver et al. / Table 2,Oliver et al.,Table 2,500,37.5,30-100 mJy,25% ALESS,0.9124846967661014,1.304086625268963,0.15508085114375902,0.260975909683822,0.3531144676706674
Oliver et al. / Table 2,Oliver et al.,Table 2,500,58.9,30-100 mJy,25% ALESS,0.4103580475443983,0.7444481851567207,0.2586715207098337,0.3850182202799466,0.4513720553218544
Oliver et al. / Table 2,Oliver et al.,Table 2,500,85.9,30-100 mJy,25% ALESS,0.1515184366835344,0.562981285546487,0.5700284776282044,0.32531049718643373,3.0704140931028734
Oliver et al. / Table 2,Oliver et al.,Table 2,500,166.2,100-300 mJy,25% ALESS,0.0445939185319218,0.2817676684152183,0.8006155221662945,0.4227778056011686,3.5861103656917246
Pearson et al. / Table 3 SUSSEXtractor,Pearson et al.,Table 3 SUSSEXtractor,250,10.7,10-30 mJy,25% ALESS,2.5697550249959176,7.1214097450166625,0.4426742505505278,0.09885710384332873,20.051771884723504
Pearson et al. / Table 3 SUSSEXtractor,Pearson et al.,Table 3 SUSSEXtractor,250,12.3,10-30 mJy,25% ALESS,3.094552617535474,7.470156108985171,0.3827318061394294,0.0959627406150756,15.906836773775927
Pearson et al. / Table 3 SUSSEXtractor,Pearson et al.,Table 3 SUSSEXtractor,250,14.1,10-30 mJy,25% ALESS,3.7703932763566073,7.504655545916276,0.2989441111895915,0.09347992242024245,10.226883743112616
Pearson et al. / Table 3 SUSSEXtractor,Pearson et al.,Table 3 SUSSEXtractor,250,16.1,10-30 mJy,25% ALESS,6.604377338859135,7.5383144929566805,0.05744237337153302,0.08839433237219538,0.4222949724624673
Pearson et al. / Table 3 SUSSEXtractor,Pearson et al.,Table 3 SUSSEXtractor,250,18.4,10-30 mJy,25% ALESS,5.841070414614741,7.502474856101314,0.10871210686953958,0.08963934710995383,1.4708163730621826
Pearson et al. / Table 3 SUSSEXtractor,Pearson et al.,Table 3 SUSSEXtractor,250,21.1,10-30 mJy,25% ALESS,6.066960714634062,7.394999006397625,0.08596693721263515,0.09003199079851772,0.9117362061939334
Pearson et al. / Table 3 SUSSEXtractor,Pearson et al.,Table 3 SUSSEXtractor,250,24.2,10-30 mJy,25% ALESS,9.714824156609186,7.288942028262761,-0.1247704479174182,0.08760290513008638,2.028553429573024
Pearson et al. / Table 3 SUSSEXtractor,Pearson et al.,Table 3 SUSSEXtractor,250,27.7,10-30 mJy,25% ALESS,8.074446365978476,6.722774324742888,-0.07956422133777463,0.09013876401225009,0.7791345018739313
Pearson et al. / Table 3 SUSSEXtractor,Pearson et al.,Table 3 SUSSEXtractor,250,31.7,30-100 mJy,25% ALESS,6.621331152421351,6.15908550242824,-0.03142907563104147,0.09385709414027554,0.11213185528538935
Pearson et al. / Table 3 SUSSEXtractor,Pearson et al.,Table 3 SUSSEXtractor,250,36.3,30-100 mJy,25% ALESS,7.0448875060183465,5.631521180061603,-0.0972483407843564,0.09554660259269365,1.035938329515173
Pearson et al. / Table 3 SUSSEXtractor,Pearson et al.,Table 3 SUSSEXtractor,250,41.6,30-100 mJy,25% ALESS,6.452659973174515,5.126818735714888,-0.09989081754400486,0.09972650087511385,1.0032980609471356
Pearson et al. / Table 3 SUSSEXtractor,Pearson et al.,Table 3 SUSSEXtractor,250,47.6,30-100 mJy,25% ALESS,3.874620698369786,4.672334604977601,0.08130474266703247,0.11419063153315581,0.5069566327609657
Pearson et al. / Table 3 SUSSEXtractor,Pearson et al.,Table 3 SUSSEXtractor,250,54.5,30-100 mJy,25% ALESS,4.821240731755657,4.150405958972598,-0.06506823905140624,0.11498804469326493,0.32020840613369345
Pearson et al. / Table 3 SUSSEXtractor,Pearson et al.,Table 3 SUSSEXtractor,250,62.4,30-100 mJy,25% ALESS,3.782049023180632,3.644475827069194,-0.016092079897161216,0.12942827751555683,0.015458452558546278
Pearson et al. / Table 3 SUSSEXtractor,Pearson et al.,Table 3 SUSSEXtractor,250,71.4,30-100 mJy,25% ALESS,2.714825725136257,3.1634231238626187,0.06641532906209396,0.15302636550619478,0.18836670042131295
Pearson et al. / Table 3 SUSSEXtractor,Pearson et al.,Table 3 SUSSEXtractor,250,81.8,30-100 mJy,25% ALESS,2.1318457269627262,2.3407514846441675,0.04059953415287937,0.18615880466238272,0.04756362402972644
Pearson et al. / Table 3 SUSSEXtractor,Pearson et al.,Table 3 SUSSEXtractor,250,93.7,30-100 mJy,25% ALESS,1.5267101769749332,1.7326295882870884,0.05494912602793817,0.24347600717047302,0.05093417036178769
Pearson et al. / Table 3 SUSSEXtractor,Pearson et al.,Table 3 SUSSEXtractor,350,10.8,10-30 mJy,25% ALESS,1.1911980597180911,7.371864696393444,0.791593378211075,0.1211075623732568,42.723003778327
Pearson et al. / Table 3 SUSSEXtractor,Pearson et al.,Table 3 SUSSEXtractor,350,12.6,10-30 mJy,25% ALESS,1.651070252593246,7.418723492216797,0.6525636317583687,0.11123643005630816,34.415306974119545
Pearson et al. / Table 3 SUSSEXtractor,Pearson et al.,Table 3 SUSSEXtractor,350,14.7,10-30 mJy,25% ALESS,3.8949460089472177,7.077370941044709,0.25937051662247546,0.09383295183431656,7.640652647996081
Pearson et al. / Table 3 SUSSEXtractor,Pearson et al.,Table 3 SUSSEXtractor,350,17.2,10-30 mJy,25% ALESS,4.143666160183844,6.745721201572794,0.21164362932600778,0.09305116269548791,5.173289619199879
Pearson et al. / Table 3 SUSSEXtractor,Pearson et al.,Table 3 SUSSEXtractor,350,20.0,10-30 mJy,25% ALESS,5.516154430834284,6.238571313381175,0.05344872766059683,0.09063397423710584,0.3477704640540637
Pearson et al. / Table 3 SUSSEXtractor,Pearson et al.,Table 3 SUSSEXtractor,350,23.3,10-30 mJy,25% ALESS,4.553062226316941,5.762875741363719,0.10233566964689422,0.09355202035236966,1.1965965038092716
Pearson et al. / Table 3 SUSSEXtractor,Pearson et al.,Table 3 SUSSEXtractor,350,27.2,10-30 mJy,25% ALESS,6.283988793927678,4.982667291911652,-0.10077351294772618,0.09196838133737897,1.2006480248461182
Pearson et al. / Table 3 SUSSEXtractor,Pearson et al.,Table 3 SUSSEXtractor,350,31.7,30-100 mJy,25% ALESS,6.6296154022301605,4.1824051070222215,-0.2000622386038423,0.09357876340084635,4.570625563443316
Pearson et al. / Table 3 SUSSEXtractor,Pearson et al.,Table 3 SUSSEXtractor,350,37.0,30-100 mJy,25% ALESS,5.725090917291388,3.4780522812219035,-0.2164462819560493,0.09848879847558849,4.829771467935496
Pearson et al. / Table 3 SUSSEXtractor,Pearson et al.,Table 3 SUSSEXtractor,350,43.1,30-100 mJy,25% ALESS,3.9293352785023976,2.8638751298647844,-0.13736500942665575,0.10947435303860609,1.5744448981042483
Pearson et al. / Table 3 SUSSEXtractor,Pearson et al.,Table 3 SUSSEXtractor,350,50.3,30-100 mJy,25% ALESS,2.497316003411896,2.345884303990729,-0.027166910782670306,0.1288416201050661,0.04445986694851495
Pearson et al. / Table 3 SUSSEXtractor,Pearson et al.,Table 3 SUSSEXtractor,350,58.6,30-100 mJy,25% ALESS,2.022512895183652,1.866424993343075,-0.034880757805014984,0.14877031078344857,0.054971714566784305
Pearson et al. / Table 3 SUSSEXtractor,Pearson et al.,Table 3 SUSSEXtractor,350,68.3,30-100 mJy,25% ALESS,1.6978858968616426,1.4839691996280044,-0.05848361388621276,0.17395974316022467,0.11302405558840527
Pearson et al. / Table 3 SUSSEXtractor,Pearson et al.,Table 3 SUSSEXtractor,350,79.7,30-100 mJy,25% ALESS,1.2788569821136484,1.4319746586747937,0.04911335351235621,0.21063597916556204,0.054366836955777424
Pearson et al. / Table 3 SUSSEXtractor,Pearson et al.,Table 3 SUSSEXtractor,350,92.9,30-100 mJy,25% ALESS,0.8011640193009352,1.462105686926084,0.2612573296571243,0.2780736178690912,0.882708670547834
Pearson et al. / Table 3 SUSSEXtractor,Pearson et al.,Table 3 SUSSEXtractor,500,11.0,10-30 mJy,25% ALESS,0.7099409429178659,4.338058848211343,0.7860732161266571,0.13815077277707472,32.37571441159783
Pearson et al. / Table 3 SUSSEXtractor,Pearson et al.,Table 3 SUSSEXtractor,500,13.1,10-30 mJy,25% ALESS,0.9755185792305604,3.928062194393166,0.6049428103458923,0.123009160083602,24.185425526604018
Pearson et al. / Table 3 SUSSEXtractor,Pearson et al.,Table 3 SUSSEXtractor,500,15.6,10-30 mJy,25% ALESS,1.2297294541776769,3.3558655820301344,0.435994981722788,0.11567192565893138,14.207152754218864
Pearson et al. / Table 3 SUSSEXtractor,Pearson et al.,Table 3 SUSSEXtractor,500,18.7,10-30 mJy,25% ALESS,1.7822696507281353,2.753287206264131,0.18887810492748258,0.10671384344469063,3.1327209366396267
Pearson et al. / Table 3 SUSSEXtractor,Pearson et al.,Table 3 SUSSEXtractor,500,22.3,10-30 mJy,25% ALESS,1.4991602299363296,2.182937502859375,0.1631932494740556,0.11216665720448671,2.1167853725813752
Pearson et al. / Table 3 SUSSEXtractor,Pearson et al.,Table 3 SUSSEXtractor,500,26.6,10-30 mJy,25% ALESS,2.342901440115107,1.8086239981727135,-0.11240573023398232,0.10568838598379258,1.131155655869721
Pearson et al. / Table 3 SUSSEXtractor,Pearson et al.,Table 3 SUSSEXtractor,500,31.7,30-100 mJy,25% ALESS,1.5055179100221612,1.578117165634441,0.020453317446793462,0.12093184541993579,0.02860527697707358
Pearson et al. / Table 3 SUSSEXtractor,Pearson et al.,Table 3 SUSSEXtractor,500,37.9,30-100 mJy,25% ALESS,1.5072518227728426,1.28199526505319,-0.07029939659147398,0.13036353794199115,0.29079766705003657
Pearson et al. / Table 3 SUSSEXtractor,Pearson et al.,Table 3 SUSSEXtractor,500,45.2,30-100 mJy,25% ALESS,1.6431713167290312,0.9653886872922859,-0.23098063993333517,0.14130359775935544,2.672050865445518
Pearson et al. / Table 3 SUSSEXtractor,Pearson et al.,Table 3 SUSSEXtractor,500,54.0,30-100 mJy,25% ALESS,0.6356716800970146,0.7865923153938114,0.09251683571483978,0.21086852620652893,0.19249436275465323
Pearson et al. / Table 3 SUSSEXtractor,Pearson et al.,Table 3 SUSSEXtractor,500,64.5,30-100 mJy,25% ALESS,0.6792121558363464,0.7027922330747756,0.014821503375194833,0.23195561070830684,0.004082956476760717
Pearson et al. / Table 3 SUSSEXtractor,Pearson et al.,Table 3 SUSSEXtractor,500,77.0,30-100 mJy,25% ALESS,0.1752215163049658,0.6171844531481911,0.5468275434230438,0.45760415757055484,1.4279757756784552
Pearson et al. / Table 4 XID,Pearson et al.,Table 4 XID,250,11.1,10-30 mJy,25% ALESS,5.598900600436245,7.223113785215601,0.11062169896881391,0.09634579509616976,1.3183026292840294
Pearson et al. / Table 4 XID,Pearson et al.,Table 4 XID,250,13.6,10-30 mJy,25% ALESS,6.765245910727903,7.495519838452442,0.0445181705081652,0.09814086807693378,0.2057665740991734
Pearson et al. / Table 4 XID,Pearson et al.,Table 4 XID,250,16.6,10-30 mJy,25% ALESS,8.97608099633278,7.546096523155738,-0.07536440679744794,0.09856205126039216,0.5846730871129227
Pearson et al. / Table 4 XID,Pearson et al.,Table 4 XID,250,20.2,10-30 mJy,25% ALESS,10.263703870685983,7.429046767648001,-0.14037102089768105,0.10164995229414989,1.9069555001259546
Pearson et al. / Table 4 XID,Pearson et al.,Table 4 XID,250,24.7,10-30 mJy,25% ALESS,6.3703954460032985,7.242185676364113,0.055703262883330606,0.12174868146645179,0.2093306092301738
Pearson et al. / Table 4 XID,Pearson et al.,Table 4 XID,250,30.1,30-100 mJy,25% ALESS,6.353152646982634,6.369707566965092,0.0011302041103156135,0.13355016207325807,7.161845138824642e-05
Pearson et al. / Table 4 XID,Pearson et al.,Table 4 XID,250,36.8,30-100 mJy,25% ALESS,8.572271982396323,5.578692559971224,-0.1865635137174524,0.13424060687000908,1.931459524601688
Pearson et al. / Table 4 XID,Pearson et al.,Table 4 XID,250,44.9,30-100 mJy,25% ALESS,6.123409207517356,4.864145890608738,-0.09998669061343035,0.16783685826180994,0.35490302880513075
Pearson et al. / Table 4 XID,Pearson et al.,Table 4 XID,250,54.9,30-100 mJy,25% ALESS,3.6720418919985143,4.121361846356549,0.050133119135228776,0.23420133057684792,0.04582165126625039
Pearson et al. / Table 4 XID,Pearson et al.,Table 4 XID,250,67.0,30-100 mJy,25% ALESS,2.4773760067790604,3.4038508151680222,0.1379785902958759,0.3206551908116594,0.18515986589968209
Pearson et al. / Table 4 XID,Pearson et al.,Table 4 XID,250,81.8,30-100 mJy,25% ALESS,3.342598469369057,2.3407514846441675,-0.1547289024599523,0.3238260366592045,0.22830707021087943
Pearson et al. / Table 4 XID,Pearson et al.,Table 4 XID,250,99.9,30-100 mJy,25% ALESS,2.2550498607472518,1.5033972242023168,-0.1760824048271431,0.45137746454708394,0.15217810663509107
Pearson et al. / Table 4 XID,Pearson et al.,Table 4 XID,350,11.0,10-30 mJy,25% ALESS,3.795535011241487,7.3945683542360925,0.28963982599392324,0.1051940854755201,7.581129427107205
Pearson et al. / Table 4 XID,Pearson et al.,Table 4 XID,350,13.1,10-30 mJy,25% ALESS,4.3469192659581575,7.331025794589605,0.2269831733529668,0.10827846207061707,4.394436259493298
Pearson et al. / Table 4 XID,Pearson et al.,Table 4 XID,350,15.6,10-30 mJy,25% ALESS,5.354707888048621,6.950017835848054,0.11325013509732007,0.10983453957409113,1.0631623535774064
Pearson et al. / Table 4 XID,Pearson et al.,Table 4 XID,350,18.7,10-30 mJy,25% ALESS,7.395137881655979,6.460169635531206,-0.05870235364359466,0.10864505165798101,0.291938335376179
Pearson et al. / Table 4 XID,Pearson et al.,Table 4 XID,350,22.3,10-30 mJy,25% ALESS,6.162518572893834,5.895671597063582,-0.019224956896083167,0.12179766701528268,0.0249145363895239
Pearson et al. / Table 4 XID,Pearson et al.,Table 4 XID,350,26.6,10-30 mJy,25% ALESS,5.2420998877404825,5.111400038970146,-0.010965420192505237,0.13902171889746623,0.00622135880184939
Pearson et al. / Table 4 XID,Pearson et al.,Table 4 XID,350,31.7,30-100 mJy,25% ALESS,5.469916757482782,4.1824051070222215,-0.11655462097910507,0.15059319772256313,0.5990295993203825
Pearson et al. / Table 4 XID,Pearson et al.,Table 4 XID,350,37.9,30-100 mJy,25% ALESS,4.756315332091256,3.3732388884967377,-0.1492235411024021,0.17574269814029642,0.7209748308867963
Pearson et al. / Table 4 XID,Pearson et al.,Table 4 XID,350,45.2,30-100 mJy,25% ALESS,3.877414224468106,2.695555526289605,-0.1578939168234026,0.21354892963412178,0.5466835407877199
Pearson et al. / Table 4 XID,Pearson et al.,Table 4 XID,350,54.0,30-100 mJy,25% ALESS,2.022898209128248,2.109405772940042,0.01818610032085033,0.32122911113023705,0.0032051574821533218
Pearson et al. / Table 4 XID,Pearson et al.,Table 4 XID,500,11.2,10-30 mJy,25% ALESS,2.3298970944849966,4.315756650440489,0.2677202086531278,0.11409124860625795,5.506271778989103
Pearson et al. / Table 4 XID,Pearson et al.,Table 4 XID,500,13.8,10-30 mJy,25% ALESS,3.079332716723938,3.7480019034214407,0.08534318654488615,0.11539273062122954,0.5469917901849293
Pearson et al. / Table 4 XID,Pearson et al.,Table 4 XID,500,17.0,10-30 mJy,25% ALESS,3.1614045869228558,3.105707805572602,-0.007719485510364388,0.1252155437424558,0.003800670545961254
Pearson et al. / Table 4 XID,Pearson et al.,Table 4 XID,500,20.9,10-30 mJy,25% ALESS,1.6486620404395218,2.3777487349315063,0.15903432062701792,0.17465432837761916,0.8291307266156855
Pearson et al. / Table 4 XID,Pearson et al.,Table 4 XID,500,25.8,10-30 mJy,25% ALESS,1.6925878301234498,1.8520645634396329,0.039104908296133556,0.19688179312817175,0.03945040184493571
Pearson et al. / Table 4 XID,Pearson et al.,Table 4 XID,500,31.8,30-100 mJy,25% ALESS,2.3168927488548867,1.5742586077070424,-0.16782985374582512,0.19832133141151095,0.7161427069095091
Pearson et al. / Table 4 XID,Pearson et al.,Table 4 XID,500,39.2,30-100 mJy,25% ALESS,2.114410270969764,1.2142302919427712,-0.24088819655024932,0.23708596347544525,1.0323319180094481
Varnish et al. / Table 4 P(D) best-fit spline,Varnish et al.,Table 4 P(D) best-fit spline,250,10.0,10-30 mJy,25% ALESS,8.146172,6.937657684460648,-0.06974070840792768,0.11698253392598792,0.3554108325431087
Varnish et al. / Table 4 P(D) best-fit spline,Varnish et al.,Table 4 P(D) best-fit spline,250,19.952623,10-30 mJy,25% ALESS,8.279423,7.43869965717336,-0.04650304737767008,0.11383094838502175,0.16689453602152132
Varnish et al. / Table 4 P(D) best-fit spline,Varnish et al.,Table 4 P(D) best-fit spline,250,44.668359,30-100 mJy,25% ALESS,3.873282,4.881510763851564,0.10047513369160999,0.11663559448763422,0.742087251653573
Varnish et al. / Table 4 P(D) best-fit spline,Varnish et al.,Table 4 P(D) best-fit spline,250,100.0,100-300 mJy,25% ALESS,1.063676,1.5000693505657738,0.14930197738518086,0.14684149955029463,1.0337927866408796
Varnish et al. / Table 4 P(D) best-fit spline,Varnish et al.,Table 4 P(D) best-fit spline,250,199.818036,100-300 mJy,25% ALESS,0.4216965,1.8258234780542282,0.6364587908515473,0.18202825792094093,12.225396500705111
Varnish et al. / Table 4 P(D) best-fit spline,Varnish et al.,Table 4 P(D) best-fit spline,350,10.0,10-30 mJy,25% ALESS,6.456542,7.277396520599938,0.05197605832619989,0.15368186700719985,0.11438298511603034
Varnish et al. / Table 4 P(D) best-fit spline,Varnish et al.,Table 4 P(D) best-fit spline,350,19.952623,10-30 mJy,25% ALESS,6.441677,6.246260124002607,-0.013378878178994302,0.20937179699866468,0.004083222422072371
Varnish et al. / Table 4 P(D) best-fit spline,Varnish et al.,Table 4 P(D) best-fit spline,350,44.668359,30-100 mJy,25% ALESS,2.046968,2.7364690493215,0.12607948699997745,0.11930627314079803,1.1167663180758274
Varnish et al. / Table 4 P(D) best-fit spline,Varnish et al.,Table 4 P(D) best-fit spline,350,100.0,100-300 mJy,25% ALESS,0.2148484,1.4768099381960123,0.8371924824849108,0.14731066545746976,32.298492842976856
Varnish et al. / Table 4 P(D) best-fit spline,Varnish et al.,Table 4 P(D) best-fit spline,350,199.818036,100-300 mJy,25% ALESS,0.1368312,0.2241063865767517,0.21426909751253242,0.42245241379265,0.25725480127817235
Varnish et al. / Table 4 P(D) best-fit spline,Varnish et al.,Table 4 P(D) best-fit spline,500,10.0,10-30 mJy,25% ALESS,2.951209,4.457959275062895,0.1791361300939585,0.123811305738515,2.0933689015914325
Varnish et al. / Table 4 P(D) best-fit spline,Varnish et al.,Table 4 P(D) best-fit spline,500,19.952623,10-30 mJy,25% ALESS,1.618622,2.5277091803061276,0.19358166680017605,0.18857310541605432,1.0538260836399522
Varnish et al. / Table 4 P(D) best-fit spline,Varnish et al.,Table 4 P(D) best-fit spline,500,44.668359,30-100 mJy,25% ALESS,0.4435,0.9839577784447264,0.34608283911941146,0.12956865942806292,7.134445076754815
Varnish et al. / Table 4 P(D) best-fit spline,Varnish et al.,Table 4 P(D) best-fit spline,500,100.0,100-300 mJy,25% ALESS,0.04365158,0.49547512423819107,1.0550218873105566,0.198314321969985,28.30184708619298
Varnish et al. / Table 4 P(D) best-fit spline,Varnish et al.,Table 4 P(D) best-fit spline,500,199.818036,100-300 mJy,25% ALESS,0.03162278,0.3455393039914046,1.0384974074580597,0.3467650583890466,8.968920496306259
Clements et al. / Table 1,Clements et al.,Table 1,250,34.0,30-100 mJy,50% ALESS,7.006200655094297,3.8994253802427377,-0.25448195714096333,0.08541932080967753,8.875682625233747
Clements et al. / Table 1,Clements et al.,Table 1,250,38.0,30-100 mJy,50% ALESS,6.549274525414234,3.575712101804661,-0.2628306507538466,0.08580849269360762,9.381914573551963
Clements et al. / Table 1,Clements et al.,Table 1,250,42.0,30-100 mJy,50% ALESS,5.635422266054109,3.338653415733386,-0.22735512612566422,0.08757857846548715,6.73928337213101
Clements et al. / Table 1,Clements et al.,Table 1,250,47.0,30-100 mJy,50% ALESS,4.873878716587337,3.0909411127008553,-0.19778398668973574,0.08964072615821188,4.868234852995694
Clements et al. / Table 1,Clements et al.,Table 1,250,52.0,30-100 mJy,50% ALESS,4.26464387701392,2.7492505143305035,-0.1906684558856932,0.0924078307303731,4.257357773650585
Clements et al. / Table 1,Clements et al.,Table 1,250,56.0,30-100 mJy,50% ALESS,3.655409037440503,2.418662965326918,-0.17936062650798107,0.09607709433961949,3.4850940614924295
Clements et al. / Table 1,Clements et al.,Table 1,250,63.0,30-100 mJy,50% ALESS,2.9243272299524024,1.973085595497506,-0.17088004219563907,0.10120692236943768,2.850770448796662
Clements et al. / Table 1,Clements et al.,Table 1,250,73.0,30-100 mJy,50% ALESS,2.315092390378985,1.5887058376508376,-0.16352483611509136,0.11125051862294795,2.1605452008814954
Clements et al. / Table 1,Clements et al.,Table 1,250,83.0,30-100 mJy,50% ALESS,1.7363192927842388,1.4830790765348203,-0.06846528299019683,0.12063606640832533,0.3220968516538055
Clements et al. / Table 1,Clements et al.,Table 1,250,93.0,30-100 mJy,50% ALESS,1.279393163104176,1.3953664792016416,0.03768426016073369,0.1323684898306343,0.08104957811080228
Clements et al. / Table 1,Clements et al.,Table 1,250,125.0,100-300 mJy,50% ALESS,0.8833905173814548,1.3237399208849006,0.17564993327705652,0.149316829207623,1.3838163590126296
Clements et al. / Table 1,Clements et al.,Table 1,250,175.0,100-300 mJy,50% ALESS,0.4569261296800628,1.0015521748013185,0.3408275840932993,0.21053898988671294,2.620622119220878
Clements et al. / Table 1,Clements et al.,Table 1,250,250.0,100-300 mJy,50% ALESS,0.3350791617653794,0.902711359343153,0.43040148713482873,0.2792593617963595,2.375374249514304
Clements et al. / Table 1,Clements et al.,Table 1,350,38.0,30-100 mJy,50% ALESS,3.9600264572272112,1.8166975677376798,-0.3384154527477562,0.0918283334412337,13.58147586267689
Clements et al. / Table 1,Clements et al.,Table 1,350,41.0,30-100 mJy,50% ALESS,3.3507916176537944,1.649559805357564,-0.30777935467740847,0.09349500488591672,10.836827295893725
Clements et al. / Table 1,Clements et al.,Table 1,350,46.0,30-100 mJy,50% ALESS,2.8634037459950603,1.4252619746437116,-0.3029878902717589,0.09853681507848959,9.45482512317433
Clements et al. / Table 1,Clements et al.,Table 1,350,50.0,30-100 mJy,50% ALESS,2.0104749705922766,1.2893932534354158,-0.1929132772258501,0.10342610398063053,3.479075930229613
Clements et al. / Table 1,Clements et al.,Table 1,350,55.0,30-100 mJy,50% ALESS,1.5230870989335428,1.240045215161498,-0.08928721859968844,0.10922766162404425,0.6682105316861873
Clements et al. / Table 1,Clements et al.,Table 1,350,61.0,30-100 mJy,50% ALESS,1.279393163104176,1.1885737016380238,-0.031977908743551914,0.11238778882883355,0.08095839022513862
Clements et al. / Table 1,Clements et al.,Table 1,350,71.0,30-100 mJy,50% ALESS,0.852928775402784,1.1162178028700898,0.11683617839622601,0.12494029096840573,0.8744795549703611
Clements et al. / Table 1,Clements et al.,Table 1,350,82.0,30-100 mJy,50% ALESS,0.6092348395734172,1.0283523547749474,0.22735721602671266,0.1418972131570864,2.5672594036333165
Clements et al. / Table 1,Clements et al.,Table 1,350,91.0,30-100 mJy,50% ALESS,0.2741556778080377,0.9691659288660935,0.5484008934429838,0.18090525345592254,9.189543746973653
Clements et al. / Table 1,Clements et al.,Table 1,350,125.0,100-300 mJy,50% ALESS,0.213232193850696,0.7049046424538513,0.5192775956151896,0.20278189622254988,6.557537922057305
Clements et al. / Table 1,Clements et al.,Table 1,350,175.0,100-300 mJy,50% ALESS,0.1523087098933543,0.6724197342170336,0.6449157111388101,0.28606185873286266,5.082600816278273
Clements et al. / Table 1,Clements et al.,Table 1,350,250.0,100-300 mJy,50% ALESS,0.1827704518720251,0.8295307471775724,0.6569265025432119,0.2999854980602341,4.795490612052636
Clements et al. / Table 1,Clements et al.,Table 1,500,48.0,30-100 mJy,50% ALESS,0.5787730975947463,0.48447445011542745,-0.07723745767126944,0.14186164476391666,0.2964325969900987
Clements et al. / Table 1,Clements et al.,Table 1,500,52.0,30-100 mJy,50% ALESS,0.3960026457227211,0.46249036591610265,0.0674046029421202,0.13988630224663234,0.23218209691361627
Clements et al. / Table 1,Clements et al.,Table 1,500,56.0,30-100 mJy,50% ALESS,0.3350791617653794,0.4608715875376425,0.1384325146104829,0.15680249027895285,0.779417772261457
Clements et al. / Table 1,Clements et al.,Table 1,500,60.0,30-100 mJy,50% ALESS,0.2315092390378985,0.4593696341563437,0.2975939560517532,0.1809977332706501,2.7033479110240224
Clements et al. / Table 1,Clements et al.,Table 1,500,63.0,30-100 mJy,50% ALESS,0.1766781034762909,0.45831044305263535,0.4139770244383612,0.1826375417946137,5.1377429376828445
Clements et al. / Table 1,Clements et al.,Table 1,500,70.0,30-100 mJy,50% ALESS,0.1766781034762909,0.4560314838145885,0.4118120980754184,0.16996285112503418,5.870704035866524
Clements et al. / Table 1,Clements et al.,Table 1,500,82.0,30-100 mJy,50% ALESS,0.1127084453210821,0.3724321581353698,0.5190907143972863,0.21536910329920447,5.8092453723263855
Clements et al. / Table 1,Clements et al.,Table 1,500,95.0,30-100 mJy,50% ALESS,0.0578773097594746,0.3047043825493243,0.7213703645709609,0.31399071061367817,5.278165380358547
Clements et al. / Table 1,Clements et al.,Table 1,500,150.0,100-300 mJy,50% ALESS,0.0426464387701392,0.3744624667515622,0.9435255230058324,0.30812894149136344,9.376533750787678
Clements et al. / Table 1,Clements et al.,Table 1,500,250.0,100-300 mJy,50% ALESS,0.0868159646392119,0.5395634785459025,0.7934429506970846,0.3936265757228707,4.063147494268274
Glenn et al. / Table 4 P(D) spline no FIRAS,Glenn et al.,Table 4 P(D) spline no FIRAS,250,19.5,10-30 mJy,50% ALESS,9.017507836501386,6.0516838171294935,-0.17321029908539476,0.08996265919387215,3.7070022940940928
Glenn et al. / Table 4 P(D) spline no FIRAS,Glenn et al.,Table 4 P(D) spline no FIRAS,250,41.8,30-100 mJy,50% ALESS,3.8809737424406254,3.349593992697202,-0.06394853543571133,0.09755251591408877,0.42971870301082027
Glenn et al. / Table 4 P(D) spline no FIRAS,Glenn et al.,Table 4 P(D) spline no FIRAS,250,89.3,30-100 mJy,50% ALESS,1.510527538139541,1.4260573346107126,-0.024991660552297817,0.13429219121108674,0.034632887855568485
Glenn et al. / Table 4 P(D) spline no FIRAS,Glenn et al.,Table 4 P(D) spline no FIRAS,250,191.0,100-300 mJy,50% ALESS,0.0252687301851443,0.8888952746979466,1.5462671794089344,0.36869132021697704,17.58908503644834
Glenn et al. / Table 4 P(D) spline no FIRAS,Glenn et al.,Table 4 P(D) spline no FIRAS,350,19.5,10-30 mJy,50% ALESS,4.831550557897798,4.406231736521199,-0.040019194183048,0.10262004716281758,0.15208005441332687
Glenn et al. / Table 4 P(D) spline no FIRAS,Glenn et al.,Table 4 P(D) spline no FIRAS,350,41.8,30-100 mJy,50% ALESS,2.523136257402593,1.60956532661373,-0.1952320965677935,0.1160223901933145,2.8315146951036887
Glenn et al. / Table 4 P(D) spline no FIRAS,Glenn et al.,Table 4 P(D) spline no FIRAS,350,89.3,30-100 mJy,50% ALESS,0.3069931232350126,0.9796250935400304,0.5039312540234575,0.18580575306843308,7.3557045151147635
Glenn et al. / Table 4 P(D) spline no FIRAS,Glenn et al.,Table 4 P(D) spline no FIRAS,350,191.0,100-300 mJy,50% ALESS,0.1454063651432898,0.7079598069937448,0.687425184067171,0.30275261784500845,5.155550711535178
Glenn et al. / Table 4 P(D) spline no FIRAS,Glenn et al.,Table 4 P(D) spline no FIRAS,500,15.5,10-30 mJy,50% ALESS,2.7341934931185707,1.9539702496737896,-0.14591129837709332,0.11820216589390371,1.523796511743874
Glenn et al. / Table 4 P(D) spline no FIRAS,Glenn et al.,Table 4 P(D) spline no FIRAS,500,33.2,30-100 mJy,50% ALESS,0.6513961828025355,0.799018911072102,0.08871184899891703,0.14011841589323384,0.40084163502059744
Glenn et al. / Table 4 P(D) spline no FIRAS,Glenn et al.,Table 4 P(D) spline no FIRAS,500,71.0,30-100 mJy,50% ALESS,0.0950924138539357,0.4532820742002136,0.6782226726969895,0.22409196847631394,9.159927257732447
Oliver et al. / Table 2,Oliver et al.,Table 2,250,23.8,10-30 mJy,50% ALESS,5.323866093160368,5.630752256142397,0.02433929603004259,0.19589963526349652,0.015436497644530119
Oliver et al. / Table 2,Oliver et al.,Table 2,250,37.5,30-100 mJy,50% ALESS,5.309001872093681,3.6083210075804226,-0.16770771169381982,0.15499342727388896,1.1707913444811195
Oliver et al. / Table 2,Oliver et al.,Table 2,250,58.9,30-100 mJy,50% ALESS,3.077685356582988,2.216505445010123,-0.1425554156837449,0.20661861591902325,0.47602366707988314
Oliver et al. / Table 2,Oliver et al.,Table 2,250,85.9,30-100 mJy,50% ALESS,2.042205016169377,1.4560333860893562,-0.14692800535592593,0.22904143569151292,0.4115106231625575
Oliver et al. / Table 2,Oliver et al.,Table 2,250,166.2,100-300 mJy,50% ALESS,0.7203632993618143,1.074571240413808,0.17368363449128177,0.24655096896816203,0.49625439921332054
Oliver et al. / Table 2,Oliver et al.,Table 2,350,23.8,10-30 mJy,50% ALESS,2.9281263512382023,3.703320298244299,0.1020014625963358,0.2628888540997468,0.1505457333290344
Oliver et al. / Table 2,Oliver et al.,Table 2,350,37.5,30-100 mJy,50% ALESS,2.903360398801232,1.8475186507052794,-0.19631211755838274,0.19241465214470665,1.0409213958577601
Oliver et al. / Table 2,Oliver et al.,Table 2,350,58.9,30-100 mJy,50% ALESS,1.3593110324908195,1.2057452984019807,-0.052063264610192464,0.2751723727179793,0.03579753617200719
Oliver et al. / Table 2,Oliver et al.,Table 2,350,85.9,30-100 mJy,50% ALESS,0.724653392834295,1.001511065368173,0.1405254221157921,0.28072730610443414,0.2505765818979892
Oliver et al. / Table 2,Oliver et al.,Table 2,350,166.2,100-300 mJy,50% ALESS,0.2126786883830118,0.652302812731887,0.4867252779056285,0.2622872363116778,3.4436062666344447
Oliver et al. / Table 2,Oliver et al.,Table 2,500,23.8,10-30 mJy,50% ALESS,0.9582958967688664,1.3855892386483997,0.16013487309389818,0.39739059280140804,0.1623815474180046
Oliver et al. / Table 2,Oliver et al.,Table 2,500,37.5,30-100 mJy,50% ALESS,0.9124846967661014,0.6670345271554646,-0.13607727513542967,0.265177276418737,0.2633289436278128
Oliver et al. / Table 2,Oliver et al.,Table 2,500,58.9,30-100 mJy,50% ALESS,0.4103580475443983,0.45977196798255693,0.04937953426448549,0.39138319300548735,0.015918041583615695
Oliver et al. / Table 2,Oliver et al.,Table 2,500,85.9,30-100 mJy,50% ALESS,0.1515184366835344,0.34956181980222195,0.3630585108202572,0.3423090702985172,1.1249065096310376
Oliver et al. / Table 2,Oliver et al.,Table 2,500,166.2,100-300 mJy,50% ALESS,0.0445939185319218,0.402955150534946,0.9559810751462673,0.3855915651852263,6.14672154774079
Pearson et al. / Table 3 SUSSEXtractor,Pearson et al.,Table 3 SUSSEXtractor,250,10.7,10-30 mJy,50% ALESS,2.5697550249959176,6.73712275994627,0.41858273691904024,0.09887573963281798,17.92186230030153
Pearson et al. / Table 3 SUSSEXtractor,Pearson et al.,Table 3 SUSSEXtractor,250,12.3,10-30 mJy,50% ALESS,3.094552617535474,6.857733851845038,0.34558275464753757,0.09599805254824262,12.959232406334289
Pearson et al. / Table 3 SUSSEXtractor,Pearson et al.,Table 3 SUSSEXtractor,250,14.1,10-30 mJy,50% ALESS,3.7703932763566073,6.638595966573088,0.24568958544821462,0.09354460786450831,6.898203109352988
Pearson et al. / Table 3 SUSSEXtractor,Pearson et al.,Table 3 SUSSEXtractor,250,16.1,10-30 mJy,50% ALESS,6.604377338859135,6.43247069916278,-0.011454061955028405,0.08850380183290657,0.016749243710600725
Pearson et al. / Table 3 SUSSEXtractor,Pearson et al.,Table 3 SUSSEXtractor,250,18.4,10-30 mJy,50% ALESS,5.841070414614741,6.180154189892419,0.024506868793917946,0.08980422690947583,0.0744701269507361
Pearson et al. / Table 3 SUSSEXtractor,Pearson et al.,Table 3 SUSSEXtractor,250,21.1,10-30 mJy,50% ALESS,6.066960714634062,5.881469355928355,-0.01348534419968539,0.09027786156799258,0.022313183916085316
Pearson et al. / Table 3 SUSSEXtractor,Pearson et al.,Table 3 SUSSEXtractor,250,24.2,10-30 mJy,50% ALESS,9.714824156609186,5.596901508120636,-0.23948727960461413,0.08797255752686456,7.410891683088532
Pearson et al. / Table 3 SUSSEXtractor,Pearson et al.,Table 3 SUSSEXtractor,250,27.7,10-30 mJy,50% ALESS,8.074446365978476,4.875200250999718,-0.2191202948678732,0.0907359894113104,5.831846022280995
Pearson et al. / Table 3 SUSSEXtractor,Pearson et al.,Table 3 SUSSEXtractor,250,31.7,30-100 mJy,50% ALESS,6.621331152421351,4.2087405084815455,-0.19679315880064674,0.0947927394055827,4.3099263167410005
Pearson et al. / Table 3 SUSSEXtractor,Pearson et al.,Table 3 SUSSEXtractor,250,36.3,30-100 mJy,50% ALESS,7.0448875060183465,3.6896582201096058,-0.28088792409324215,0.09694231718858363,8.395360395112963
Pearson et al. / Table 3 SUSSEXtractor,Pearson et al.,Table 3 SUSSEXtractor,250,41.6,30-100 mJy,50% ALESS,6.452659973174515,3.360623152827965,-0.28331896518873523,0.10152293805388997,7.787946123555128
Pearson et al. / Table 3 SUSSEXtractor,Pearson et al.,Table 3 SUSSEXtractor,250,47.6,30-100 mJy,50% ALESS,3.874620698369786,3.0641838576552836,-0.10191437380378704,0.11629432061387672,0.7679870005328149
Pearson et al. / Table 3 SUSSEXtractor,Pearson et al.,Table 3 SUSSEXtractor,250,54.5,30-100 mJy,50% ALESS,4.821240731755657,2.534894208191862,-0.27919897788670195,0.11846651102999568,5.554391040720122
Pearson et al. / Table 3 SUSSEXtractor,Pearson et al.,Table 3 SUSSEXtractor,250,62.4,30-100 mJy,50% ALESS,3.782049023180632,2.0059980259407966,-0.27539665259575496,0.1349212699408264,4.166356936554674
Pearson et al. / Table 3 SUSSEXtractor,Pearson et al.,Table 3 SUSSEXtractor,250,71.4,30-100 mJy,50% ALESS,2.714825725136257,1.6076863800797947,-0.22754062328134259,0.16075726845806795,2.0034414296096217
Pearson et al. / Table 3 SUSSEXtractor,Pearson et al.,Table 3 SUSSEXtractor,250,81.8,30-100 mJy,50% ALESS,2.1318457269627262,1.4946990447655755,-0.15420201638832345,0.19237112229345493,0.6425402650167616
Pearson et al. / Table 3 SUSSEXtractor,Pearson et al.,Table 3 SUSSEXtractor,250,93.7,30-100 mJy,50% ALESS,1.5267101769749332,1.389770387652585,-0.04081354681806526,0.24693739121792882,0.027317123390856443
Pearson et al. / Table 3 SUSSEXtractor,Pearson et al.,Table 3 SUSSEXtractor,350,10.8,10-30 mJy,50% ALESS,1.1911980597180911,5.847961706554824,0.691020542780671,0.12117562731804309,32.520061877094214
Pearson et al. / Table 3 SUSSEXtractor,Pearson et al.,Table 3 SUSSEXtractor,350,12.6,10-30 mJy,50% ALESS,1.651070252593246,5.6138364427990055,0.5314942026929976,0.11135088964659036,22.782935526754954
Pearson et al. / Table 3 SUSSEXtractor,Pearson et al.,Table 3 SUSSEXtractor,350,14.7,10-30 mJy,50% ALESS,3.8949460089472177,5.255628788775487,0.1301232409694234,0.0940260907832944,1.9151949271984254
Pearson et al. / Table 3 SUSSEXtractor,Pearson et al.,Table 3 SUSSEXtractor,350,17.2,10-30 mJy,50% ALESS,4.143666160183844,4.914154688481427,0.0740640644938586,0.09332911731385185,0.6297682568496245
Pearson et al. / Table 3 SUSSEXtractor,Pearson et al.,Table 3 SUSSEXtractor,350,20.0,10-30 mJy,50% ALESS,5.516154430834284,4.3100066933965975,-0.10715847161141212,0.09109797694091618,1.3836796585026385
Pearson et al. / Table 3 SUSSEXtractor,Pearson et al.,Table 3 SUSSEXtractor,350,23.3,10-30 mJy,50% ALESS,4.553062226316941,3.7725343707735073,-0.08167038058269727,0.09427258376959965,0.7505132060676909
Pearson et al. / Table 3 SUSSEXtractor,Pearson et al.,Table 3 SUSSEXtractor,350,27.2,10-30 mJy,50% ALESS,6.283988793927678,3.0435316284735556,-0.31485758258868635,0.09325562354578347,11.399301823734556
Pearson et al. / Table 3 SUSSEXtractor,Pearson et al.,Table 3 SUSSEXtractor,350,31.7,30-100 mJy,50% ALESS,6.6296154022301605,2.36885715133926,-0.4469494624601349,0.09584576824034843,21.745577864550462
Pearson et al. / Table 3 SUSSEXtractor,Pearson et al.,Table 3 SUSSEXtractor,350,37.0,30-100 mJy,50% ALESS,5.725090917291388,1.879286961023413,-0.48378928735622845,0.10209620706034737,22.453977275779504
Pearson et al. / Table 3 SUSSEXtractor,Pearson et al.,Table 3 SUSSEXtractor,350,43.1,30-100 mJy,50% ALESS,3.9293352785023976,1.5481557287588972,-0.4045044432876539,0.11440420259122053,12.501514709711639
Pearson et al. / Table 3 SUSSEXtractor,Pearson et al.,Table 3 SUSSEXtractor,350,50.3,30-100 mJy,50% ALESS,2.497316003411896,1.2862389981148388,-0.2881518272076777,0.13508102653898574,4.550446900850828
Pearson et al. / Table 3 SUSSEXtractor,Pearson et al.,Table 3 SUSSEXtractor,350,58.6,30-100 mJy,50% ALESS,2.022512895183652,1.2082688696942183,-0.22372771297970395,0.15444556072540375,2.0984020737790545
Pearson et al. / Table 3 SUSSEXtractor,Pearson et al.,Table 3 SUSSEXtractor,350,68.3,30-100 mJy,50% ALESS,1.6978858968616426,1.1348181950240512,-0.17498221055949037,0.17832624358084165,0.9628469848834278
Pearson et al. / Table 3 SUSSEXtractor,Pearson et al.,Table 3 SUSSEXtractor,350,79.7,30-100 mJy,50% ALESS,1.2788569821136484,1.0451407836413928,-0.08764718374345784,0.21629806908047225,0.1641990526506771
Pearson et al. / Table 3 SUSSEXtractor,Pearson et al.,Table 3 SUSSEXtractor,350,92.9,30-100 mJy,50% ALESS,0.8011640193009352,0.9578332214354142,0.07756845934899069,0.28559216954360306,0.07376965289745266
Pearson et al. / Table 3 SUSSEXtractor,Pearson et al.,Table 3 SUSSEXtractor,500,11.0,10-30 mJy,50% ALESS,0.7099409429178659,2.9191654709117527,0.6140364903327461,0.13834509912357576,19.69975403393619
Pearson et al. / Table 3 SUSSEXtractor,Pearson et al.,Table 3 SUSSEXtractor,500,13.1,10-30 mJy,50% ALESS,0.9755185792305604,2.4726234179708895,0.40392243292657065,0.1233881819214566,10.716397562083873
Pearson et al. / Table 3 SUSSEXtractor,Pearson et al.,Table 3 SUSSEXtractor,500,15.6,10-30 mJy,50% ALESS,1.2297294541776769,1.9364647202771743,0.19720001387081837,0.11643405238262547,2.8684934094622045
Pearson et al. / Table 3 SUSSEXtractor,Pearson et al.,Table 3 SUSSEXtractor,500,18.7,10-30 mJy,50% ALESS,1.7822696507281353,1.6044095486838699,-0.04565817376991732,0.10800132911740178,0.17872235274370663
Pearson et al. / Table 3 SUSSEXtractor,Pearson et al.,Table 3 SUSSEXtractor,500,22.3,10-30 mJy,50% ALESS,1.4991602299363296,1.441532301552119,-0.017023674221174373,0.1136111047632488,0.022452516975641545
Pearson et al. / Table 3 SUSSEXtractor,Pearson et al.,Table 3 SUSSEXtractor,500,26.6,10-30 mJy,50% ALESS,2.342901440115107,1.1788120703082068,-0.29830944521245906,0.10817914277094323,7.60408455484451
Pearson et al. / Table 3 SUSSEXtractor,Pearson et al.,Table 3 SUSSEXtractor,500,31.7,30-100 mJy,50% ALESS,1.5055179100221612,0.8665358091451569,-0.23989941194047423,0.12587792442880155,3.632111900985735
Pearson et al. / Table 3 SUSSEXtractor,Pearson et al.,Table 3 SUSSEXtractor,500,37.9,30-100 mJy,50% ALESS,1.5072518227728426,0.6579293908502319,-0.360006530224949,0.13879402477487104,6.727895198631036
Pearson et al. / Table 3 SUSSEXtractor,Pearson et al.,Table 3 SUSSEXtractor,500,45.2,30-100 mJy,50% ALESS,1.6431713167290312,0.5237015685191658,-0.4965989706129945,0.1531544236329483,10.513626377484865
Pearson et al. / Table 3 SUSSEXtractor,Pearson et al.,Table 3 SUSSEXtractor,500,54.0,30-100 mJy,50% ALESS,0.6356716800970146,0.4616652753754145,-0.1389056536666353,0.22165853990356962,0.3927090491280924
Pearson et al. / Table 3 SUSSEXtractor,Pearson et al.,Table 3 SUSSEXtractor,500,64.5,30-100 mJy,50% ALESS,0.6792121558363464,0.45780049015519425,-0.1713291965320084,0.24287466710268849,0.49762056471577554
Pearson et al. / Table 3 SUSSEXtractor,Pearson et al.,Table 3 SUSSEXtractor,500,77.0,30-100 mJy,50% ALESS,0.1752215163049658,0.405801852441601,0.3647265909640885,0.46572230139623966,0.6133110437574933
Pearson et al. / Table 4 XID,Pearson et al.,Table 4 XID,250,11.1,10-30 mJy,50% ALESS,5.598900600436245,6.781386036536441,0.08321571033055541,0.09636854177006968,0.745658674649699
Pearson et al. / Table 4 XID,Pearson et al.,Table 4 XID,250,13.6,10-30 mJy,50% ALESS,6.765245910727903,6.695836849970029,-0.004478724300141179,0.09819436847943064,0.002080345632454432
Pearson et al. / Table 4 XID,Pearson et al.,Table 4 XID,250,16.6,10-30 mJy,50% ALESS,8.97608099633278,6.385860312310218,-0.14786734849837146,0.09867057474264089,2.2457905748230207
Pearson et al. / Table 4 XID,Pearson et al.,Table 4 XID,250,20.2,10-30 mJy,50% ALESS,10.263703870685983,5.9749577760810135,-0.23496927269146628,0.10184205719649254,5.323139141529911
Pearson et al. / Table 4 XID,Pearson et al.,Table 4 XID,250,24.7,10-30 mJy,50% ALESS,6.3703954460032985,5.523903624193894,-0.06192029943829247,0.12203296965879401,0.2574611684621042
Pearson et al. / Table 4 XID,Pearson et al.,Table 4 XID,250,30.1,30-100 mJy,50% ALESS,6.353152646982634,4.4531252667666035,-0.15432437819812916,0.1340981412000431,1.3244133681919685
Pearson et al. / Table 4 XID,Pearson et al.,Table 4 XID,250,36.8,30-100 mJy,50% ALESS,8.572271982396323,3.655224608862571,-0.3701818729995898,0.13526761496576423,7.489324214710047
Pearson et al. / Table 4 XID,Pearson et al.,Table 4 XID,250,44.9,30-100 mJy,50% ALESS,6.123409207517356,3.1893110591056506,-0.2832964040811311,0.1691039850334587,2.806560701446773
Pearson et al. / Table 4 XID,Pearson et al.,Table 4 XID,250,54.9,30-100 mJy,50% ALESS,3.6720418919985143,2.5030506204553413,-0.16643799449452484,0.23598525172254206,0.49743372292996674
Pearson et al. / Table 4 XID,Pearson et al.,Table 4 XID,250,67.0,30-100 mJy,50% ALESS,2.4773760067790604,1.7739008595639445,-0.1450625830045258,0.32367523760457517,0.20085926152473887
Pearson et al. / Table 4 XID,Pearson et al.,Table 4 XID,250,81.8,30-100 mJy,50% ALESS,3.342598469369057,1.4946990447655755,-0.34953045300115515,0.3274367880332396,1.139502012973884
Pearson et al. / Table 4 XID,Pearson et al.,Table 4 XID,250,99.9,30-100 mJy,50% ALESS,2.2550498607472518,1.342861361956865,-0.22512497079263108,0.4525320500969511,0.24748486963369828
Pearson et al. / Table 4 XID,Pearson et al.,Table 4 XID,350,11.0,10-30 mJy,50% ALESS,3.795535011241487,5.825929604738743,0.18609223084894755,0.10527704706585268,3.1245616257566877
Pearson et al. / Table 4 XID,Pearson et al.,Table 4 XID,350,13.1,10-30 mJy,50% ALESS,4.3469192659581575,5.521166154903491,0.10384924282485664,0.10840706831713046,0.9176804276327853
Pearson et al. / Table 4 XID,Pearson et al.,Table 4 XID,350,15.6,10-30 mJy,50% ALESS,5.354707888048621,5.123729244052407,-0.01914961200036025,0.11002345944582449,0.030293493884723403
Pearson et al. / Table 4 XID,Pearson et al.,Table 4 XID,350,18.7,10-30 mJy,50% ALESS,7.395137881655979,4.5701870446607185,-0.20901230092616063,0.10895774134060386,3.679827907462589
Pearson et al. / Table 4 XID,Pearson et al.,Table 4 XID,350,22.3,10-30 mJy,50% ALESS,6.162518572893834,3.919658029004459,-0.1965100625813666,0.12228258557922256,2.582500188601756
Pearson et al. / Table 4 XID,Pearson et al.,Table 4 XID,350,26.6,10-30 mJy,50% ALESS,5.2420998877404825,3.1567125399392886,-0.22027025664490524,0.13980519524704024,2.4823618882633536
Pearson et al. / Table 4 XID,Pearson et al.,Table 4 XID,350,31.7,30-100 mJy,50% ALESS,5.469916757482782,2.36885715133926,-0.36344184483539765,0.15201229401024774,5.716266008491506
Pearson et al. / Table 4 XID,Pearson et al.,Table 4 XID,350,37.9,30-100 mJy,50% ALESS,4.756315332091256,1.8227879662421087,-0.41653448678832317,0.17792929448908404,5.480333848530435
Pearson et al. / Table 4 XID,Pearson et al.,Table 4 XID,350,45.2,30-100 mJy,50% ALESS,3.877414224468106,1.4573783419959754,-0.42496988798454977,0.2164765272861348,3.8538489805317053
Pearson et al. / Table 4 XID,Pearson et al.,Table 4 XID,350,54.0,30-100 mJy,50% ALESS,2.022898209128248,1.2493966277628397,-0.20927370050500116,0.3238675325716845,0.41753653473596297
Pearson et al. / Table 4 XID,Pearson et al.,Table 4 XID,500,11.2,10-30 mJy,50% ALESS,2.3298970944849966,2.8893498795140595,0.09346339518234437,0.11433796465371056,0.6681934168476037
Pearson et al. / Table 4 XID,Pearson et al.,Table 4 XID,500,13.8,10-30 mJy,50% ALESS,3.079332716723938,2.2989040806232297,-0.12693576506453313,0.1158827370886499,1.199859849544025
Pearson et al. / Table 4 XID,Pearson et al.,Table 4 XID,500,17.0,10-30 mJy,50% ALESS,3.1614045869228558,1.7170315971034633,-0.2651017918860207,0.12616994497699818,4.41482506076943
Pearson et al. / Table 4 XID,Pearson et al.,Table 4 XID,500,20.9,10-30 mJy,50% ALESS,1.6486620404395218,1.499495735492087,-0.04118640367496923,0.17553772815679533,0.055051200857731186
Pearson et al. / Table 4 XID,Pearson et al.,Table 4 XID,500,25.8,10-30 mJy,50% ALESS,1.6925878301234498,1.2436936020487364,-0.1338378137428265,0.19803381285805108,0.45675043430167683
Pearson et al. / Table 4 XID,Pearson et al.,Table 4 XID,500,31.8,30-100 mJy,50% ALESS,2.3168927488548867,0.8617603907949347,-0.4295194016778629,0.2014181835901153,4.547453026828619
Pearson et al. / Table 4 XID,Pearson et al.,Table 4 XID,500,39.2,30-100 mJy,50% ALESS,2.114410270969764,0.6298049520902298,-0.5259831886339206,0.24222954026609997,4.7150849020148335
Varnish et al. / Table 4 P(D) best-fit spline,Varnish et al.,Table 4 P(D) best-fit spline,250,10.0,10-30 mJy,50% ALESS,8.146172,6.656279643689779,-0.08772201638216337,0.11699335848875092,0.5622051182695812
Varnish et al. / Table 4 P(D) best-fit spline,Varnish et al.,Table 4 P(D) best-fit spline,250,19.952623,10-30 mJy,50% ALESS,8.279423,6.001653142169085,-0.13972917916665284,0.11399646158375208,1.5024204049565806
Varnish et al. / Table 4 P(D) best-fit spline,Varnish et al.,Table 4 P(D) best-fit spline,250,44.668359,30-100 mJy,50% ALESS,3.873282,3.200637675241935,-0.08284260450122793,0.11843151860781502,0.48929738228661124
Varnish et al. / Table 4 P(D) best-fit spline,Varnish et al.,Table 4 P(D) best-fit spline,250,100.0,100-300 mJy,50% ALESS,1.063676,1.3421415565745218,0.10098896332870097,0.15031130223528738,0.45140311686026197
Varnish et al. / Table 4 P(D) best-fit spline,Varnish et al.,Table 4 P(D) best-fit spline,250,199.818036,100-300 mJy,50% ALESS,0.4216965,0.8358257706977724,0.29711576098146797,0.2392056160960523,1.5427964711210445
Varnish et al. / Table 4 P(D) best-fit spline,Varnish et al.,Table 4 P(D) best-fit spline,350,10.0,10-30 mJy,50% ALESS,6.456542,5.9412813134902045,-0.03611986421455138,0.1537236511784926,0.055209121400155735
Varnish et al. / Table 4 P(D) best-fit spline,Varnish et al.,Table 4 P(D) best-fit spline,350,19.952623,10-30 mJy,50% ALESS,6.441677,4.318930706054443,-0.17362270835913884,0.2095715714851849,0.686354227672802
Varnish et al. / Table 4 P(D) best-fit spline,Varnish et al.,Table 4 P(D) best-fit spline,350,44.668359,30-100 mJy,50% ALESS,2.046968,1.4794448694341704,-0.14101226735076103,0.12430763100314678,1.286821212914167
Varnish et al. / Table 4 P(D) best-fit spline,Varnish et al.,Table 4 P(D) best-fit spline,350,100.0,100-300 mJy,50% ALESS,0.2148484,0.9185107280549958,0.6309521093674149,0.16465233044304337,14.6844278332097
Varnish et al. / Table 4 P(D) best-fit spline,Varnish et al.,Table 4 P(D) best-fit spline,350,199.818036,100-300 mJy,50% ALESS,0.1368312,0.727022843998921,0.7253629214589036,0.2527190551842963,8.238245414029153
Varnish et al. / Table 4 P(D) best-fit spline,Varnish et al.,Table 4 P(D) best-fit spline,500,10.0,10-30 mJy,50% ALESS,2.951209,3.082071320482872,0.01884271761938111,0.12397928481037683,0.023098768484858284
Varnish et al. / Table 4 P(D) best-fit spline,Varnish et al.,Table 4 P(D) best-fit spline,500,19.952623,10-30 mJy,50% ALESS,1.618622,1.5423910446905198,-0.020950943944371553,0.1893564983664085,0.01224184177426655
Varnish et al. / Table 4 P(D) best-fit spline,Varnish et al.,Table 4 P(D) best-fit spline,500,44.668359,30-100 mJy,50% ALESS,0.4435,0.5317899098066882,0.07884646859303512,0.14205269310829002,0.3080814502938668
Varnish et al. / Table 4 P(D) best-fit spline,Varnish et al.,Table 4 P(D) best-fit spline,500,100.0,100-300 mJy,50% ALESS,0.04365158,0.2841157060884236,0.8134952745248212,0.2430302658333763,11.204419099817098
Varnish et al. / Table 4 P(D) best-fit spline,Varnish et al.,Table 4 P(D) best-fit spline,500,199.818036,100-300 mJy,50% ALESS,0.03162278,0.45968867355479115,1.1624637564630342,0.3058841865077802,14.442580316556088
Clements et al. / Table 1,Clements et al.,Table 1,250,34.0,30-100 mJy,ALESS,7.006200655094297,1.8251553250631523,-0.5841827413396979,0.08975491570768741,42.362439140602724
Clements et al. / Table 1,Clements et al.,Table 1,250,38.0,30-100 mJy,ALESS,6.549274525414234,1.5113567157556103,-0.6368262149405749,0.09240809713892546,47.4921478216663
Clements et al. / Table 1,Clements et al.,Table 1,250,42.0,30-100 mJy,ALESS,5.635422266054109,1.258998249688395,-0.6509013372505955,0.09716035565907497,44.87992637489831
Clements et al. / Table 1,Clements et al.,Table 1,250,47.0,30-100 mJy,ALESS,4.873878716587337,1.0253152743790128,-0.6770172906215542,0.10390355415956778,42.45596474977766
Clements et al. / Table 1,Clements et al.,Table 1,250,52.0,30-100 mJy,ALESS,4.26464387701392,0.9452657154993177,-0.6543288644096652,0.10936461553983691,35.79632944316797
Clements et al. / Table 1,Clements et al.,Table 1,250,56.0,30-100 mJy,ALESS,3.655409037440503,0.9755571748051055,-0.5736832539111306,0.1122484110997388,26.12064767130684
Clements et al. / Table 1,Clements et al.,Table 1,250,63.0,30-100 mJy,ALESS,2.9243272299524024,1.0257106418931285,-0.45500110681485556,0.11541069959659854,15.542925269649407
Clements et al. / Table 1,Clements et al.,Table 1,250,73.0,30-100 mJy,ALESS,2.315092390378985,1.00396427068897,-0.36285007015019066,0.12402506116284882,8.559246284816611
Clements et al. / Table 1,Clements et al.,Table 1,250,83.0,30-100 mJy,ALESS,1.7363192927842388,0.7554838533798066,-0.3614044040626066,0.1449393683424357,6.217476500924996
Clements et al. / Table 1,Clements et al.,Table 1,250,93.0,30-100 mJy,ALESS,1.279393163104176,0.5872156967625493,-0.33820636946472,0.17072898942604456,3.9241809533994454
Clements et al. / Table 1,Clements et al.,Table 1,250,125.0,100-300 mJy,ALESS,0.8833905173814548,0.5547093388419139,-0.20208725554976698,0.20379949964075028,0.9832673653300664
Clements et al. / Table 1,Clements et al.,Table 1,250,175.0,100-300 mJy,ALESS,0.4569261296800628,0.6724197342170336,0.16779445641914773,0.24330635704869405,0.47560707303356536
Clements et al. / Table 1,Clements et al.,Table 1,250,250.0,100-300 mJy,ALESS,0.3350791617653794,0.8295307471775724,0.3936850677686306,0.28820723971153983,1.865898919210928
Clements et al. / Table 1,Clements et al.,Table 1,350,38.0,30-100 mJy,ALESS,3.9600264572272112,0.7701704428106821,-0.7111112400033053,0.10361193507105129,47.10375365939154
Clements et al. / Table 1,Clements et al.,Table 1,350,41.0,30-100 mJy,ALESS,3.3507916176537944,0.6235580159625002,-0.7302705538000285,0.11037819576180714,43.772464262795296
Clements et al. / Table 1,Clements et al.,Table 1,350,46.0,30-100 mJy,ALESS,2.8634037459950603,0.45289316929089074,-0.8008868182455481,0.12604367249829299,40.37385269763594
Clements et al. / Table 1,Clements et al.,Table 1,350,50.0,30-100 mJy,ALESS,2.0104749705922766,0.369104585151357,-0.7361492305304013,0.14029696722043886,27.531835045070018
Clements et al. / Table 1,Clements et al.,Table 1,350,55.0,30-100 mJy,ALESS,1.5230870989335428,0.41797802322087796,-0.5615712918211431,0.1429480677545768,15.43310167752412
Clements et al. / Table 1,Clements et al.,Table 1,350,61.0,30-100 mJy,ALESS,1.279393163104176,0.47843282069178367,-0.42718306079399077,0.143008376012832,8.922880908021376
Clements et al. / Table 1,Clements et al.,Table 1,350,71.0,30-100 mJy,ALESS,0.852928775402784,0.5752983667658291,-0.17101962543005442,0.14911061547823162,1.3154513050155412
Clements et al. / Table 1,Clements et al.,Table 1,350,82.0,30-100 mJy,ALESS,0.6092348395734172,0.42841231357153264,-0.152922785867622,0.18282752558616266,0.6996184264511146
Clements et al. / Table 1,Clements et al.,Table 1,350,91.0,30-100 mJy,ALESS,0.2741556778080377,0.3461748978912336,0.10129832815418777,0.23219498508361275,0.19032633474474986
Clements et al. / Table 1,Clements et al.,Table 1,350,125.0,100-300 mJy,ALESS,0.213232193850696,0.16656280970038354,-0.10727473697829637,0.35404424063158985,0.09180785673557963
Clements et al. / Table 1,Clements et al.,Table 1,350,175.0,100-300 mJy,ALESS,0.1523087098933543,0.16133334966450388,0.024999411369081237,0.47454142973345553,0.002775308700445655
Clements et al. / Table 1,Clements et al.,Table 1,350,250.0,100-300 mJy,ALESS,0.1827704518720251,0.2754717645125205,0.17817110530007096,0.4647241679051419,0.14698872792038734
Clements et al. / Table 1,Clements et al.,Table 1,500,48.0,30-100 mJy,ALESS,0.5787730975947463,0.23587927390783464,-0.3898185538877375,0.172144158223795,5.1279104620525935
Clements et al. / Table 1,Clements et al.,Table 1,500,52.0,30-100 mJy,ALESS,0.3960026457227211,0.22349744760494955,-0.24842551974051746,0.17596626488140943,1.9931206231464875
Clements et al. / Table 1,Clements et al.,Table 1,500,56.0,30-100 mJy,ALESS,0.3350791617653794,0.19401996189011744,-0.23730100539555476,0.20254748899843675,1.3726045347312146
Clements et al. / Table 1,Clements et al.,Table 1,500,60.0,30-100 mJy,ALESS,0.2315092390378985,0.17008265821897056,-0.13390829264911708,0.23532734119477652,0.323795023330519
Clements et al. / Table 1,Clements et al.,Table 1,500,63.0,30-100 mJy,ALESS,0.1766781034762909,0.15495983613612677,-0.05696358028246418,0.24785278183598458,0.05282104151446974
Clements et al. / Table 1,Clements et al.,Table 1,500,70.0,30-100 mJy,ALESS,0.1766781034762909,0.12673266943105732,-0.14429414602570567,0.2697211163234448,0.28619861486585846
Clements et al. / Table 1,Clements et al.,Table 1,500,82.0,30-100 mJy,ALESS,0.1127084453210821,0.14157713666766908,0.09903666542728606,0.2985231576321929,0.11006163622242257
Clements et al. / Table 1,Clements et al.,Table 1,500,95.0,30-100 mJy,ALESS,0.0578773097594746,0.1611025699698368,0.4445941323717376,0.36632533894282054,1.4729687502917266
Clements et al. / Table 1,Clements et al.,Table 1,500,150.0,100-300 mJy,ALESS,0.0426464387701392,0.24057952090848927,0.7513758848331621,0.36170419913523166,4.315264330986776
Clements et al. / Table 1,Clements et al.,Table 1,500,250.0,100-300 mJy,ALESS,0.0868159646392119,0.37672981192580207,0.6374303935891064,0.44335465249693595,2.0671071745132346
Glenn et al. / Table 4 P(D) spline no FIRAS,Glenn et al.,Table 4 P(D) spline no FIRAS,250,19.5,10-30 mJy,ALESS,9.017507836501386,3.509039548453244,-0.4098982654692527,0.09071274284466478,20.418111149845124
Glenn et al. / Table 4 P(D) spline no FIRAS,Glenn et al.,Table 4 P(D) spline no FIRAS,250,41.8,30-100 mJy,ALESS,3.8809737424406254,1.2700159524014658,-0.4851315283663402,0.10608011225051736,20.91467203975868
Glenn et al. / Table 4 P(D) spline no FIRAS,Glenn et al.,Table 4 P(D) spline no FIRAS,250,89.3,30-100 mJy,ALESS,1.510527538139541,0.6424656277563952,-0.37127874957607315,0.16589486797985645,5.008806832317713
Glenn et al. / Table 4 P(D) spline no FIRAS,Glenn et al.,Table 4 P(D) spline no FIRAS,250,191.0,100-300 mJy,ALESS,0.0252687301851443,0.7079598069937448,1.4474251840671717,0.3819805592068861,14.358521708610857
Glenn et al. / Table 4 P(D) spline no FIRAS,Glenn et al.,Table 4 P(D) spline no FIRAS,350,19.5,10-30 mJy,ALESS,4.831550557897798,1.71430097933244,-0.4499994551669018,0.10456690701247258,18.51976414541244
Glenn et al. / Table 4 P(D) spline no FIRAS,Glenn et al.,Table 4 P(D) spline no FIRAS,350,41.8,30-100 mJy,ALESS,2.523136257402593,0.5909540903913406,-0.6303869613975555,0.13139727997544,23.01662773063759
Glenn et al. / Table 4 P(D) spline no FIRAS,Glenn et al.,Table 4 P(D) spline no FIRAS,350,89.3,30-100 mJy,ALESS,0.3069931232350126,0.35979718282944684,0.06892911132564411,0.23244288379577427,0.08793724369705427
Glenn et al. / Table 4 P(D) spline no FIRAS,Glenn et al.,Table 4 P(D) spline no FIRAS,350,191.0,100-300 mJy,ALESS,0.1454063651432898,0.183957343229816,0.10213371060958676,0.48089676336154924,0.045106020485350666
Glenn et al. / Table 4 P(D) spline no FIRAS,Glenn et al.,Table 4 P(D) spline no FIRAS,500,15.5,10-30 mJy,ALESS,2.7341934931185707,0.7178564408830063,-0.5807916440331312,0.12115534036691862,22.980294756794436
Glenn et al. / Table 4 P(D) spline no FIRAS,Glenn et al.,Table 4 P(D) spline no FIRAS,500,33.2,30-100 mJy,ALESS,0.6513961828025355,0.1894460770671917,-0.5363595926589024,0.17250764265294838,9.66708246935121
Glenn et al. / Table 4 P(D) spline no FIRAS,Glenn et al.,Table 4 P(D) spline no FIRAS,500,71.0,30-100 mJy,ALESS,0.0950924138539357,0.12475924538294862,0.1179268674277475,0.30967638126412256,0.1450138082106411
Oliver et al. / Table 2,Oliver et al.,Table 2,250,23.8,10-30 mJy,ALESS,5.323866093160368,2.8502770502594923,-0.27134004749558976,0.19657332034684544,1.9053670319248255
Oliver et al. / Table 2,Oliver et al.,Table 2,250,37.5,30-100 mJy,ALESS,5.309001872093681,1.5483431790791078,-0.5351456532347136,0.1585430700859429,11.393298524661994
Oliver et al. / Table 2,Oliver et al.,Table 2,250,58.9,30-100 mJy,ALESS,3.077685356582988,0.9967486753068431,-0.48963855104575826,0.21441002082088811,5.215080903479508
Oliver et al. / Table 2,Oliver et al.,Table 2,250,85.9,30-100 mJy,ALESS,2.042205016169377,0.7001475593705772,-0.4649097593413546,0.24539610218739277,3.5892359205844087
Oliver et al. / Table 2,Oliver et al.,Table 2,250,166.2,100-300 mJy,ALESS,0.7203632993618143,0.652302812731887,-0.043102327330036994,0.27884341555205494,0.023893548557350333
Oliver et al. / Table 2,Oliver et al.,Table 2,350,23.8,10-30 mJy,ALESS,2.9281263512382023,1.3027116166063246,-0.3517415271060137,0.2643292855747184,1.770747858399584
Oliver et al. / Table 2,Oliver et al.,Table 2,350,37.5,30-100 mJy,ALESS,2.903360398801232,0.7990481734493824,-0.5603279857668163,0.197906954295603,8.016088762214013
Oliver et al. / Table 2,Oliver et al.,Table 2,350,58.9,30-100 mJy,ALESS,1.3593110324908195,0.45705759735305057,-0.4733479094343551,0.2894682468094345,2.6739856062407363
Oliver et al. / Table 2,Oliver et al.,Table 2,350,85.9,30-100 mJy,ALESS,0.724653392834295,0.38954830613184366,-0.2695690096663043,0.3085814903701813,0.763132908165204
Oliver et al. / Table 2,Oliver et al.,Table 2,350,166.2,100-300 mJy,ALESS,0.2126786883830118,0.14931849605282296,-0.1536103662706877,0.4628511947650671,0.11014334740798991
Oliver et al. / Table 2,Oliver et al.,Table 2,500,23.8,10-30 mJy,ALESS,0.9582958967688664,0.35861230668727345,-0.4268744391960068,0.4013397276412287,1.1312953387630043
Oliver et al. / Table 2,Oliver et al.,Table 2,500,37.5,30-100 mJy,ALESS,0.9124846967661014,0.18501767246624293,-0.6930123764561238,0.28654521421440443,5.8491891080557235
Oliver et al. / Table 2,Oliver et al.,Table 2,500,58.9,30-100 mJy,ALESS,0.4103580475443983,0.1761964186258665,-0.3671658781233516,0.41710859936239847,0.7748655285895414
Oliver et al. / Table 2,Oliver et al.,Table 2,500,85.9,30-100 mJy,ALESS,0.1515184366835344,0.1474719695654825,-0.011756000259010468,0.39774282562021995,0.0008736036995821264
Oliver et al. / Table 2,Oliver et al.,Table 2,500,166.2,100-300 mJy,ALESS,0.0445939185319218,0.2632462434076283,0.7710865462977914,0.43101446425227213,3.2005348611906768
Pearson et al. / Table 3 SUSSEXtractor,Pearson et al.,Table 3 SUSSEXtractor,250,10.7,10-30 mJy,ALESS,2.5697550249959176,5.399482893415038,0.32246044561602416,0.09896124954223179,10.617507073669135
Pearson et al. / Table 3 SUSSEXtractor,Pearson et al.,Table 3 SUSSEXtractor,250,12.3,10-30 mJy,ALESS,3.094552617535474,5.247772765726033,0.22937714982985374,0.09613007936094876,5.693531166872314
Pearson et al. / Table 3 SUSSEXtractor,Pearson et al.,Table 3 SUSSEXtractor,250,14.1,10-30 mJy,ALESS,3.7703932763566073,4.698016791165996,0.09552791236849001,0.09377577170682114,1.0377178336474855
Pearson et al. / Table 3 SUSSEXtractor,Pearson et al.,Table 3 SUSSEXtractor,250,16.1,10-30 mJy,ALESS,6.604377338859135,4.219271134502175,-0.19459444409947846,0.0888941312509748,4.791976647771097
Pearson et al. / Table 3 SUSSEXtractor,Pearson et al.,Table 3 SUSSEXtractor,250,18.4,10-30 mJy,ALESS,5.841070414614741,3.728209475553962,-0.19499213581514618,0.09041681422218246,4.650887031752042
Pearson et al. / Table 3 SUSSEXtractor,Pearson et al.,Table 3 SUSSEXtractor,250,21.1,10-30 mJy,ALESS,6.066960714634062,3.2318627842466494,-0.2735182691893131,0.09125609869461813,8.983568480840193
Pearson et al. / Table 3 SUSSEXtractor,Pearson et al.,Table 3 SUSSEXtractor,250,24.2,10-30 mJy,ALESS,9.714824156609186,2.8011365301222733,-0.5401006667745816,0.08954450261509281,36.3807434670505
Pearson et al. / Table 3 SUSSEXtractor,Pearson et al.,Table 3 SUSSEXtractor,250,27.7,10-30 mJy,ALESS,8.074446365978476,2.3668229913966607,-0.5329469747297295,0.09300318098703572,32.83767472364751
Pearson et al. / Table 3 SUSSEXtractor,Pearson et al.,Table 3 SUSSEXtractor,250,31.7,30-100 mJy,ALESS,6.621331152421351,1.9946977112177322,-0.5210682194329445,0.0980018633735639,28.269654782079925
Pearson et al. / Table 3 SUSSEXtractor,Pearson et al.,Table 3 SUSSEXtractor,250,36.3,30-100 mJy,ALESS,7.0448875060183465,1.6430478458928577,-0.632223852247097,0.10182490093229551,38.550832489308945
Pearson et al. / Table 3 SUSSEXtractor,Pearson et al.,Table 3 SUSSEXtractor,250,41.6,30-100 mJy,ALESS,6.452659973174515,1.2811836118814006,-0.7021274055018819,0.10959108362315202,41.04699865910569
Pearson et al. / Table 3 SUSSEXtractor,Pearson et al.,Table 3 SUSSEXtractor,250,47.6,30-100 mJy,ALESS,3.874620698369786,1.001846486140904,-0.5874280148677893,0.12815738193234785,21.009806633467427
Pearson et al. / Table 3 SUSSEXtractor,Pearson et al.,Table 3 SUSSEXtractor,250,54.5,30-100 mJy,ALESS,4.821240731755657,0.9643482147553777,-0.6989249361644797,0.13203042347287972,28.02289751120223
Pearson et al. / Table 3 SUSSEXtractor,Pearson et al.,Table 3 SUSSEXtractor,250,62.4,30-100 mJy,ALESS,3.782049023180632,1.0215413559930826,-0.568471200635459,0.14600118132267473,15.160174351938036
Pearson et al. / Table 3 SUSSEXtractor,Pearson et al.,Table 3 SUSSEXtractor,250,71.4,30-100 mJy,ALESS,2.714825725136257,1.0544743746208727,-0.4107059256575685,0.16861417007754853,5.932992498756561
Pearson et al. / Table 3 SUSSEXtractor,Pearson et al.,Table 3 SUSSEXtractor,250,81.8,30-100 mJy,ALESS,2.1318457269627262,0.7802504948813892,-0.43652172056678307,0.20727744585561214,4.43514292395337
Pearson et al. / Table 3 SUSSEXtractor,Pearson et al.,Table 3 SUSSEXtractor,250,93.7,30-100 mJy,ALESS,1.5267101769749332,0.5775431960956962,-0.42217212869172427,0.27026316721134885,2.4400874582252863
Pearson et al. / Table 3 SUSSEXtractor,Pearson et al.,Table 3 SUSSEXtractor,350,10.8,10-30 mJy,ALESS,1.1911980597180911,2.908416378703052,0.38767260435703893,0.1215078659696635,10.17938257078109
Pearson et al. / Table 3 SUSSEXtractor,Pearson et al.,Table 3 SUSSEXtractor,350,12.6,10-30 mJy,ALESS,1.651070252593246,2.603782832385681,0.19783920645543776,0.11189316682642642,3.1262059958745
Pearson et al. / Table 3 SUSSEXtractor,Pearson et al.,Table 3 SUSSEXtractor,350,14.7,10-30 mJy,ALESS,3.8949460089472177,2.305640075268649,-0.22770992975231596,0.0949802907435618,5.747737813449783
Pearson et al. / Table 3 SUSSEXtractor,Pearson et al.,Table 3 SUSSEXtractor,350,17.2,10-30 mJy,ALESS,4.143666160183844,2.0369523108394114,-0.30840389724099765,0.09476196783101491,10.591843947770956
Pearson et al. / Table 3 SUSSEXtractor,Pearson et al.,Table 3 SUSSEXtractor,350,20.0,10-30 mJy,ALESS,5.516154430834284,1.6555318421232919,-0.522698877937778,0.093467674635182,31.273771553605144
Pearson et al. / Table 3 SUSSEXtractor,Pearson et al.,Table 3 SUSSEXtractor,350,23.3,10-30 mJy,ALESS,4.553062226316941,1.3413839590871506,-0.5307504772808195,0.0979670538846332,29.35085054046346
Pearson et al. / Table 3 SUSSEXtractor,Pearson et al.,Table 3 SUSSEXtractor,350,27.2,10-30 mJy,ALESS,6.283988793927678,1.1629609296369419,-0.7326702773101699,0.09842406594450515,55.413367497304264
Pearson et al. / Table 3 SUSSEXtractor,Pearson et al.,Table 3 SUSSEXtractor,350,31.7,30-100 mJy,ALESS,6.6296154022301605,1.044493008948104,-0.8025827973250067,0.10218667336958721,61.686647930357196
Pearson et al. / Table 3 SUSSEXtractor,Pearson et al.,Table 3 SUSSEXtractor,350,37.0,30-100 mJy,ALESS,5.725090917291388,0.8294183965595601,-0.8390087240614725,0.11142788147402055,56.6950583004217
Pearson et al. / Table 3 SUSSEXtractor,Pearson et al.,Table 3 SUSSEXtractor,350,43.1,30-100 mJy,ALESS,3.9293352785023976,0.5427369455461281,-0.8597297012852007,0.1324336652512935,42.14315677287147
Pearson et al. / Table 3 SUSSEXtractor,Pearson et al.,Table 3 SUSSEXtractor,350,50.3,30-100 mJy,ALESS,2.497316003411896,0.3719965919137263,-0.8269345391776177,0.164943867078434,25.134480829975423
Pearson et al. / Table 3 SUSSEXtractor,Pearson et al.,Table 3 SUSSEXtractor,350,58.6,30-100 mJy,ALESS,2.022512895183652,0.4540227155855908,-0.6488137173310449,0.17877448679364527,13.171309849856568
Pearson et al. / Table 3 SUSSEXtractor,Pearson et al.,Table 3 SUSSEXtractor,350,68.3,30-100 mJy,ALESS,1.6978858968616426,0.5544579322110029,-0.48603989998968733,0.19657978394336015,6.113165293977352
Pearson et al. / Table 3 SUSSEXtractor,Pearson et al.,Table 3 SUSSEXtractor,350,79.7,30-100 mJy,ALESS,1.2788569821136484,0.4540982021613239,-0.4496721964468126,0.24172700136692724,3.4605230156445907
Pearson et al. / Table 3 SUSSEXtractor,Pearson et al.,Table 3 SUSSEXtractor,350,92.9,30-100 mJy,ALESS,0.8011640193009352,0.33183943407281086,-0.3827934426120293,0.3236398910954733,1.3989586771922098
Pearson et al. / Table 3 SUSSEXtractor,Pearson et al.,Table 3 SUSSEXtractor,500,11.0,10-30 mJy,ALESS,0.7099409429178659,0.8764923605602711,0.09152591212843622,0.1397218879109004,0.42910071779344156
Pearson et al. / Table 3 SUSSEXtractor,Pearson et al.,Table 3 SUSSEXtractor,500,13.1,10-30 mJy,ALESS,0.9755185792305604,0.7705453613281308,-0.10243733481963412,0.12562404526382015,0.6649224446051084
Pearson et al. / Table 3 SUSSEXtractor,Pearson et al.,Table 3 SUSSEXtractor,500,15.6,10-30 mJy,ALESS,1.2297294541776769,0.7159154041314398,-0.23494786817635402,0.11945675633691731,3.868312771148996
Pearson et al. / Table 3 SUSSEXtractor,Pearson et al.,Table 3 SUSSEXtractor,500,18.7,10-30 mJy,ALESS,1.7822696507281353,0.5817262009184976,-0.4862547869615158,0.11326501627007152,18.43046090780008
Pearson et al. / Table 3 SUSSEXtractor,Pearson et al.,Table 3 SUSSEXtractor,500,22.3,10-30 mJy,ALESS,1.4991602299363296,0.4086368025150113,-0.5645105752872507,0.12383288056626823,20.78127614972941
Pearson et al. / Table 3 SUSSEXtractor,Pearson et al.,Table 3 SUSSEXtractor,500,26.6,10-30 mJy,ALESS,2.342901440115107,0.2891985319494751,-0.908557935289626,0.1280951556515053,50.308322950256986
Pearson et al. / Table 3 SUSSEXtractor,Pearson et al.,Table 3 SUSSEXtractor,500,31.7,30-100 mJy,ALESS,1.5055179100221612,0.20692220532341,-0.8618788279964954,0.15644630511847518,30.350217211854268
Pearson et al. / Table 3 SUSSEXtractor,Pearson et al.,Table 3 SUSSEXtractor,500,37.9,30-100 mJy,ALESS,1.5072518227728426,0.18695911903072765,-0.9064391647935529,0.17608612067722507,26.49885279040595
Pearson et al. / Table 3 SUSSEXtractor,Pearson et al.,Table 3 SUSSEXtractor,500,45.2,30-100 mJy,ALESS,1.6431713167290312,0.22233560526757618,-0.8686738282021966,0.18383272587510915,22.328925270375766
Pearson et al. / Table 3 SUSSEXtractor,Pearson et al.,Table 3 SUSSEXtractor,500,54.0,30-100 mJy,ALESS,0.6356716800970146,0.20796516766772744,-0.4852422629872072,0.2508287179861697,3.74250786787157
Pearson et al. / Table 3 SUSSEXtractor,Pearson et al.,Table 3 SUSSEXtractor,500,64.5,30-100 mJy,ALESS,0.6792121558363464,0.1481546670495359,-0.6612901130305768,0.300121581013869,4.855004178082364
Pearson et al. / Table 3 SUSSEXtractor,Pearson et al.,Table 3 SUSSEXtractor,500,77.0,30-100 mJy,ALESS,0.1752215163049658,0.1339691743386902,-0.11658255345256663,0.5111795967856007,0.052013982153255554
Pearson et al. / Table 4 XID,Pearson et al.,Table 4 XID,250,11.1,10-30 mJy,ALESS,5.598900600436245,5.375807763121754,-0.017659027241588965,0.09646573338012461,0.033511001891258003
Pearson et al. / Table 4 XID,Pearson et al.,Table 4 XID,250,13.6,10-30 mJy,ALESS,6.765245910727903,4.837486772032755,-0.14566379697938125,0.09838676849242933,2.1919460460909823
Pearson et al. / Table 4 XID,Pearson et al.,Table 4 XID,250,16.6,10-30 mJy,ALESS,8.97608099633278,4.115998747578347,-0.3386115288755396,0.0990588424479771,11.684684323534068
Pearson et al. / Table 4 XID,Pearson et al.,Table 4 XID,250,20.2,10-30 mJy,ALESS,10.263703870685983,3.3822541917026503,-0.4820978695607018,0.10259095663892993,22.082704730912862
Pearson et al. / Table 4 XID,Pearson et al.,Table 4 XID,250,24.7,10-30 mJy,ALESS,6.3703954460032985,2.7371512536384373,-0.36686759528103696,0.12324545159642038,8.860881020021099
Pearson et al. / Table 4 XID,Pearson et al.,Table 4 XID,250,30.1,30-100 mJy,ALESS,6.353152646982634,2.130108453614562,-0.47458757430895965,0.136065772983392,12.165639419885336
Pearson et al. / Table 4 XID,Pearson et al.,Table 4 XID,250,36.8,30-100 mJy,ALESS,8.572271982396323,1.6025264759695184,-0.7282907285522622,0.1390165890310236,27.44582601505813
Pearson et al. / Table 4 XID,Pearson et al.,Table 4 XID,250,44.9,30-100 mJy,ALESS,6.123409207517356,1.114536235619093,-0.7398990901362654,0.1757965295317893,17.714316178994654
Pearson et al. / Table 4 XID,Pearson et al.,Table 4 XID,250,54.9,30-100 mJy,ALESS,3.6720418919985143,0.9673544189170286,-0.5793220072743215,0.2430641227086973,5.68065394707458
Pearson et al. / Table 4 XID,Pearson et al.,Table 4 XID,250,67.0,30-100 mJy,ALESS,2.4773760067790604,1.0529404417053956,-0.37158812062429825,0.3279452725575695,1.2838695345366544
Pearson et al. / Table 4 XID,Pearson et al.,Table 4 XID,250,81.8,30-100 mJy,ALESS,3.342598469369057,0.7802504948813892,-0.6318501571796147,0.3364106731741838,3.5276757823104314
Pearson et al. / Table 4 XID,Pearson et al.,Table 4 XID,250,99.9,30-100 mJy,ALESS,2.2550498607472518,0.501132408067439,-0.6532036595468056,0.4703205847925797,1.928897916638331
Pearson et al. / Table 4 XID,Pearson et al.,Table 4 XID,350,11.0,10-30 mJy,ALESS,3.795535011241487,2.871729756580444,-0.12112943353472788,0.1056784356176343,1.3137920244196626
Pearson et al. / Table 4 XID,Pearson et al.,Table 4 XID,350,13.1,10-30 mJy,ALESS,4.3469192659581575,2.5250618976499317,-0.2359095456584685,0.10902306304015663,4.682246453295309
Pearson et al. / Table 4 XID,Pearson et al.,Table 4 XID,350,15.6,10-30 mJy,ALESS,5.354707888048621,2.200050128686749,-0.3863032075830202,0.11097394687686446,12.117542839663107
Pearson et al. / Table 4 XID,Pearson et al.,Table 4 XID,350,18.7,10-30 mJy,ALESS,7.395137881655979,1.81615768011475,-0.6097927242075496,0.11056431627044802,30.418269777660935
Pearson et al. / Table 4 XID,Pearson et al.,Table 4 XID,350,22.3,10-30 mJy,ALESS,6.162518572893834,1.4249571993558643,-0.6359564213053261,0.12478492278115874,25.973500503988962
Pearson et al. / Table 4 XID,Pearson et al.,Table 4 XID,350,26.6,10-30 mJy,ALESS,5.2420998877404825,1.1813080441777863,-0.6471421308074696,0.14318079587949809,20.428186063533655
Pearson et al. / Table 4 XID,Pearson et al.,Table 4 XID,350,31.7,30-100 mJy,ALESS,5.469916757482782,1.044493008948104,-0.7190751797002695,0.15608793180453803,21.22315493861889
Pearson et al. / Table 4 XID,Pearson et al.,Table 4 XID,350,37.9,30-100 mJy,ALESS,4.756315332091256,0.7758310848662452,-0.7875034632753711,0.18419914730844658,18.278043809718618
Pearson et al. / Table 4 XID,Pearson et al.,Table 4 XID,350,45.2,30-100 mJy,ALESS,3.877414224468106,0.4755219797040023,-0.9113716033864828,0.22917504306904973,15.814531916175973
Pearson et al. / Table 4 XID,Pearson et al.,Table 4 XID,350,54.0,30-100 mJy,ALESS,2.022898209128248,0.4080905924055972,-0.6952174466919967,0.33689258882796835,4.258517244697639
Pearson et al. / Table 4 XID,Pearson et al.,Table 4 XID,500,11.2,10-30 mJy,ALESS,2.3298970944849966,0.8607586601646146,-0.4324553389164718,0.11608200140203308,13.878826658753976
Pearson et al. / Table 4 XID,Pearson et al.,Table 4 XID,500,13.8,10-30 mJy,ALESS,3.079332716723938,0.7538408295415673,-0.611176960210478,0.11844647516422424,26.625003034184274
Pearson et al. / Table 4 XID,Pearson et al.,Table 4 XID,500,17.0,10-30 mJy,ALESS,3.1614045869228558,0.6904735610899413,-0.6607330254091404,0.12929271370072776,26.115835694701474
Pearson et al. / Table 4 XID,Pearson et al.,Table 4 XID,500,20.9,10-30 mJy,ALESS,1.6486620404395218,0.46539536767156275,-0.5493095824480523,0.18076092449319148,9.234752121101504
Pearson et al. / Table 4 XID,Pearson et al.,Table 4 XID,500,25.8,10-30 mJy,ALESS,1.6925878301234498,0.3065541309841393,-0.742044041071543,0.2084499271996217,12.67231232640768
Pearson et al. / Table 4 XID,Pearson et al.,Table 4 XID,500,31.8,30-100 mJy,ALESS,2.3168927488548867,0.2056820869489248,-1.0517094601382246,0.22202242150839818,22.43871026181681
Pearson et al. / Table 4 XID,Pearson et al.,Table 4 XID,500,39.2,30-100 mJy,ALESS,2.114410270969764,0.19326655062814502,-1.039032564213695,0.26503757064346584,15.368922962337415
Varnish et al. / Table 4 P(D) best-fit spline,Varnish et al.,Table 4 P(D) best-fit spline,250,10.0,10-30 mJy,ALESS,8.146172,5.443401404746881,-0.17508321459499399,0.11705280815925977,2.237305804766275
Varnish et al. / Table 4 P(D) best-fit spline,Varnish et al.,Table 4 P(D) best-fit spline,250,19.952623,10-30 mJy,ALESS,8.279423,3.4260211958563436,-0.38321002599025333,0.11463828613539223,11.174146395016125
Varnish et al. / Table 4 P(D) best-fit spline,Varnish et al.,Table 4 P(D) best-fit spline,250,44.668359,30-100 mJy,ALESS,3.873282,1.1251091213218178,-0.5368844720371742,0.12762333447599383,17.69707582782801
Varnish et al. / Table 4 P(D) best-fit spline,Varnish et al.,Table 4 P(D) best-fit spline,250,100.0,100-300 mJy,ALESS,1.063676,0.5000231168552579,-0.32781927733448163,0.197705027681487,2.7493722810041934
Varnish et al. / Table 4 P(D) best-fit spline,Varnish et al.,Table 4 P(D) best-fit spline,250,199.818036,100-300 mJy,ALESS,0.4216965,0.727022843998921,0.23654806069927528,0.2527190551842964,0.8761184079809351
Varnish et al. / Table 4 P(D) best-fit spline,Varnish et al.,Table 4 P(D) best-fit spline,350,10.0,10-30 mJy,ALESS,6.456542,3.0674648018615436,-0.32322039242716977,0.1539366923351099,4.408726982797275
Varnish et al. / Table 4 P(D) best-fit spline,Varnish et al.,Table 4 P(D) best-fit spline,350,19.952623,10-30 mJy,ALESS,6.441677,1.6609504615467527,-0.5886422648859189,0.2106046256249002,7.812087010715303
Varnish et al. / Table 4 P(D) best-fit spline,Varnish et al.,Table 4 P(D) best-fit spline,350,44.668359,30-100 mJy,ALESS,2.046968,0.4914175513472949,-0.619660389868147,0.1441706833798698,18.473686007192015
Varnish et al. / Table 4 P(D) best-fit spline,Varnish et al.,Table 4 P(D) best-fit spline,350,100.0,100-300 mJy,ALESS,0.2148484,0.2854081335920128,0.12333422173382091,0.24259887037482886,0.258457802046299
Varnish et al. / Table 4 P(D) best-fit spline,Varnish et al.,Table 4 P(D) best-fit spline,350,199.818036,100-300 mJy,ALESS,0.1368312,0.19684260637720002,0.15793397114923535,0.4487891453807833,0.12384156239708972
Varnish et al. / Table 4 P(D) best-fit spline,Varnish et al.,Table 4 P(D) best-fit spline,500,10.0,10-30 mJy,ALESS,2.951209,0.9646278393681869,-0.48564017504473367,0.12516748547184747,15.053800583302499
Varnish et al. / Table 4 P(D) best-fit spline,Varnish et al.,Table 4 P(D) best-fit spline,500,19.952623,10-30 mJy,ALESS,1.618622,0.5107806313115577,-0.5009110183909947,0.19336461249106757,6.7106899749035085
Varnish et al. / Table 4 P(D) best-fit spline,Varnish et al.,Table 4 P(D) best-fit spline,500,44.668359,30-100 mJy,ALESS,0.4435,0.21976253688344272,-0.3049399643400541,0.17508829779262,3.0332936035034814
Varnish et al. / Table 4 P(D) best-fit spline,Varnish et al.,Table 4 P(D) best-fit spline,500,100.0,100-300 mJy,ALESS,0.04365158,0.16852329861309573,0.5866599833346455,0.30132476492268495,3.7905591525041378
Varnish et al. / Table 4 P(D) best-fit spline,Varnish et al.,Table 4 P(D) best-fit spline,500,199.818036,100-300 mJy,ALESS,0.03162278,0.3094575774417137,0.9906010747116882,0.36438146688772516,7.3906907422542565
Clements et al. / Table 1,Clements et al.,Table 1,250,34.0,30-100 mJy,Casey T30K a=2.5,7.006200655094297,4.800744730447389,-0.16417395731620565,0.08468172820945497,3.758625952610491
Clements et al. / Table 1,Clements et al.,Table 1,250,38.0,30-100 mJy,Casey T30K a=2.5,6.549274525414234,4.135321126984497,-0.19968395490586244,0.0851267942609214,5.502420564198552
Clements et al. / Table 1,Clements et al.,Table 1,250,42.0,30-100 mJy,Casey T30K a=2.5,5.635422266054109,3.588657626499923,-0.195994436852011,0.08715132424620105,5.057542114147147
Clements et al. / Table 1,Clements et al.,Table 1,250,47.0,30-100 mJy,Casey T30K a=2.5,4.873878716587337,3.060053184198563,-0.20214574318500717,0.08971783948554754,5.0765841239110845
Clements et al. / Table 1,Clements et al.,Table 1,250,52.0,30-100 mJy,Casey T30K a=2.5,4.26464387701392,2.613290414319078,-0.21269509541200043,0.09291113467467364,5.240580821859609
Clements et al. / Table 1,Clements et al.,Table 1,250,56.0,30-100 mJy,Casey T30K a=2.5,3.655409037440503,2.2979844351543925,-0.20158889845640982,0.09669749966681186,4.346130217307306
Clements et al. / Table 1,Clements et al.,Table 1,250,63.0,30-100 mJy,Casey T30K a=2.5,2.9243272299524024,1.8732562525755974,-0.19342877735570413,0.10208019883162063,3.590534952622066
Clements et al. / Table 1,Clements et al.,Table 1,250,73.0,30-100 mJy,Casey T30K a=2.5,2.315092390378985,1.5683181331506402,-0.16913416359255798,0.11155160516191363,2.2988521059712177
Clements et al. / Table 1,Clements et al.,Table 1,250,83.0,30-100 mJy,Casey T30K a=2.5,1.7363192927842388,1.7181958894683778,-0.00455691513923856,0.11677327064602086,0.0015228425164780755
Clements et al. / Table 1,Clements et al.,Table 1,250,93.0,30-100 mJy,Casey T30K a=2.5,1.279393163104176,1.8629296892884757,0.16319243847918635,0.12410087552576266,1.7292204894641445
Clements et al. / Table 1,Clements et al.,Table 1,250,125.0,100-300 mJy,Casey T30K a=2.5,0.8833905173814548,1.3601061520348006,0.18742007193951835,0.14806914966341528,1.6021494899495587
Clements et al. / Table 1,Clements et al.,Table 1,250,175.0,100-300 mJy,Casey T30K a=2.5,0.4569261296800628,0.41912269305152167,-0.03750481825140328,0.29418866660837184,0.016252577839565942
Clements et al. / Table 1,Clements et al.,Table 1,250,250.0,100-300 mJy,Casey T30K a=2.5,0.3350791617653794,0.2754717645125206,-0.08507032947451021,0.4572096523596421,0.034619871281901644
Clements et al. / Table 1,Clements et al.,Table 1,350,38.0,30-100 mJy,Casey T30K a=2.5,3.9600264572272112,2.268904962562403,-0.24188178248021375,0.08997027546988406,7.227834843045973
Clements et al. / Table 1,Clements et al.,Table 1,350,41.0,30-100 mJy,Casey T30K a=2.5,3.3507916176537944,2.0405655877691866,-0.2153968619321538,0.09132618099311864,5.562732160795729
Clements et al. / Table 1,Clements et al.,Table 1,350,46.0,30-100 mJy,Casey T30K a=2.5,2.8634037459950603,1.7377642226735546,-0.2168917371163722,0.09587537587999408,5.117665014085041
Clements et al. / Table 1,Clements et al.,Table 1,350,50.0,30-100 mJy,Casey T30K a=2.5,2.0104749705922766,1.5480514580624043,-0.11351327795473926,0.1004726403436004,1.2764320474983593
Clements et al. / Table 1,Clements et al.,Table 1,350,55.0,30-100 mJy,Casey T30K a=2.5,1.5230870989335428,1.370675520689767,-0.04579008287004277,0.10732488324510998,0.18202959784781544
Clements et al. / Table 1,Clements et al.,Table 1,350,61.0,30-100 mJy,Casey T30K a=2.5,1.279393163104176,1.200936381198661,-0.027484024026921003,0.11214623452006153,0.06006081857338173
Clements et al. / Table 1,Clements et al.,Table 1,350,71.0,30-100 mJy,Casey T30K a=2.5,0.852928775402784,0.9916286302606553,0.06543629068518042,0.12843365280792435,0.25958504988237985
Clements et al. / Table 1,Clements et al.,Table 1,350,82.0,30-100 mJy,Casey T30K a=2.5,0.6092348395734172,0.8953980644994294,0.16723142042791636,0.14677912076163954,1.298097141161337
Clements et al. / Table 1,Clements et al.,Table 1,350,91.0,30-100 mJy,Casey T30K a=2.5,0.2741556778080377,0.8316939140059454,0.48196627888560584,0.18620618876674683,6.699541549362931
Clements et al. / Table 1,Clements et al.,Table 1,350,125.0,100-300 mJy,Casey T30K a=2.5,0.213232193850696,0.6607655482507864,0.49119461596473835,0.20702967758510885,5.629139145903275
Clements et al. / Table 1,Clements et al.,Table 1,350,175.0,100-300 mJy,Casey T30K a=2.5,0.1523087098933543,0.48046141868403874,0.4989337798014526,0.3160877775093249,2.4915546134048467
Clements et al. / Table 1,Clements et al.,Table 1,500,48.0,30-100 mJy,Casey T30K a=2.5,0.5787730975947463,0.39753006015913633,-0.16313836171398283,0.14865412764531177,1.2043653383440618
Clements et al. / Table 1,Clements et al.,Table 1,500,52.0,30-100 mJy,Casey T30K a=2.5,0.3960026457227211,0.3668214419248429,-0.033243373801649545,0.149491129177965,0.049451485408323816
Clements et al. / Table 1,Clements et al.,Table 1,500,56.0,30-100 mJy,Casey T30K a=2.5,0.3350791617653794,0.3682870991796989,0.04103908577216575,0.16610731711423465,0.061040464149670966
Clements et al. / Table 1,Clements et al.,Table 1,500,60.0,30-100 mJy,Casey T30K a=2.5,0.2315092390378985,0.36965685672378884,0.2032304388256882,0.18970398518425224,1.1476900092221956
Clements et al. / Table 1,Clements et al.,Table 1,500,63.0,30-100 mJy,Casey T30K a=2.5,0.1766781034762909,0.370628591715558,0.3217561906779149,0.191700981303032,2.8171187306014396
Clements et al. / Table 1,Clements et al.,Table 1,500,70.0,30-100 mJy,Casey T30K a=2.5,0.1766781034762909,0.37273573972434637,0.3242183082832014,0.18071995195603774,3.2185693100311896
Clements et al. / Table 1,Clements et al.,Table 1,500,82.0,30-100 mJy,Casey T30K a=2.5,0.1127084453210821,0.3314692655201503,0.4684868067235096,0.22276096105541793,4.4229961797893935
Clements et al. / Table 1,Clements et al.,Table 1,500,95.0,30-100 mJy,Casey T30K a=2.5,0.0578773097594746,0.2948376663360994,0.7070746289309858,0.31611210132088446,5.003204622545311
Clements et al. / Table 1,Clements et al.,Table 1,500,150.0,100-300 mJy,Casey T30K a=2.5,0.0426464387701392,0.1280277067568837,0.47742119558094254,0.468048407140074,1.0404515196851518
Clements et al. / Table 1,Clements et al.,Table 1,500,250.0,100-300 mJy,Casey T30K a=2.5,0.0868159646392119,0.27547176451252064,0.5014774956752048,0.49725114830843303,1.0170710842445643
Glenn et al. / Table 4 P(D) spline no FIRAS,Glenn et al.,Table 4 P(D) spline no FIRAS,250,19.5,10-30 mJy,Casey T30K a=2.5,9.017507836501386,7.97241754978831,-0.05349649191270067,0.08971187394355906,0.3555909916574875
Glenn et al. / Table 4 P(D) spline no FIRAS,Glenn et al.,Table 4 P(D) spline no FIRAS,250,41.8,30-100 mJy,Casey T30K a=2.5,3.8809737424406254,3.61300720612763,-0.031071876670189402,0.09715542218840409,0.102282393464051
Glenn et al. / Table 4 P(D) spline no FIRAS,Glenn et al.,Table 4 P(D) spline no FIRAS,250,89.3,30-100 mJy,Casey T30K a=2.5,1.510527538139541,1.809929124391672,0.0785329213007081,0.1280027714470046,0.37641312644164315
Glenn et al. / Table 4 P(D) spline no FIRAS,Glenn et al.,Table 4 P(D) spline no FIRAS,250,191.0,100-300 mJy,Casey T30K a=2.5,0.0252687301851443,0.27732111942676313,1.0403995264720525,0.4711826676192941,4.875528264498333
Glenn et al. / Table 4 P(D) spline no FIRAS,Glenn et al.,Table 4 P(D) spline no FIRAS,350,19.5,10-30 mJy,Casey T30K a=2.5,4.831550557897798,4.606170925010977,-0.020746478752945663,0.1025657057461123,0.04091517808289425
Glenn et al. / Table 4 P(D) spline no FIRAS,Glenn et al.,Table 4 P(D) spline no FIRAS,350,41.8,30-100 mJy,Casey T30K a=2.5,2.523136257402593,1.9862568064377955,-0.10390530599392744,0.11420442312543043,0.8277698471784825
Glenn et al. / Table 4 P(D) spline no FIRAS,Glenn et al.,Table 4 P(D) spline no FIRAS,350,89.3,30-100 mJy,Casey T30K a=2.5,0.3069931232350126,0.8428837979316774,0.4386390586067252,0.1906847544536136,5.291546998531258
Glenn et al. / Table 4 P(D) spline no FIRAS,Glenn et al.,Table 4 P(D) spline no FIRAS,350,191.0,100-300 mJy,Casey T30K a=2.5,0.1454063651432898,0.43660416132152885,0.47750445258125224,0.34945532511524524,1.8671169675047918
Glenn et al. / Table 4 P(D) spline no FIRAS,Glenn et al.,Table 4 P(D) spline no FIRAS,500,15.5,10-30 mJy,Casey T30K a=2.5,2.7341934931185707,1.7969526503159357,-0.18229261182116996,0.11835379867390323,2.3723225205452914
Glenn et al. / Table 4 P(D) spline no FIRAS,Glenn et al.,Table 4 P(D) spline no FIRAS,500,33.2,30-100 mJy,Casey T30K a=2.5,0.6513961828025355,0.9071471960758026,0.1438325532760379,0.1387734493749798,1.0742407267087435
Glenn et al. / Table 4 P(D) spline no FIRAS,Glenn et al.,Table 4 P(D) spline no FIRAS,500,71.0,30-100 mJy,Casey T30K a=2.5,0.0950924138539357,0.3717284799825827,0.5920799640504033,0.23242899576940929,6.489035021323563
Oliver et al. / Table 2,Oliver et al.,Table 2,250,23.8,10-30 mJy,Casey T30K a=2.5,5.323866093160368,6.997681973783838,0.11872707756805045,0.1957644551067631,0.36781706617100757
Oliver et al. / Table 2,Oliver et al.,Table 2,250,37.5,30-100 mJy,Casey T30K a=2.5,5.309001872093681,4.213650210522257,-0.10035439798285539,0.15460526666453894,0.42133181251023805
Oliver et al. / Table 2,Oliver et al.,Table 2,250,58.9,30-100 mJy,Casey T30K a=2.5,3.077685356582988,2.105247495546783,-0.16492105881778252,0.2069611536726185,0.6350012138875022
Oliver et al. / Table 2,Oliver et al.,Table 2,250,85.9,30-100 mJy,Casey T30K a=2.5,2.042205016169377,1.760663521681306,-0.06442297220065246,0.22631055092606323,0.08103486466418303
Oliver et al. / Table 2,Oliver et al.,Table 2,250,166.2,100-300 mJy,Casey T30K a=2.5,0.7203632993618143,0.5347051191015939,-0.12943723661438286,0.29537965689844464,0.192024791237052
Oliver et al. / Table 2,Oliver et al.,Table 2,350,23.8,10-30 mJy,Casey T30K a=2.5,2.9281263512382023,3.876084567899279,0.12180343088036993,0.26285391616447024,0.21472872193816447
Oliver et al. / Table 2,Oliver et al.,Table 2,350,37.5,30-100 mJy,Casey T30K a=2.5,2.903360398801232,2.311245614178942,-0.09905484880068516,0.1915609499667903,0.2673852921177987
Oliver et al. / Table 2,Oliver et al.,Table 2,350,58.9,30-100 mJy,Casey T30K a=2.5,1.3593110324908195,1.2558741773037723,-0.03437271097951673,0.2748147357396486,0.01564399038551218
Oliver et al. / Table 2,Oliver et al.,Table 2,350,85.9,30-100 mJy,Casey T30K a=2.5,0.724653392834295,0.8663933918023878,0.0775848012400174,0.2836148211190689,0.0748333967909796
Oliver et al. / Table 2,Oliver et al.,Table 2,350,166.2,100-300 mJy,Casey T30K a=2.5,0.2126786883830118,0.5083631155621383,0.37845005935889925,0.2846389493658281,1.7677811552379903
Oliver et al. / Table 2,Oliver et al.,Table 2,500,23.8,10-30 mJy,Casey T30K a=2.5,0.9582958967688664,1.2705483683860102,0.1224915742265452,0.39751605458612754,0.0949517745337724
Oliver et al. / Table 2,Oliver et al.,Table 2,500,37.5,30-100 mJy,Casey T30K a=2.5,0.9124846967661014,0.7233095487061529,-0.1009013912245548,0.26451260947751526,0.14551291764349944
Oliver et al. / Table 2,Oliver et al.,Table 2,500,58.9,30-100 mJy,Casey T30K a=2.5,0.4103580475443983,0.3692889968675238,-0.045796586961849906,0.3954076504683754,0.01341454942942716
Oliver et al. / Table 2,Oliver et al.,Table 2,500,85.9,30-100 mJy,Casey T30K a=2.5,0.1515184366835344,0.31943630938139006,0.3239187988013757,0.3464083778570504,0.8743705726729343
Oliver et al. / Table 2,Oliver et al.,Table 2,500,166.2,100-300 mJy,Casey T30K a=2.5,0.0445939185319218,0.14931849605282302,0.5248379709207297,0.5171081762541897,1.0301196847013676
Pearson et al. / Table 3 SUSSEXtractor,Pearson et al.,Table 3 SUSSEXtractor,250,10.7,10-30 mJy,Casey T30K a=2.5,2.5697550249959176,8.971923998749858,0.5429938620459095,0.09878968792234541,30.211105243216473
Pearson et al. / Table 3 SUSSEXtractor,Pearson et al.,Table 3 SUSSEXtractor,250,12.3,10-30 mJy,Casey T30K a=2.5,3.094552617535474,9.125755101928654,0.46967093837825796,0.09589096451742025,23.990096932512827
Pearson et al. / Table 3 SUSSEXtractor,Pearson et al.,Table 3 SUSSEXtractor,250,14.1,10-30 mJy,Casey T30K a=2.5,3.7703932763566073,8.929495924542145,0.37444029110741506,0.09340074369539658,16.071798539185515
Pearson et al. / Table 3 SUSSEXtractor,Pearson et al.,Table 3 SUSSEXtractor,250,16.1,10-30 mJy,Casey T30K a=2.5,6.604377338859135,8.74292680643164,0.12182496403268128,0.08830650050374618,1.9032122954709079
Pearson et al. / Table 3 SUSSEXtractor,Pearson et al.,Table 3 SUSSEXtractor,250,18.4,10-30 mJy,Casey T30K a=2.5,5.841070414614741,8.281187889910138,0.15160019662936663,0.08956678835577647,2.864873997528564
Pearson et al. / Table 3 SUSSEXtractor,Pearson et al.,Table 3 SUSSEXtractor,250,21.1,10-30 mJy,Casey T30K a=2.5,6.066960714634062,7.571418439498687,0.09620606565433798,0.09000969529084552,1.1424213903610028
Pearson et al. / Table 3 SUSSEXtractor,Pearson et al.,Table 3 SUSSEXtractor,250,24.2,10-30 mJy,Casey T30K a=2.5,9.714824156609186,6.921770173196584,-0.1472177689372588,0.08766787873045921,2.819937397748027
Pearson et al. / Table 3 SUSSEXtractor,Pearson et al.,Table 3 SUSSEXtractor,250,27.7,10-30 mJy,Casey T30K a=2.5,8.074446365978476,6.005199089027694,-0.1285853440603124,0.09032749831016995,2.026483061272862
Pearson et al. / Table 3 SUSSEXtractor,Pearson et al.,Table 3 SUSSEXtractor,250,31.7,30-100 mJy,Casey T30K a=2.5,6.621331152421351,5.182481029158072,-0.10640758777755943,0.09423869581653035,1.2749309425400146
Pearson et al. / Table 3 SUSSEXtractor,Pearson et al.,Table 3 SUSSEXtractor,250,36.3,30-100 mJy,Casey T30K a=2.5,7.0448875060183465,4.412336801263398,-0.2032054071325462,0.09628189068797074,4.45431883518296
Pearson et al. / Table 3 SUSSEXtractor,Pearson et al.,Table 3 SUSSEXtractor,250,41.6,30-100 mJy,Casey T30K a=2.5,6.452659973174515,3.6376399786101814,-0.24891906606664405,0.10112857841737988,6.058547554255465
Pearson et al. / Table 3 SUSSEXtractor,Pearson et al.,Table 3 SUSSEXtractor,250,47.6,30-100 mJy,Casey T30K a=2.5,3.874620698369786,3.0055525142622472,-0.11030487360934405,0.11641241462678764,0.8978231674100593
Pearson et al. / Table 3 SUSSEXtractor,Pearson et al.,Table 3 SUSSEXtractor,250,54.5,30-100 mJy,Casey T30K a=2.5,4.821240731755657,2.4088260511599473,-0.3013533776250396,0.1189264526780205,6.420889514191862
Pearson et al. / Table 3 SUSSEXtractor,Pearson et al.,Table 3 SUSSEXtractor,250,62.4,30-100 mJy,Casey T30K a=2.5,3.782049023180632,1.904617641393181,-0.2979193512643241,0.1355568876894634,4.830079165739903
Pearson et al. / Table 3 SUSSEXtractor,Pearson et al.,Table 3 SUSSEXtractor,250,71.4,30-100 mJy,Casey T30K a=2.5,2.714825725136257,1.5438021302951166,-0.24515031994700448,0.16139088746885324,2.3073151054248755
Pearson et al. / Table 3 SUSSEXtractor,Pearson et al.,Table 3 SUSSEXtractor,250,81.8,30-100 mJy,Casey T30K a=2.5,2.1318457269627262,1.7004980695590224,-0.09817963011085673,0.19031363146468483,0.26613561107434813
Pearson et al. / Table 3 SUSSEXtractor,Pearson et al.,Table 3 SUSSEXtractor,250,93.7,30-100 mJy,Casey T30K a=2.5,1.5267101769749332,1.8728876882932928,0.08875513417249212,0.24241549349166067,0.13404981620843726
Pearson et al. / Table 3 SUSSEXtractor,Pearson et al.,Table 3 SUSSEXtractor,350,10.8,10-30 mJy,Casey T30K a=2.5,1.1911980597180911,6.355071785168344,0.7271364832459738,0.12114935790312584,36.02380950880988
Pearson et al. / Table 3 SUSSEXtractor,Pearson et al.,Table 3 SUSSEXtractor,350,12.6,10-30 mJy,Casey T30K a=2.5,1.651070252593246,6.186093802928219,0.5736509483792893,0.11130738177726661,26.561188100438393
Pearson et al. / Table 3 SUSSEXtractor,Pearson et al.,Table 3 SUSSEXtractor,350,14.7,10-30 mJy,Casey T30K a=2.5,3.8949460089472177,5.6404268703679445,0.16081053091690845,0.09397494053887295,2.9282277522760287
Pearson et al. / Table 3 SUSSEXtractor,Pearson et al.,Table 3 SUSSEXtractor,350,17.2,10-30 mJy,Casey T30K a=2.5,4.143666160183844,5.133931279811615,0.09306529247894968,0.09328534841465443,0.9952876547406607
Pearson et al. / Table 3 SUSSEXtractor,Pearson et al.,Table 3 SUSSEXtractor,350,20.0,10-30 mJy,Casey T30K a=2.5,5.516154430834284,4.506277192053761,-0.08781851350981795,0.09103274554652879,0.9306296405650724
Pearson et al. / Table 3 SUSSEXtractor,Pearson et al.,Table 3 SUSSEXtractor,350,23.3,10-30 mJy,Casey T30K a=2.5,4.553062226316941,3.9480148898789067,-0.061924803878949275,0.09418015992278062,0.432325081980105
Pearson et al. / Table 3 SUSSEXtractor,Pearson et al.,Table 3 SUSSEXtractor,350,27.2,10-30 mJy,Casey T30K a=2.5,6.283988793927678,3.367181160515761,-0.27096891904716147,0.09293935808443977,8.500405048797303
Pearson et al. / Table 3 SUSSEXtractor,Pearson et al.,Table 3 SUSSEXtractor,350,31.7,30-100 mJy,Casey T30K a=2.5,6.6296154022301605,2.842335284422413,-0.36781302842960895,0.09498125736589538,14.996102076557976
Pearson et al. / Table 3 SUSSEXtractor,Pearson et al.,Table 3 SUSSEXtractor,350,37.0,30-100 mJy,Casey T30K a=2.5,5.725090917291388,2.3549607913661825,-0.3857987070872241,0.10052699517238459,14.728419080555135
Pearson et al. / Table 3 SUSSEXtractor,Pearson et al.,Table 3 SUSSEXtractor,350,43.1,30-100 mJy,Casey T30K a=2.5,3.9293352785023976,1.9031292022016955,-0.31485081419308225,0.1124287874836078,7.8425010868424305
Pearson et al. / Table 3 SUSSEXtractor,Pearson et al.,Table 3 SUSSEXtractor,350,50.3,30-100 mJy,Casey T30K a=2.5,2.497316003411896,1.5362724984385183,-0.21100524413591915,0.13286667836580757,2.5220537744468015
Pearson et al. / Table 3 SUSSEXtractor,Pearson et al.,Table 3 SUSSEXtractor,350,58.6,30-100 mJy,Casey T30K a=2.5,2.022512895183652,1.2640891183101806,-0.2041136064816978,0.15374634468297663,1.7625210567754863
Pearson et al. / Table 3 SUSSEXtractor,Pearson et al.,Table 3 SUSSEXtractor,350,68.3,30-100 mJy,Casey T30K a=2.5,1.6978858968616426,1.0395374061649136,-0.21306837959586541,0.17999859971973034,1.4011987878526633
Pearson et al. / Table 3 SUSSEXtractor,Pearson et al.,Table 3 SUSSEXtractor,350,79.7,30-100 mJy,Casey T30K a=2.5,1.2788569821136484,0.9136344787640047,-0.14604949828965053,0.2192552720398252,0.4437108505284689
Pearson et al. / Table 3 SUSSEXtractor,Pearson et al.,Table 3 SUSSEXtractor,350,92.9,30-100 mJy,Casey T30K a=2.5,0.8011640193009352,0.8196028265778236,0.00988201082525994,0.2891976274215261,0.0011676191232334503
Pearson et al. / Table 3 SUSSEXtractor,Pearson et al.,Table 3 SUSSEXtractor,500,11.0,10-30 mJy,Casey T30K a=2.5,0.7099409429178659,2.3923400608150724,0.5276006897499549,0.1384757796793692,14.516538528282952
Pearson et al. / Table 3 SUSSEXtractor,Pearson et al.,Table 3 SUSSEXtractor,500,13.1,10-30 mJy,Casey T30K a=2.5,0.9755185792305604,2.1166930381411477,0.336422336237005,0.12355980921140394,7.413361643955214
Pearson et al. / Table 3 SUSSEXtractor,Pearson et al.,Table 3 SUSSEXtractor,500,15.6,10-30 mJy,Casey T30K a=2.5,1.2297294541776769,1.7857385001496822,0.16200828674800782,0.11658554501337894,1.931012317736778
Pearson et al. / Table 3 SUSSEXtractor,Pearson et al.,Table 3 SUSSEXtractor,500,18.7,10-30 mJy,Casey T30K a=2.5,1.7822696507281353,1.5242348534997454,-0.06792152372150434,0.10816253660264487,0.3943311750050888
Pearson et al. / Table 3 SUSSEXtractor,Pearson et al.,Table 3 SUSSEXtractor,500,22.3,10-30 mJy,Casey T30K a=2.5,1.4991602299363296,1.3345434512658663,-0.05051533412965359,0.11394938572566543,0.19652711699113065
Pearson et al. / Table 3 SUSSEXtractor,Pearson et al.,Table 3 SUSSEXtractor,500,26.6,10-30 mJy,Casey T30K a=2.5,2.342901440115107,1.141527605396261,-0.31226760088700856,0.10840982744434877,8.296913206064767
Pearson et al. / Table 3 SUSSEXtractor,Pearson et al.,Table 3 SUSSEXtractor,500,31.7,30-100 mJy,Casey T30K a=2.5,1.5055179100221612,0.9516945114733398,-0.1991883616618455,0.12491196357190358,2.5428447651850568
Pearson et al. / Table 3 SUSSEXtractor,Pearson et al.,Table 3 SUSSEXtractor,500,37.9,30-100 mJy,Casey T30K a=2.5,1.5072518227728426,0.7049384931757087,-0.3300345918740826,0.1376696583445611,5.747016639792685
Pearson et al. / Table 3 SUSSEXtractor,Pearson et al.,Table 3 SUSSEXtractor,500,45.2,30-100 mJy,Casey T30K a=2.5,1.6431713167290312,0.4598984840487604,-0.5530208672327872,0.15657077580568074,12.475605433180505
Pearson et al. / Table 3 SUSSEXtractor,Pearson et al.,Table 3 SUSSEXtractor,500,54.0,30-100 mJy,Casey T30K a=2.5,0.6356716800970146,0.3675671142425432,-0.23789621486092957,0.2280894784525372,1.0878388378262263
Pearson et al. / Table 3 SUSSEXtractor,Pearson et al.,Table 3 SUSSEXtractor,500,64.5,30-100 mJy,Casey T30K a=2.5,0.6792121558363464,0.37109815224893195,-0.2625166579192132,0.24992597646802947,1.1032931915042188
Pearson et al. / Table 3 SUSSEXtractor,Pearson et al.,Table 3 SUSSEXtractor,500,77.0,30-100 mJy,Casey T30K a=2.5,0.1752215163049658,0.3484876595690099,0.2985999694916906,0.4695707424224257,0.4043686322870448
Pearson et al. / Table 4 XID,Pearson et al.,Table 4 XID,250,11.1,10-30 mJy,Casey T30K a=2.5,5.598900600436245,9.025209455057349,0.20735453234804735,0.09627603440700984,4.638640102460989
Pearson et al. / Table 4 XID,Pearson et al.,Table 4 XID,250,13.6,10-30 mJy,Casey T30K a=2.5,6.765245910727903,8.98096467239295,0.12303940060537855,0.09806672680530538,1.5741461572930424
Pearson et al. / Table 4 XID,Pearson et al.,Table 4 XID,250,16.6,10-30 mJy,Casey T30K a=2.5,8.97608099633278,8.700466136546407,-0.013544241796540457,0.09848272574288261,0.018914256585455338
Pearson et al. / Table 4 XID,Pearson et al.,Table 4 XID,250,20.2,10-30 mJy,Casey T30K a=2.5,10.263703870685983,7.790517423703891,-0.11973781002616479,0.10161328510929486,1.3885503659535545
Pearson et al. / Table 4 XID,Pearson et al.,Table 4 XID,250,24.7,10-30 mJy,Casey T30K a=2.5,6.3703954460032985,6.806251480523597,0.028741599314617394,0.12180727175970678,0.055676949077554855
Pearson et al. / Table 4 XID,Pearson et al.,Table 4 XID,250,30.1,30-100 mJy,Casey T30K a=2.5,6.353152646982634,5.484131254302035,-0.06388144982267119,0.13375602355382396,0.22809871045899446
Pearson et al. / Table 4 XID,Pearson et al.,Table 4 XID,250,36.8,30-100 mJy,Casey T30K a=2.5,8.572271982396323,4.32764724390831,-0.2968440887140247,0.1348057637908517,4.84886270176481
Pearson et al. / Table 4 XID,Pearson et al.,Table 4 XID,250,44.9,30-100 mJy,Casey T30K a=2.5,6.123409207517356,3.264768027911692,-0.2731409541813665,0.1690192270972411,2.6115685001124347
Pearson et al. / Table 4 XID,Pearson et al.,Table 4 XID,250,54.9,30-100 mJy,Casey T30K a=2.5,3.6720418919985143,2.378457177880243,-0.18861229042827693,0.23622222074565685,0.6375268525446804
Pearson et al. / Table 4 XID,Pearson et al.,Table 4 XID,250,67.0,30-100 mJy,Casey T30K a=2.5,2.4773760067790604,1.6835000078200786,-0.16777880442423956,0.32401214653437965,0.2681338277831919
Pearson et al. / Table 4 XID,Pearson et al.,Table 4 XID,250,81.8,30-100 mJy,Casey T30K a=2.5,3.342598469369057,1.7004980695590224,-0.2935080667236884,0.32623224823177305,0.8094430630586087
Pearson et al. / Table 4 XID,Pearson et al.,Table 4 XID,250,99.9,30-100 mJy,Casey T30K a=2.5,2.2550498607472518,1.9601721832053736,-0.060861927046506614,0.44911835884700746,0.018364105608276393
Pearson et al. / Table 4 XID,Pearson et al.,Table 4 XID,350,11.0,10-30 mJy,Casey T30K a=2.5,3.795535011241487,6.352733842152629,0.22368765840825766,0.10524462420848894,4.517354810763272
Pearson et al. / Table 4 XID,Pearson et al.,Table 4 XID,350,13.1,10-30 mJy,Casey T30K a=2.5,4.3469192659581575,6.043549630039851,0.1431105186712941,0.10836205803482167,1.744169236382055
Pearson et al. / Table 4 XID,Pearson et al.,Table 4 XID,350,15.6,10-30 mJy,Casey T30K a=2.5,5.354707888048621,5.443172662835165,0.007116326762024006,0.1099812950196785,0.004186721808252237
Pearson et al. / Table 4 XID,Pearson et al.,Table 4 XID,350,18.7,10-30 mJy,Casey T30K a=2.5,7.395137881655979,4.7763421575670195,-0.18985084547692144,0.10891166621126956,3.0386191226009793
Pearson et al. / Table 4 XID,Pearson et al.,Table 4 XID,350,22.3,10-30 mJy,Casey T30K a=2.5,6.162518572893834,4.100881763203636,-0.17688099331365292,0.12221875902606513,2.094530059525734
Pearson et al. / Table 4 XID,Pearson et al.,Table 4 XID,350,26.6,10-30 mJy,Casey T30K a=2.5,5.2420998877404825,3.451344405192748,-0.18151699299321933,0.139630680403072,1.689946158536846
Pearson et al. / Table 4 XID,Pearson et al.,Table 4 XID,350,31.7,30-100 mJy,Casey T30K a=2.5,5.469916757482782,2.842335284422413,-0.2843054108048717,0.1514686947573058,3.523096055832373
Pearson et al. / Table 4 XID,Pearson et al.,Table 4 XID,350,37.9,30-100 mJy,Casey T30K a=2.5,4.756315332091256,2.2772660835680916,-0.31985686153017673,0.17698319615490118,3.266233851622978
Pearson et al. / Table 4 XID,Pearson et al.,Table 4 XID,350,45.2,30-100 mJy,Casey T30K a=2.5,3.877414224468106,1.78084829807092,-0.3379152736254549,0.21532361761646834,2.462817942139938
Pearson et al. / Table 4 XID,Pearson et al.,Table 4 XID,350,54.0,30-100 mJy,Casey T30K a=2.5,2.022898209128248,1.403167422382572,-0.15886453687801874,0.32316045459600423,0.24166708370326279
Pearson et al. / Table 4 XID,Pearson et al.,Table 4 XID,500,11.2,10-30 mJy,Casey T30K a=2.5,2.3298970944849966,2.3721826593348037,0.0078113870992571055,0.11450041348884527,0.004654169654676877
Pearson et al. / Table 4 XID,Pearson et al.,Table 4 XID,500,13.8,10-30 mJy,Casey T30K a=2.5,3.079332716723938,2.0121026922229173,-0.18480647407411943,0.11606286393515544,2.5354076513962287
Pearson et al. / Table 4 XID,Pearson et al.,Table 4 XID,500,17.0,10-30 mJy,Casey T30K a=2.5,3.1614045869228558,1.642419882451746,-0.28439588529771553,0.12626650593292865,5.073063421508036
Pearson et al. / Table 4 XID,Pearson et al.,Table 4 XID,500,20.9,10-30 mJy,Casey T30K a=2.5,1.6486620404395218,1.401485292455505,-0.0705430941325122,0.17570448627894547,0.16119193478747224
Pearson et al. / Table 4 XID,Pearson et al.,Table 4 XID,500,25.8,10-30 mJy,Casey T30K a=2.5,1.6925878301234498,1.1782508507285088,-0.15731345192530377,0.19822794323010257,0.6297990077316172
Pearson et al. / Table 4 XID,Pearson et al.,Table 4 XID,500,31.8,30-100 mJy,Casey T30K a=2.5,2.3168927488548867,0.9485914984489037,-0.38782670229445515,0.20079569856407453,3.730496222632937
Pearson et al. / Table 4 XID,Pearson et al.,Table 4 XID,500,39.2,30-100 mJy,Casey T30K a=2.5,2.114410270969764,0.6495860497016055,-0.5125525701933468,0.24190735606171498,4.489300550140297
Varnish et al. / Table 4 P(D) best-fit spline,Varnish et al.,Table 4 P(D) best-fit spline,250,10.0,10-30 mJy,Casey T30K a=2.5,8.146172,8.874515918984219,0.03719109714287028,0.11692663174461401,0.10116984903560168
Varnish et al. / Table 4 P(D) best-fit spline,Varnish et al.,Table 4 P(D) best-fit spline,250,19.952623,10-30 mJy,Casey T30K a=2.5,8.279423,7.853593121501775,-0.022931673875449365,0.11379439848049677,0.04060969658135511
Varnish et al. / Table 4 P(D) best-fit spline,Varnish et al.,Table 4 P(D) best-fit spline,250,44.668359,30-100 mJy,Casey T30K a=2.5,3.873282,3.288778996220924,-0.07104442742601202,0.11829271481600759,0.36069825311517806
Varnish et al. / Table 4 P(D) best-fit spline,Varnish et al.,Table 4 P(D) best-fit spline,250,100.0,100-300 mJy,Casey T30K a=2.5,1.063676,1.9615669372718365,0.2657937725002529,0.13964559147535596,3.622723121130409
Varnish et al. / Table 4 P(D) best-fit spline,Varnish et al.,Table 4 P(D) best-fit spline,250,199.818036,100-300 mJy,Casey T30K a=2.5,0.4216965,0.2241063865767517,-0.27454576324709584,0.42245241379265003,0.42235136335371304
Varnish et al. / Table 4 P(D) best-fit spline,Varnish et al.,Table 4 P(D) best-fit spline,350,10.0,10-30 mJy,Casey T30K a=2.5,6.456542,6.3648871000343235,-0.006209275900171174,0.15370850589275312,0.0016318720831414734
Varnish et al. / Table 4 P(D) best-fit spline,Varnish et al.,Table 4 P(D) best-fit spline,350,19.952623,10-30 mJy,Casey T30K a=2.5,6.441677,4.515542095548465,-0.15428904925331055,0.20954339251811882,0.5421534977306014
Varnish et al. / Table 4 P(D) best-fit spline,Varnish et al.,Table 4 P(D) best-fit spline,350,44.668359,30-100 mJy,Casey T30K a=2.5,2.046968,1.8105051982223386,-0.05331127736603175,0.12234126160309505,0.18988570342086294
Varnish et al. / Table 4 P(D) best-fit spline,Varnish et al.,Table 4 P(D) best-fit spline,350,100.0,100-300 mJy,Casey T30K a=2.5,0.2148484,0.7779223977717966,0.5588041519883936,0.17232702619452916,10.515077102118845
Varnish et al. / Table 4 P(D) best-fit spline,Varnish et al.,Table 4 P(D) best-fit spline,350,199.818036,100-300 mJy,Casey T30K a=2.5,0.1368312,0.4155679855064737,0.48245694732057454,0.3195933946989078,2.2788804332897006
Varnish et al. / Table 4 P(D) best-fit spline,Varnish et al.,Table 4 P(D) best-fit spline,500,10.0,10-30 mJy,Casey T30K a=2.5,2.951209,2.501848209492131,-0.0717390097199313,0.12410535929437201,0.3341409341105832
Varnish et al. / Table 4 P(D) best-fit spline,Varnish et al.,Table 4 P(D) best-fit spline,500,19.952623,10-30 mJy,Casey T30K a=2.5,1.618622,1.4514303597014695,-0.04734923592611345,0.18948214314609466,0.06244380718049947
Varnish et al. / Table 4 P(D) best-fit spline,Varnish et al.,Table 4 P(D) best-fit spline,500,44.668359,30-100 mJy,Casey T30K a=2.5,0.4435,0.47328337787249075,0.028227627764816132,0.14522790282559975,0.03777884112540867
Varnish et al. / Table 4 P(D) best-fit spline,Varnish et al.,Table 4 P(D) best-fit spline,500,100.0,100-300 mJy,Casey T30K a=2.5,0.04365158,0.2830447407247048,0.8118551217137454,0.24339013862209644,11.126308912319658
Varnish et al. / Table 4 P(D) best-fit spline,Varnish et al.,Table 4 P(D) best-fit spline,500,199.818036,100-300 mJy,Casey T30K a=2.5,0.03162278,0.1968426063772001,0.7941190601874937,0.44878914538078335,3.1310251147762522
Clements et al. / Table 1,Clements et al.,Table 1,250,34.0,30-100 mJy,Casey T30K a=3.0,7.006200655094297,6.1972514185745515,-0.053283455639424826,0.08395640163533759,0.4027885649476703
Clements et al. / Table 1,Clements et al.,Table 1,250,38.0,30-100 mJy,Casey T30K a=3.0,6.549274525414234,5.371729356301595,-0.08607907159680672,0.08411417985327288,1.047265312496717
Clements et al. / Table 1,Clements et al.,Table 1,250,42.0,30-100 mJy,Casey T30K a=3.0,5.635422266054109,4.6768120082770555,-0.08097655046658536,0.0858102009544556,0.8905139075866064
Clements et al. / Table 1,Clements et al.,Table 1,250,47.0,30-100 mJy,Casey T30K a=3.0,4.873878716587337,4.002532371647711,-0.08553986474877429,0.08788279791082122,0.9473912480194556
Clements et al. / Table 1,Clements et al.,Table 1,250,52.0,30-100 mJy,Casey T30K a=3.0,4.26464387701392,3.44689380980521,-0.09245486677483816,0.09042318936329871,1.0454419235307633
Clements et al. / Table 1,Clements et al.,Table 1,250,56.0,30-100 mJy,Casey T30K a=3.0,3.655409037440503,3.0633699601559607,-0.07673653194089608,0.09354950766971816,0.6728547502203759
Clements et al. / Table 1,Clements et al.,Table 1,250,63.0,30-100 mJy,Casey T30K a=3.0,2.9243272299524024,2.5396848570175505,-0.06124613874677476,0.09746618086877727,0.3948658086410991
Clements et al. / Table 1,Clements et al.,Table 1,250,73.0,30-100 mJy,Casey T30K a=3.0,2.315092390378985,2.0931768822475325,-0.04376239786327546,0.1055130473160991,0.17202433523677477
Clements et al. / Table 1,Clements et al.,Table 1,250,83.0,30-100 mJy,Casey T30K a=3.0,1.7363192927842388,2.013952675026413,0.06441967019147332,0.11307737334521074,0.3245529571268148
Clements et al. / Table 1,Clements et al.,Table 1,250,93.0,30-100 mJy,Casey T30K a=3.0,1.279393163104176,1.9462612390546052,0.1821971079197054,0.12300442276078542,2.194024654268087
Clements et al. / Table 1,Clements et al.,Table 1,250,125.0,100-300 mJy,Casey T30K a=3.0,0.8833905173814548,1.4305557391238275,0.2093520509217692,0.14580586637275228,2.0616001828155923
Clements et al. / Table 1,Clements et al.,Table 1,250,175.0,100-300 mJy,Casey T30K a=3.0,0.4569261296800628,0.8166490915684839,0.25218948906023764,0.22628677985977705,1.2420400467521053
Clements et al. / Table 1,Clements et al.,Table 1,250,250.0,100-300 mJy,Casey T30K a=3.0,0.3350791617653794,0.6544804453162695,0.2907492548125804,0.3159365519045298,0.846910412910832
Clements et al. / Table 1,Clements et al.,Table 1,350,38.0,30-100 mJy,Casey T30K a=3.0,3.9600264572272112,2.9846914708241856,-0.12279864295903853,0.08814309122729233,1.9409331614598393
Clements et al. / Table 1,Clements et al.,Table 1,350,41.0,30-100 mJy,Casey T30K a=3.0,3.3507916176537944,2.6457086387443516,-0.10260540496035442,0.08918340539900324,1.3236475937817431
Clements et al. / Table 1,Clements et al.,Table 1,350,46.0,30-100 mJy,Casey T30K a=3.0,2.8634037459950603,2.2042177394078384,-0.1136280955378362,0.09323466480590299,1.4853083683245512
Clements et al. / Table 1,Clements et al.,Table 1,350,50.0,30-100 mJy,Casey T30K a=3.0,2.0104749705922766,1.940686273008793,-0.01534333673312055,0.09740329464072334,0.02481374636578756
Clements et al. / Table 1,Clements et al.,Table 1,350,55.0,30-100 mJy,Casey T30K a=3.0,1.5230870989335428,1.7913025646317609,0.07044420816941221,0.10295699544546619,0.4681433548779854
Clements et al. / Table 1,Clements et al.,Table 1,350,61.0,30-100 mJy,Casey T30K a=3.0,1.279393163104176,1.642020546700762,0.10837456159054872,0.10571684567994089,1.050911911191299
Clements et al. / Table 1,Clements et al.,Table 1,350,71.0,30-100 mJy,Casey T30K a=3.0,0.852928775402784,1.443851101016009,0.22860964184729693,0.11837008049509487,3.7299688132869924
Clements et al. / Table 1,Clements et al.,Table 1,350,82.0,30-100 mJy,Casey T30K a=3.0,0.6092348395734172,1.2333333642895778,0.3062957494023385,0.13622554047951033,5.055508682520404
Clements et al. / Table 1,Clements et al.,Table 1,350,91.0,30-100 mJy,Casey T30K a=3.0,0.2741556778080377,1.1005177810147548,0.6035998192008778,0.1769788366859498,11.632030435965662
Clements et al. / Table 1,Clements et al.,Table 1,350,125.0,100-300 mJy,Casey T30K a=3.0,0.213232193850696,0.6326892461919166,0.4723376776302342,0.20998801902427058,5.05959956774354
Clements et al. / Table 1,Clements et al.,Table 1,350,175.0,100-300 mJy,Casey T30K a=3.0,0.1523087098933543,0.6453333986580151,0.6270594026970433,0.2893627408198258,4.696043921145831
Clements et al. / Table 1,Clements et al.,Table 1,500,48.0,30-100 mJy,Casey T30K a=3.0,0.5787730975947463,0.599888000758582,0.015561838927736271,0.13560557441803336,0.013169422967992077
Clements et al. / Table 1,Clements et al.,Table 1,500,52.0,30-100 mJy,Casey T30K a=3.0,0.3960026457227211,0.5047988505243108,0.10542026981827257,0.1366564334293031,0.5950974412768972
Clements et al. / Table 1,Clements et al.,Table 1,500,56.0,30-100 mJy,Casey T30K a=3.0,0.3350791617653794,0.42555669183696604,0.10381000380320032,0.159933903223136,0.42130570596809863
Clements et al. / Table 1,Clements et al.,Table 1,500,60.0,30-100 mJy,Casey T30K a=3.0,0.2315092390378985,0.36300720675314924,0.1953469196729951,0.19050020036605497,1.0515314375716887
Clements et al. / Table 1,Clements et al.,Table 1,500,63.0,30-100 mJy,Casey T30K a=3.0,0.1766781034762909,0.32440699885517377,0.263907486496724,0.1981817760760538,1.7732745799697378
Clements et al. / Table 1,Clements et al.,Table 1,500,70.0,30-100 mJy,Casey T30K a=3.0,0.1766781034762909,0.254480438270793,0.15847167530513495,0.20556501654686082,0.5942988409163151
Clements et al. / Table 1,Clements et al.,Table 1,500,82.0,30-100 mJy,Casey T30K a=3.0,0.1127084453210821,0.35029338757739337,0.4924754800509019,0.21918056397803493,5.048532358805166
Clements et al. / Table 1,Clements et al.,Table 1,500,95.0,30-100 mJy,Casey T30K a=3.0,0.0578773097594746,0.49243403964691773,0.9298397298954342,0.28872602017358984,10.371566306846994
Clements et al. / Table 1,Clements et al.,Table 1,500,150.0,100-300 mJy,Casey T30K a=3.0,0.0426464387701392,0.25151397980485785,0.7706793584261835,0.3556209861638597,4.696482305511504
Clements et al. / Table 1,Clements et al.,Table 1,500,250.0,100-300 mJy,Casey T30K a=3.0,0.0868159646392119,0.44285934921157605,0.7076662223189405,0.4194867409572767,2.845905381546716
Glenn et al. / Table 4 P(D) spline no FIRAS,Glenn et al.,Table 4 P(D) spline no FIRAS,250,19.5,10-30 mJy,Casey T30K a=3.0,9.017507836501386,9.497619861089271,0.022528254702925743,0.0895847175449398,0.06323932674720335
Glenn et al. / Table 4 P(D) spline no FIRAS,Glenn et al.,Table 4 P(D) spline no FIRAS,250,41.8,30-100 mJy,Casey T30K a=3.0,3.8809737424406254,4.707814300880575,0.08387861938261665,0.09597154499521805,0.7638666938457611
Glenn et al. / Table 4 P(D) spline no FIRAS,Glenn et al.,Table 4 P(D) spline no FIRAS,250,89.3,30-100 mJy,Casey T30K a=3.0,1.510527538139541,1.9701536543900864,0.11537145135212856,0.12604089407750924,0.8378644453977199
Glenn et al. / Table 4 P(D) spline no FIRAS,Glenn et al.,Table 4 P(D) spline no FIRAS,250,191.0,100-300 mJy,Casey T30K a=3.0,0.0252687301851443,0.6910658450296996,1.4369360109780216,0.38354561271039467,14.035917887798302
Glenn et al. / Table 4 P(D) spline no FIRAS,Glenn et al.,Table 4 P(D) spline no FIRAS,350,19.5,10-30 mJy,Casey T30K a=3.0,4.831550557897798,5.603700640257851,0.06438839803671637,0.10235224477570017,0.39574961063600933
Glenn et al. / Table 4 P(D) spline no FIRAS,Glenn et al.,Table 4 P(D) spline no FIRAS,350,41.8,30-100 mJy,Casey T30K a=3.0,2.523136257402593,2.565823586214008,0.007286088611615116,0.1124219170016922,0.0042003639683730765
Glenn et al. / Table 4 P(D) spline no FIRAS,Glenn et al.,Table 4 P(D) spline no FIRAS,350,89.3,30-100 mJy,Casey T30K a=3.0,0.3069931232350126,1.1234601277055116,0.5634290164276343,0.18186296600726828,9.598201853838662
Glenn et al. / Table 4 P(D) spline no FIRAS,Glenn et al.,Table 4 P(D) spline no FIRAS,350,191.0,100-300 mJy,Casey T30K a=3.0,0.1454063651432898,0.7358293729192631,0.7041937019375486,0.29967136041487763,5.521966839876888
Glenn et al. / Table 4 P(D) spline no FIRAS,Glenn et al.,Table 4 P(D) spline no FIRAS,500,15.5,10-30 mJy,Casey T30K a=3.0,2.7341934931185707,2.253091592279405,-0.08405039848086171,0.11797141013431851,0.5076051413033671
Glenn et al. / Table 4 P(D) spline no FIRAS,Glenn et al.,Table 4 P(D) spline no FIRAS,500,33.2,30-100 mJy,Casey T30K a=3.0,0.6513961828025355,1.1502385152563703,0.24694269641446517,0.13664652931223858,3.265841932287498
Glenn et al. / Table 4 P(D) spline no FIRAS,Glenn et al.,Table 4 P(D) spline no FIRAS,500,71.0,30-100 mJy,Casey T30K a=3.0,0.0950924138539357,0.250986382427555,0.4215042871454875,0.25337701949121183,2.7673847672869094
Oliver et al. / Table 2,Oliver et al.,Table 2,250,23.8,10-30 mJy,Casey T30K a=3.0,5.323866093160368,8.603736884435218,0.20845999703544216,0.19566044590731058,1.1351137295330482
Oliver et al. / Table 2,Oliver et al.,Table 2,250,37.5,30-100 mJy,Casey T30K a=3.0,5.309001872093681,5.471121562129667,0.013063485931746666,0.15407188095215546,0.007189048187316046
Oliver et al. / Table 2,Oliver et al.,Table 2,250,58.9,30-100 mJy,Casey T30K a=3.0,3.077685356582988,2.826817380831887,-0.03692646526420751,0.2052133000501822,0.03237907711276118
Oliver et al. / Table 2,Oliver et al.,Table 2,250,85.9,30-100 mJy,Casey T30K a=3.0,2.042205016169377,1.9932725586019593,-0.01053265072972459,0.22477292015519992,0.0021957727456636067
Oliver et al. / Table 2,Oliver et al.,Table 2,250,166.2,100-300 mJy,Casey T30K a=3.0,0.7203632993618143,0.9011570225158063,0.09724889287672703,0.256575274060979,0.14366127904450543
Oliver et al. / Table 2,Oliver et al.,Table 2,350,23.8,10-30 mJy,Casey T30K a=3.0,2.9281263512382023,4.610953761235168,0.197200954143668,0.26273452247766893,0.5633570595706677
Oliver et al. / Table 2,Oliver et al.,Table 2,350,37.5,30-100 mJy,Casey T30K a=3.0,2.903360398801232,3.048077133964972,0.021125004115381152,0.19073514234706948,0.012266824978121062
Oliver et al. / Table 2,Oliver et al.,Table 2,350,58.9,30-100 mJy,Casey T30K a=3.0,1.3593110324908195,1.6910828185028386,0.09484603535554725,0.2725904723194805,0.12106455754834473
Oliver et al. / Table 2,Oliver et al.,Table 2,350,85.9,30-100 mJy,Casey T30K a=3.0,0.724653392834295,1.1722016037258554,0.20887198129995033,0.2780041426230711,0.5644920600487177
Oliver et al. / Table 2,Oliver et al.,Table 2,350,166.2,100-300 mJy,Casey T30K a=3.0,0.2126786883830118,0.5972739842112917,0.4484496250572746,0.269763703519839,2.763505287516085
Oliver et al. / Table 2,Oliver et al.,Table 2,500,23.8,10-30 mJy,Casey T30K a=3.0,0.9582958967688664,1.4015209831592859,0.16509997568380083,0.39737483878134683,0.17262086524885573
Oliver et al. / Table 2,Oliver et al.,Table 2,500,37.5,30-100 mJy,Casey T30K a=3.0,0.9124846967661014,0.9725663977758598,0.027693670933231985,0.26248315591571825,0.011131614985242524
Oliver et al. / Table 2,Oliver et al.,Table 2,500,58.9,30-100 mJy,Casey T30K a=3.0,0.4103580475443983,0.37881916472155297,-0.034731012662383653,0.39489547687657145,0.007735182665307409
Oliver et al. / Table 2,Oliver et al.,Table 2,500,85.9,30-100 mJy,Casey T30K a=3.0,0.1515184366835344,0.390064125322388,0.4106705287731736,0.337738123807177,1.4785189726980719
Oliver et al. / Table 2,Oliver et al.,Table 2,500,166.2,100-300 mJy,Casey T30K a=3.0,0.0445939185319218,0.2817676684152183,0.8006155221662945,0.4227778056011686,3.5861103656917246
Pearson et al. / Table 3 SUSSEXtractor,Pearson et al.,Table 3 SUSSEXtractor,250,10.7,10-30 mJy,Casey T30K a=3.0,2.5697550249959176,10.044144489987488,0.5920212276587172,0.0987619792170834,35.93312505844311
Pearson et al. / Table 3 SUSSEXtractor,Pearson et al.,Table 3 SUSSEXtractor,250,12.3,10-30 mJy,Casey T30K a=3.0,3.094552617535474,10.426121414728168,0.5275249065646648,0.09585054870257155,30.289822736204933
Pearson et al. / Table 3 SUSSEXtractor,Pearson et al.,Table 3 SUSSEXtractor,250,14.1,10-30 mJy,Casey T30K a=3.0,3.7703932763566073,10.293868867330078,0.4361919792247174,0.09334542904360799,21.835806568831366
Pearson et al. / Table 3 SUSSEXtractor,Pearson et al.,Table 3 SUSSEXtractor,250,16.1,10-30 mJy,Casey T30K a=3.0,6.604377338859135,10.167029001414576,0.18736218381474612,0.08822944003798305,4.5095876618134625
Pearson et al. / Table 3 SUSSEXtractor,Pearson et al.,Table 3 SUSSEXtractor,250,18.4,10-30 mJy,Casey T30K a=3.0,5.841070414614741,9.775142224972823,0.2236306432206865,0.08945984189981812,6.248940266120803
Pearson et al. / Table 3 SUSSEXtractor,Pearson et al.,Table 3 SUSSEXtractor,250,21.1,10-30 mJy,Casey T30K a=3.0,6.066960714634062,9.133280591831834,0.17765561744133884,0.08984971559409442,3.909529326266619
Pearson et al. / Table 3 SUSSEXtractor,Pearson et al.,Table 3 SUSSEXtractor,250,24.2,10-30 mJy,Casey T30K a=3.0,9.714824156609186,8.532899828501156,-0.05633829676315283,0.08742409249195102,0.4152839633261421
Pearson et al. / Table 3 SUSSEXtractor,Pearson et al.,Table 3 SUSSEXtractor,250,27.7,10-30 mJy,Casey T30K a=3.0,8.074446365978476,7.541108522788922,-0.029677563416134922,0.08996702274450193,0.10881525544552494
Pearson et al. / Table 3 SUSSEXtractor,Pearson et al.,Table 3 SUSSEXtractor,250,31.7,30-100 mJy,Casey T30K a=3.0,6.621331152421351,6.6272379297418285,0.00038725404233130867,0.09371364498752183,1.7076004457175233e-05
Pearson et al. / Table 3 SUSSEXtractor,Pearson et al.,Table 3 SUSSEXtractor,250,36.3,30-100 mJy,Casey T30K a=3.0,7.0448875060183465,5.723047743022711,-0.09024669370021876,0.09550387173787056,0.8929366390246777
Pearson et al. / Table 3 SUSSEXtractor,Pearson et al.,Table 3 SUSSEXtractor,250,41.6,30-100 mJy,Casey T30K a=3.0,6.452659973174515,4.739172281415939,-0.13403628356271846,0.10000821427067497,1.7962774168321174
Pearson et al. / Table 3 SUSSEXtractor,Pearson et al.,Table 3 SUSSEXtractor,250,47.6,30-100 mJy,Casey T30K a=3.0,3.874620698369786,3.93286728374205,0.0064800970534643065,0.11494872403380517,0.003178005988051061
Pearson et al. / Table 3 SUSSEXtractor,Pearson et al.,Table 3 SUSSEXtractor,250,54.5,30-100 mJy,Casey T30K a=3.0,4.821240731755657,3.198659810876262,-0.17819076325718985,0.11662497422055682,2.3344643958008096
Pearson et al. / Table 3 SUSSEXtractor,Pearson et al.,Table 3 SUSSEXtractor,250,62.4,30-100 mJy,Casey T30K a=3.0,3.782049023180632,2.578664745619024,-0.1663322710848586,0.13223641095266625,1.5821619208880129
Pearson et al. / Table 3 SUSSEXtractor,Pearson et al.,Table 3 SUSSEXtractor,250,71.4,30-100 mJy,Casey T30K a=3.0,2.714825725136257,2.1071648826773397,-0.11004343595724925,0.1570785450553965,0.490788688209869
Pearson et al. / Table 3 SUSSEXtractor,Pearson et al.,Table 3 SUSSEXtractor,250,81.8,30-100 mJy,Casey T30K a=3.0,2.1318457269627262,2.0227868051799978,-0.02280566133186157,0.18790460225878883,0.014730263203093938
Pearson et al. / Table 3 SUSSEXtractor,Pearson et al.,Table 3 SUSSEXtractor,250,93.7,30-100 mJy,Casey T30K a=3.0,1.5267101769749332,1.9418799727355913,0.10446578214667243,0.24194857661177685,0.18642406666562134
Pearson et al. / Table 3 SUSSEXtractor,Pearson et al.,Table 3 SUSSEXtractor,350,10.8,10-30 mJy,Casey T30K a=3.0,1.1911980597180911,7.308477928268816,0.7878429623791101,0.12110982837545123,42.31755257535507
Pearson et al. / Table 3 SUSSEXtractor,Pearson et al.,Table 3 SUSSEXtractor,350,12.6,10-30 mJy,Casey T30K a=3.0,1.651070252593246,7.249931462221251,0.6425683481856336,0.11124472258805959,33.36413144844557
Pearson et al. / Table 3 SUSSEXtractor,Pearson et al.,Table 3 SUSSEXtractor,350,14.7,10-30 mJy,Casey T30K a=3.0,3.8949460089472177,6.780350053714225,0.24075067412357298,0.09385738235434958,6.579579642981159
Pearson et al. / Table 3 SUSSEXtractor,Pearson et al.,Table 3 SUSSEXtractor,350,17.2,10-30 mJy,Casey T30K a=3.0,4.143666160183844,6.333169441759103,0.1842363489307719,0.09309980252307619,3.9160940862318188
Pearson et al. / Table 3 SUSSEXtractor,Pearson et al.,Table 3 SUSSEXtractor,350,20.0,10-30 mJy,Casey T30K a=3.0,5.516154430834284,5.466578998720555,-0.003920787657572866,0.0907806710080951,0.0018653480080047205
Pearson et al. / Table 3 SUSSEXtractor,Pearson et al.,Table 3 SUSSEXtractor,350,23.3,10-30 mJy,Casey T30K a=3.0,4.553062226316941,4.707754579331348,0.0145102286751847,0.09385879833538516,0.023900034849929485
Pearson et al. / Table 3 SUSSEXtractor,Pearson et al.,Table 3 SUSSEXtractor,350,27.2,10-30 mJy,Casey T30K a=3.0,6.283988793927678,4.136593279973547,-0.1815925798098048,0.09238356950025872,3.8637295565470273
Pearson et al. / Table 3 SUSSEXtractor,Pearson et al.,Table 3 SUSSEXtractor,350,31.7,30-100 mJy,Casey T30K a=3.0,6.6296154022301605,3.6785122478507457,-0.2558161284166749,0.09398840840711878,7.408107113388618
Pearson et al. / Table 3 SUSSEXtractor,Pearson et al.,Table 3 SUSSEXtractor,350,37.0,30-100 mJy,Casey T30K a=3.0,5.725090917291388,3.113687108126825,-0.2645074193519592,0.09899280646795883,7.139510607677984
Pearson et al. / Table 3 SUSSEXtractor,Pearson et al.,Table 3 SUSSEXtractor,350,43.1,30-100 mJy,Casey T30K a=3.0,3.9293352785023976,2.4441269551110016,-0.2061953267668991,0.11048829627243713,3.4827723082560214
Pearson et al. / Table 3 SUSSEXtractor,Pearson et al.,Table 3 SUSSEXtractor,350,50.3,30-100 mJy,Casey T30K a=3.0,2.497316003411896,1.930954287614361,-0.11170150759841246,0.13049782995639425,0.7326751967761961
Pearson et al. / Table 3 SUSSEXtractor,Pearson et al.,Table 3 SUSSEXtractor,350,58.6,30-100 mJy,Casey T30K a=3.0,2.022512895183652,1.6983555427487331,-0.07586268634379573,0.14981734266215113,0.2564084038888981
Pearson et al. / Table 3 SUSSEXtractor,Pearson et al.,Table 3 SUSSEXtractor,350,68.3,30-100 mJy,Casey T30K a=3.0,1.6978858968616426,1.4932160602891105,-0.05578584863297151,0.17387073170519934,0.10294259803178041
Pearson et al. / Table 3 SUSSEXtractor,Pearson et al.,Table 3 SUSSEXtractor,350,79.7,30-100 mJy,Casey T30K a=3.0,1.2788569821136484,1.2723267472067075,-0.002223321783509563,0.21257239303144504,0.00010939335020782745
Pearson et al. / Table 3 SUSSEXtractor,Pearson et al.,Table 3 SUSSEXtractor,350,92.9,30-100 mJy,Casey T30K a=3.0,0.8011640193009352,1.07591575090349,0.12805682876363472,0.2832213042320244,0.20443424585171965
Pearson et al. / Table 3 SUSSEXtractor,Pearson et al.,Table 3 SUSSEXtractor,500,11.0,10-30 mJy,Casey T30K a=3.0,0.7099409429178659,2.833318898329101,0.6010732353449867,0.1383630866527019,18.871842200631335
Pearson et al. / Table 3 SUSSEXtractor,Pearson et al.,Table 3 SUSSEXtractor,500,13.1,10-30 mJy,Casey T30K a=3.0,0.9755185792305604,2.570291092405405,0.42074676597818633,0.1233493652797904,11.635036093233394
Pearson et al. / Table 3 SUSSEXtractor,Pearson et al.,Table 3 SUSSEXtractor,500,15.6,10-30 mJy,Casey T30K a=3.0,1.2297294541776769,2.2417754783218036,0.26078253904566406,0.11618919687091929,5.037621331630229
Pearson et al. / Table 3 SUSSEXtractor,Pearson et al.,Table 3 SUSSEXtractor,500,18.7,10-30 mJy,Casey T30K a=3.0,1.7822696507281353,1.8772923853265513,0.022558506767801523,0.10755457635235066,0.04399090630386311
Pearson et al. / Table 3 SUSSEXtractor,Pearson et al.,Table 3 SUSSEXtractor,500,22.3,10-30 mJy,Casey T30K a=3.0,1.4991602299363296,1.516573668896729,0.005015458760936037,0.11340181148706785,0.0019560562678483297
Pearson et al. / Table 3 SUSSEXtractor,Pearson et al.,Table 3 SUSSEXtractor,500,26.6,10-30 mJy,Casey T30K a=3.0,2.342901440115107,1.2947694178432645,-0.25756158640501653,0.10754407139513827,5.7357370717156035
Pearson et al. / Table 3 SUSSEXtractor,Pearson et al.,Table 3 SUSSEXtractor,500,31.7,30-100 mJy,Casey T30K a=3.0,1.5055179100221612,1.1789916901061503,-0.10617518229099795,0.12299496555178639,0.7451974501619518
Pearson et al. / Table 3 SUSSEXtractor,Pearson et al.,Table 3 SUSSEXtractor,500,37.9,30-100 mJy,Casey T30K a=3.0,1.5072518227728426,0.9525764354644487,-0.19928598387688173,0.13349883872064208,2.228427629316294
Pearson et al. / Table 3 SUSSEXtractor,Pearson et al.,Table 3 SUSSEXtractor,500,45.2,30-100 mJy,Casey T30K a=3.0,1.6431713167290312,0.6747810811161931,-0.3865199475123666,0.1474741147815785,6.869295955137379
Pearson et al. / Table 3 SUSSEXtractor,Pearson et al.,Table 3 SUSSEXtractor,500,54.0,30-100 mJy,Casey T30K a=3.0,0.6356716800970146,0.4627549343508981,-0.13788180521674762,0.22159852169763863,0.3871508381744821
Pearson et al. / Table 3 SUSSEXtractor,Pearson et al.,Table 3 SUSSEXtractor,500,64.5,30-100 mJy,Casey T30K a=3.0,0.6792121558363464,0.3072860903269728,-0.3444625480174284,0.25743578090390057,1.790384053968407
Pearson et al. / Table 3 SUSSEXtractor,Pearson et al.,Table 3 SUSSEXtractor,500,77.0,30-100 mJy,Casey T30K a=3.0,0.1752215163049658,0.3028264757996047,0.23760640815164058,0.4736447962406139,0.2516580099388127
Pearson et al. / Table 4 XID,Pearson et al.,Table 4 XID,250,11.1,10-30 mJy,Casey T30K a=3.0,5.598900600436245,10.162206541702792,0.2588852601229138,0.09624473352121203,7.23536924595138
Pearson et al. / Table 4 XID,Pearson et al.,Table 4 XID,250,13.6,10-30 mJy,Casey T30K a=3.0,6.765245910727903,10.328667048730487,0.18376069044386223,0.09801788099850767,3.5147513707711444
Pearson et al. / Table 4 XID,Pearson et al.,Table 4 XID,250,16.6,10-30 mJy,Casey T30K a=3.0,8.97608099633278,10.138006353240636,0.05286579623095444,0.09840913977917069,0.2885882763265099
Pearson et al. / Table 4 XID,Pearson et al.,Table 4 XID,250,20.2,10-30 mJy,Casey T30K a=3.0,10.263703870685983,9.332912635809546,-0.04128691277108143,0.10148864412481055,0.16549692109862113
Pearson et al. / Table 4 XID,Pearson et al.,Table 4 XID,250,24.7,10-30 mJy,Casey T30K a=3.0,6.3703954460032985,8.416142561210425,0.12094669114030254,0.12162098346663604,0.9889423173881813
Pearson et al. / Table 4 XID,Pearson et al.,Table 4 XID,250,30.1,30-100 mJy,Casey T30K a=3.0,6.353152646982634,6.964248952494203,0.03988499730098105,0.1334411997028715,0.08933862383029231
Pearson et al. / Table 4 XID,Pearson et al.,Table 4 XID,250,36.8,30-100 mJy,Casey T30K a=3.0,8.572271982396323,5.615697501258233,-0.18369223618378616,0.13422769652061733,1.8728255583014113
Pearson et al. / Table 4 XID,Pearson et al.,Table 4 XID,250,44.9,30-100 mJy,Casey T30K a=3.0,6.123409207517356,4.263957474977077,-0.15718041813026506,0.1681774354937318,0.8734970207249058
Pearson et al. / Table 4 XID,Pearson et al.,Table 4 XID,250,54.9,30-100 mJy,Casey T30K a=3.0,3.6720418919985143,3.161644651601133,-0.06499457069820236,0.23504057198407724,0.07646602040086509
Pearson et al. / Table 4 XID,Pearson et al.,Table 4 XID,250,67.0,30-100 mJy,Casey T30K a=3.0,2.4773760067790604,2.302644218252561,-0.03176508689406704,0.32223057159423246,0.009717769911499698
Pearson et al. / Table 4 XID,Pearson et al.,Table 4 XID,250,81.8,30-100 mJy,Casey T30K a=3.0,3.342598469369057,2.0227868051799978,-0.21813409794469324,0.324832789316465,0.45094896419246533
Pearson et al. / Table 4 XID,Pearson et al.,Table 4 XID,250,99.9,30-100 mJy,Casey T30K a=3.0,2.2550498607472518,1.904844779544473,-0.07329655686339864,0.44933481750480464,0.026608905059371142
Pearson et al. / Table 4 XID,Pearson et al.,Table 4 XID,350,11.0,10-30 mJy,Casey T30K a=3.0,3.795535011241487,7.320190881211443,0.2852494040109612,0.1051972173412216,7.352600801046343
Pearson et al. / Table 4 XID,Pearson et al.,Table 4 XID,350,13.1,10-30 mJy,Casey T30K a=3.0,4.3469192659581575,7.128402105543333,0.21481061556413505,0.10828961994516685,3.9349373327646635
Pearson et al. / Table 4 XID,Pearson et al.,Table 4 XID,350,15.6,10-30 mJy,Casey T30K a=3.0,5.354707888048621,6.607564366038285,0.09130561837694062,0.10986202950021011,0.6907164021490474
Pearson et al. / Table 4 XID,Pearson et al.,Table 4 XID,350,18.7,10-30 mJy,Casey T30K a=3.0,7.395137881655979,5.838177592959336,-0.10266897402496789,0.10872569353367723,0.8916903589771421
Pearson et al. / Table 4 XID,Pearson et al.,Table 4 XID,350,22.3,10-30 mJy,Casey T30K a=3.0,6.162518572893834,4.914233852991049,-0.09830242183537652,0.1219900005066275,0.6493516804354343
Pearson et al. / Table 4 XID,Pearson et al.,Table 4 XID,350,26.6,10-30 mJy,Casey T30K a=3.0,5.2420998877404825,4.207934307694997,-0.09543634093560194,0.13929387838026003,0.46942206391700564
Pearson et al. / Table 4 XID,Pearson et al.,Table 4 XID,350,31.7,30-100 mJy,Casey T30K a=3.0,5.469916757482782,3.6785122478507457,-0.17230851079193765,0.15084809297958915,1.304769540198569
Pearson et al. / Table 4 XID,Pearson et al.,Table 4 XID,350,37.9,30-100 mJy,Casey T30K a=3.0,4.756315332091256,2.9971957024823728,-0.20055553834968648,0.17606693494613102,1.297518955780579
Pearson et al. / Table 4 XID,Pearson et al.,Table 4 XID,350,45.2,30-100 mJy,Casey T30K a=3.0,3.877414224468106,2.2664348911496686,-0.23319895178999261,0.21420482926614665,1.1852082676460036
Pearson et al. / Table 4 XID,Pearson et al.,Table 4 XID,350,54.0,30-100 mJy,Casey T30K a=3.0,2.022898209128248,1.8191396134143805,-0.046107998796734606,0.3218426430344461,0.02052415917340543
Pearson et al. / Table 4 XID,Pearson et al.,Table 4 XID,500,11.2,10-30 mJy,Casey T30K a=3.0,2.3298970944849966,2.8146547015762207,0.08208838394693024,0.1143577512919083,0.5152668443838664
Pearson et al. / Table 4 XID,Pearson et al.,Table 4 XID,500,13.8,10-30 mJy,Casey T30K a=3.0,3.079332716723938,2.467637076849074,-0.09617532922570532,0.11579622722903646,0.6898243869558746
Pearson et al. / Table 4 XID,Pearson et al.,Table 4 XID,500,17.0,10-30 mJy,Casey T30K a=3.0,3.1614045869228558,2.095890627907921,-0.17851146342870994,0.1257849837719448,2.0140702964314614
Pearson et al. / Table 4 XID,Pearson et al.,Table 4 XID,500,20.9,10-30 mJy,Casey T30K a=3.0,1.6486620404395218,1.640551405861037,-0.0021417953190341343,0.17533248716852487,0.00014922141129685766
Pearson et al. / Table 4 XID,Pearson et al.,Table 4 XID,500,25.8,10-30 mJy,Casey T30K a=3.0,1.6925878301234498,1.3160572977510319,-0.10927641617459675,0.1978414419281738,0.305083239782333
Pearson et al. / Table 4 XID,Pearson et al.,Table 4 XID,500,31.8,30-100 mJy,Casey T30K a=3.0,2.3168927488548867,1.1770102829683473,-0.29412567327472167,0.19959130412820542,2.1716140205932226
Pearson et al. / Table 4 XID,Pearson et al.,Table 4 XID,500,39.2,30-100 mJy,Casey T30K a=3.0,2.114410270969764,0.8917242610337596,-0.37495867715992626,0.23910382295504692,2.4591995843113716
Varnish et al. / Table 4 P(D) best-fit spline,Varnish et al.,Table 4 P(D) best-fit spline,250,10.0,10-30 mJy,Casey T30K a=3.0,8.146172,9.830081355807389,0.081603536526482,0.116907160797608,0.48723192214984695
Varnish et al. / Table 4 P(D) best-fit spline,Varnish et al.,Table 4 P(D) best-fit spline,250,19.952623,10-30 mJy,Casey T30K a=3.0,8.279423,9.390130885206823,0.05467157427279212,0.11368710018823551,0.2312601383115504
Varnish et al. / Table 4 P(D) best-fit spline,Varnish et al.,Table 4 P(D) best-fit spline,250,44.668359,30-100 mJy,Casey T30K a=3.0,3.873282,4.294594870494614,0.044843083454496835,0.11710559665674455,0.1466343210334691
Varnish et al. / Table 4 P(D) best-fit spline,Varnish et al.,Table 4 P(D) best-fit spline,250,100.0,100-300 mJy,Casey T30K a=3.0,1.063676,1.9042720974725689,0.2529196436643506,0.1403656099967979,3.2467114142488778
Varnish et al. / Table 4 P(D) best-fit spline,Varnish et al.,Table 4 P(D) best-fit spline,250,199.818036,100-300 mJy,Casey T30K a=3.0,0.4216965,0.6340292389360367,0.17710928982879098,0.26712721567347625,0.4395885870664115
Varnish et al. / Table 4 P(D) best-fit spline,Varnish et al.,Table 4 P(D) best-fit spline,350,10.0,10-30 mJy,Casey T30K a=3.0,6.456542,7.259554576374491,0.050909994092690924,0.1536823237151752,0.10973830710473194
Varnish et al. / Table 4 P(D) best-fit spline,Varnish et al.,Table 4 P(D) best-fit spline,350,19.952623,10-30 mJy,Casey T30K a=3.0,6.441677,5.479280224751536,-0.07027543257841296,0.20943448189548539,0.11259281613599258
Varnish et al. / Table 4 P(D) best-fit spline,Varnish et al.,Table 4 P(D) best-fit spline,350,44.668359,30-100 mJy,Casey T30K a=3.0,2.046968,2.3093819623715315,0.05238471595356042,0.12041254965306301,0.18926298352337617
Varnish et al. / Table 4 P(D) best-fit spline,Varnish et al.,Table 4 P(D) best-fit spline,350,100.0,100-300 mJy,Casey T30K a=3.0,0.2148484,0.9926228831797211,0.6646521590818145,0.16137513426239133,16.96350560143153
Varnish et al. / Table 4 P(D) best-fit spline,Varnish et al.,Table 4 P(D) best-fit spline,350,199.818036,100-300 mJy,Casey T30K a=3.0,0.1368312,0.7873704255087989,0.7599939624771971,0.2448528624560135,9.63407256942632
Varnish et al. / Table 4 P(D) best-fit spline,Varnish et al.,Table 4 P(D) best-fit spline,500,10.0,10-30 mJy,Casey T30K a=3.0,2.951209,2.9341228923041416,-0.002521666839778447,0.12400670673439945,0.0004135090956627681
Varnish et al. / Table 4 P(D) best-fit spline,Varnish et al.,Table 4 P(D) best-fit spline,500,19.952623,10-30 mJy,Casey T30K a=3.0,1.618622,1.735424853988903,0.030260373990228462,0.18913328787459252,0.025598389191469832
Varnish et al. / Table 4 P(D) best-fit spline,Varnish et al.,Table 4 P(D) best-fit spline,500,44.668359,30-100 mJy,Casey T30K a=3.0,0.4435,0.6905906536328589,0.19232707219851006,0.13594918234493855,2.001371176976365
Varnish et al. / Table 4 P(D) best-fit spline,Varnish et al.,Table 4 P(D) best-fit spline,500,100.0,100-300 mJy,Casey T30K a=3.0,0.04365158,0.5545053455208597,1.1039057692502308,0.19106138902609163,33.382445189093865
Varnish et al. / Table 4 P(D) best-fit spline,Varnish et al.,Table 4 P(D) best-fit spline,500,199.818036,100-300 mJy,Casey T30K a=3.0,0.03162278,0.3455393039914046,1.0384974074580597,0.3467650583890466,8.968920496306259
Clements et al. / Table 1,Clements et al.,Table 1,250,34.0,30-100 mJy,FSPS,7.006200655094297,8.050472722751099,0.06033881163502175,0.08337793836755067,0.5237104023568533
Clements et al. / Table 1,Clements et al.,Table 1,250,38.0,30-100 mJy,FSPS,6.549274525414234,7.604296275971062,0.06486583425773096,0.08310782999671544,0.6091834984058927
Clements et al. / Table 1,Clements et al.,Table 1,250,42.0,30-100 mJy,FSPS,5.635422266054109,7.196710386400569,0.10620756235989126,0.08423496932823499,1.5897397672417137
Clements et al. / Table 1,Clements et al.,Table 1,250,47.0,30-100 mJy,FSPS,4.873878716587337,6.764662048721059,0.14237138700711283,0.08538925368169313,2.7799628774078644
Clements et al. / Table 1,Clements et al.,Table 1,250,52.0,30-100 mJy,FSPS,4.26464387701392,6.415064077567504,0.17731822787053875,0.08668763097577054,4.1840078953269515
Clements et al. / Table 1,Clements et al.,Table 1,250,56.0,30-100 mJy,FSPS,3.655409037440503,6.184408773579996,0.22836220638262694,0.08856674068099173,6.648246836129131
Clements et al. / Table 1,Clements et al.,Table 1,250,63.0,30-100 mJy,FSPS,2.9243272299524024,5.83476213068244,0.2999971873722032,0.08965557244932892,11.196435698840101
Clements et al. / Table 1,Clements et al.,Table 1,250,73.0,30-100 mJy,FSPS,2.315092390378985,5.083842595605742,0.34162376813350653,0.09396256751847411,13.218628788429777
Clements et al. / Table 1,Clements et al.,Table 1,250,83.0,30-100 mJy,FSPS,1.7363192927842388,3.6724228463298743,0.32532308964213785,0.1027509450095153,10.024393974793298
Clements et al. / Table 1,Clements et al.,Table 1,250,93.0,30-100 mJy,FSPS,1.279393163104176,2.752961055779106,0.33279604219595166,0.11556470186224284,8.292889891316847
Clements et al. / Table 1,Clements et al.,Table 1,250,125.0,100-300 mJy,FSPS,0.8833905173814548,1.9588253294750244,0.3458429781426922,0.13340286353482014,6.720902897439918
Clements et al. / Table 1,Clements et al.,Table 1,250,175.0,100-300 mJy,FSPS,0.4569261296800628,2.231879180778363,0.6888246868250416,0.16606754738696738,17.204730077169405
Clements et al. / Table 1,Clements et al.,Table 1,250,250.0,100-300 mJy,FSPS,0.3350791617653794,2.066782771253145,0.7901474122604343,0.21346694375350117,13.701085602184186
Clements et al. / Table 1,Clements et al.,Table 1,350,38.0,30-100 mJy,FSPS,3.9600264572272112,5.43719067012359,0.13767647551700624,0.08546280301785313,2.5951664243340145
Clements et al. / Table 1,Clements et al.,Table 1,350,41.0,30-100 mJy,FSPS,3.3507916176537944,4.8956978032949445,0.16466718193243424,0.08575694833476405,3.68701980017926
Clements et al. / Table 1,Clements et al.,Table 1,350,46.0,30-100 mJy,FSPS,2.8634037459950603,4.176580272642477,0.16393824405274215,0.08839749745420948,3.4393836117663557
Clements et al. / Table 1,Clements et al.,Table 1,350,50.0,30-100 mJy,FSPS,2.0104749705922766,3.7265003350651886,0.2680024938919753,0.09132280602240268,8.61230052503603
Clements et al. / Table 1,Clements et al.,Table 1,350,55.0,30-100 mJy,FSPS,1.5230870989335428,3.3186378893060486,0.338235127758146,0.09603469615824427,12.404552059336908
Clements et al. / Table 1,Clements et al.,Table 1,350,61.0,30-100 mJy,FSPS,1.279393163104176,2.925979999918798,0.35926732766749775,0.09748091062064089,13.583018498488943
Clements et al. / Table 1,Clements et al.,Table 1,350,71.0,30-100 mJy,FSPS,0.852928775402784,2.4343933656523364,0.4554779892637534,0.10860666655209406,17.588217241808504
Clements et al. / Table 1,Clements et al.,Table 1,350,82.0,30-100 mJy,FSPS,0.6092348395734172,2.093752630745329,0.5361406392152656,0.1237146772342064,18.780839565379335
Clements et al. / Table 1,Clements et al.,Table 1,350,91.0,30-100 mJy,FSPS,0.2741556778080377,1.8775607140693675,0.8355967449215225,0.16440977910209736,25.83081965987034
Clements et al. / Table 1,Clements et al.,Table 1,350,125.0,100-300 mJy,FSPS,0.213232193850696,1.8231132531800482,0.9319608730001552,0.1585456274036607,34.55308441566362
Clements et al. / Table 1,Clements et al.,Table 1,350,175.0,100-300 mJy,FSPS,0.1523087098933543,1.178632357205431,0.8886536201693985,0.24979068253676748,12.656468993660614
Clements et al. / Table 1,Clements et al.,Table 1,350,250.0,100-300 mJy,FSPS,0.1827704518720251,0.902711359343153,0.6936429219094101,0.2913995147134115,5.6662309196931115
Clements et al. / Table 1,Clements et al.,Table 1,500,48.0,30-100 mJy,FSPS,0.5787730975947463,1.614744922033652,0.44559559133601667,0.11751282553752022,14.378422241329025
Clements et al. / Table 1,Clements et al.,Table 1,500,52.0,30-100 mJy,FSPS,0.3960026457227211,1.4184460183167018,0.5541147250485415,0.11129190086142084,24.789756569182636
Clements et al. / Table 1,Clements et al.,Table 1,500,56.0,30-100 mJy,FSPS,0.3350791617653794,1.2148035743103323,0.5593586407306559,0.13103210424812972,18.22322643878872
Clements et al. / Table 1,Clements et al.,Table 1,500,60.0,30-100 mJy,FSPS,0.2315092390378985,1.0515864332997946,0.657276647099072,0.15896845251689842,17.095212795609097
Clements et al. / Table 1,Clements et al.,Table 1,500,63.0,30-100 mJy,FSPS,0.1766781034762909,0.9495820628071732,0.7303497736452444,0.16104952455876878,20.56567194728902
Clements et al. / Table 1,Clements et al.,Table 1,500,70.0,30-100 mJy,FSPS,0.1766781034762909,0.7618007455957132,0.6346586646367085,0.14870065945896008,18.216067971236207
Clements et al. / Table 1,Clements et al.,Table 1,500,82.0,30-100 mJy,FSPS,0.1127084453210821,0.8126325944599929,0.857937778518045,0.1794097698231169,22.867537818744406
Clements et al. / Table 1,Clements et al.,Table 1,500,95.0,30-100 mJy,FSPS,0.0578773097594746,0.8848687491167126,1.1843705212733844,0.269075131720964,19.374390799537235
Clements et al. / Table 1,Clements et al.,Table 1,500,150.0,100-300 mJy,FSPS,0.0426464387701392,0.4941061871662176,1.0639375212714244,0.28165357260569046,14.269268881167095
Clements et al. / Table 1,Clements et al.,Table 1,500,250.0,100-300 mJy,FSPS,0.0868159646392119,0.711958278305458,0.9138549489626764,0.36280142654091874,6.344779944583427
Glenn et al. / Table 4 P(D) spline no FIRAS,Glenn et al.,Table 4 P(D) spline no FIRAS,250,19.5,10-30 mJy,FSPS,9.017507836501386,8.839566400763381,-0.008655565924244879,0.08963421913539749,0.009324880139529604
Glenn et al. / Table 4 P(D) spline no FIRAS,Glenn et al.,Table 4 P(D) spline no FIRAS,250,41.8,30-100 mJy,FSPS,3.8809737424406254,7.215643710442166,0.26933437630346835,0.09459542571614604,8.10668510299266
Glenn et al. / Table 4 P(D) spline no FIRAS,Glenn et al.,Table 4 P(D) spline no FIRAS,250,89.3,30-100 mJy,FSPS,1.510527538139541,3.0511547843269295,0.30533559263145227,0.1178627178149325,6.711227520256459
Glenn et al. / Table 4 P(D) spline no FIRAS,Glenn et al.,Table 4 P(D) spline no FIRAS,250,191.0,100-300 mJy,FSPS,0.0252687301851443,2.456238742208143,1.9876871590828968,0.33320544562104293,35.58540255771274
Glenn et al. / Table 4 P(D) spline no FIRAS,Glenn et al.,Table 4 P(D) spline no FIRAS,350,19.5,10-30 mJy,FSPS,4.831550557897798,8.363496154907937,0.23830133316948976,0.10202613277055089,5.455443889713268
Glenn et al. / Table 4 P(D) spline no FIRAS,Glenn et al.,Table 4 P(D) spline no FIRAS,350,41.8,30-100 mJy,FSPS,2.523136257402593,4.766812512778773,0.2762873662503363,0.10954199486017102,6.3615180207659705
Glenn et al. / Table 4 P(D) spline no FIRAS,Glenn et al.,Table 4 P(D) spline no FIRAS,350,89.3,30-100 mJy,FSPS,0.3069931232350126,1.9149828658045172,0.7950362452765707,0.17027407116228838,21.801020179939965
Glenn et al. / Table 4 P(D) spline no FIRAS,Glenn et al.,Table 4 P(D) spline no FIRAS,350,191.0,100-300 mJy,FSPS,0.1454063651432898,0.9533455140177101,0.8166669092098687,0.28114848758514066,8.437589917683995
Glenn et al. / Table 4 P(D) spline no FIRAS,Glenn et al.,Table 4 P(D) spline no FIRAS,500,15.5,10-30 mJy,FSPS,2.7341934931185707,5.129432638276942,0.2732400854380921,0.11712225994093078,5.442644114027639
Glenn et al. / Table 4 P(D) spline no FIRAS,Glenn et al.,Table 4 P(D) spline no FIRAS,500,33.2,30-100 mJy,FSPS,0.6513961828025355,2.313047627108336,0.5503393659996714,0.1325644064316736,17.23484155754086
Glenn et al. / Table 4 P(D) spline no FIRAS,Glenn et al.,Table 4 P(D) spline no FIRAS,500,71.0,30-100 mJy,FSPS,0.0950924138539357,0.7476413674146806,0.8955474513303112,0.20829527335185746,18.48495401227733
Oliver et al. / Table 2,Oliver et al.,Table 2,250,23.8,10-30 mJy,FSPS,5.323866093160368,9.100347504650596,0.23283085306172202,0.1956357078003544,1.416396375793654
Oliver et al. / Table 2,Oliver et al.,Table 2,250,37.5,30-100 mJy,FSPS,5.309001872093681,7.659938940709257,0.15921242929153334,0.1535594209965965,1.0749815390158324
Oliver et al. / Table 2,Oliver et al.,Table 2,250,58.9,30-100 mJy,FSPS,3.077685356582988,6.032032599560965,0.2922394617752903,0.20247376111276003,2.0832443761676367
Oliver et al. / Table 2,Oliver et al.,Table 2,250,85.9,30-100 mJy,FSPS,2.042205016169377,3.3664312662464932,0.21707041313890596,0.2199577385401966,0.9739188550240734
Oliver et al. / Table 2,Oliver et al.,Table 2,250,166.2,100-300 mJy,FSPS,0.7203632993618143,2.109297896445241,0.46658634100743035,0.21893041278643868,4.5420493661375305
Oliver et al. / Table 2,Oliver et al.,Table 2,350,23.8,10-30 mJy,FSPS,2.9281263512382023,7.738937757671499,0.4220915407713782,0.26247980604021914,2.5859582203757805
Oliver et al. / Table 2,Oliver et al.,Table 2,350,37.5,30-100 mJy,FSPS,2.903360398801232,5.537531295857197,0.2804152448412394,0.18956451502738086,2.1882107772122312
Oliver et al. / Table 2,Oliver et al.,Table 2,350,58.9,30-100 mJy,FSPS,1.3593110324908195,3.0533395156855323,0.3514562565512841,0.2696998204692218,1.6981703082653796
Oliver et al. / Table 2,Oliver et al.,Table 2,350,85.9,30-100 mJy,FSPS,0.724653392834295,1.994377571706085,0.43967705163315823,0.27130430536685024,2.6263598233435403
Oliver et al. / Table 2,Oliver et al.,Table 2,350,166.2,100-300 mJy,FSPS,0.2126786883830118,1.3357006751740628,0.7979851722010718,0.21611225365198689,13.634237617640311
Oliver et al. / Table 2,Oliver et al.,Table 2,500,23.8,10-30 mJy,FSPS,0.9582958967688664,3.162932507716714,0.5185902962249841,0.39661107397350226,1.7096968035964808
Oliver et al. / Table 2,Oliver et al.,Table 2,500,37.5,30-100 mJy,FSPS,0.9124846967661014,2.0596875270377915,0.35357574936213043,0.25934399726324536,1.8587138724876757
Oliver et al. / Table 2,Oliver et al.,Table 2,500,58.9,30-100 mJy,FSPS,0.4103580475443983,1.0930758508887526,0.42548734481999617,0.38169812157231053,1.2426054371808564
Oliver et al. / Table 2,Oliver et al.,Table 2,500,85.9,30-100 mJy,FSPS,0.1515184366835344,0.834779969624047,0.7411065389331293,0.31587150791312896,5.504785273352602
Oliver et al. / Table 2,Oliver et al.,Table 2,500,166.2,100-300 mJy,FSPS,0.0445939185319218,0.531702508817543,1.0763930734118592,0.36298369420430493,8.79361720176151
Pearson et al. / Table 3 SUSSEXtractor,Pearson et al.,Table 3 SUSSEXtractor,250,10.7,10-30 mJy,FSPS,2.5697550249959176,7.339104434947484,0.4557513437558992,0.09884741139325742,21.258142530905513
Pearson et al. / Table 3 SUSSEXtractor,Pearson et al.,Table 3 SUSSEXtractor,250,12.3,10-30 mJy,FSPS,3.094552617535474,7.798333536637447,0.4014039346096742,0.0959460959286455,17.50284450761954
Pearson et al. / Table 3 SUSSEXtractor,Pearson et al.,Table 3 SUSSEXtractor,250,14.1,10-30 mJy,FSPS,3.7703932763566073,8.14531009275896,0.3345209703067178,0.09344090197609949,12.816594725134962
Pearson et al. / Table 3 SUSSEXtractor,Pearson et al.,Table 3 SUSSEXtractor,250,16.1,10-30 mJy,FSPS,6.604377338859135,8.497071486142989,0.10943739343470371,0.08832241035867953,1.5352872941989797
Pearson et al. / Table 3 SUSSEXtractor,Pearson et al.,Table 3 SUSSEXtractor,250,18.4,10-30 mJy,FSPS,5.841070414614741,8.764995379699554,0.1762592497705896,0.08952817768794437,3.8760051476099107
Pearson et al. / Table 3 SUSSEXtractor,Pearson et al.,Table 3 SUSSEXtractor,250,21.1,10-30 mJy,FSPS,6.066960714634062,8.941861013087546,0.16845673240424308,0.08986633074034549,3.513846010349006
Pearson et al. / Table 3 SUSSEXtractor,Pearson et al.,Table 3 SUSSEXtractor,250,24.2,10-30 mJy,FSPS,9.714824156609186,9.122504810407257,-0.027320843004525086,0.08735627894076774,0.09781375660221578
Pearson et al. / Table 3 SUSSEXtractor,Pearson et al.,Table 3 SUSSEXtractor,250,27.7,10-30 mJy,FSPS,8.074446365978476,8.715668097742261,0.033187929369927094,0.08977650243668697,0.13665796538866268
Pearson et al. / Table 3 SUSSEXtractor,Pearson et al.,Table 3 SUSSEXtractor,250,31.7,30-100 mJy,FSPS,6.621331152421351,8.271919691809279,0.09666100062839045,0.09333736810834256,1.0724856054229757
Pearson et al. / Table 3 SUSSEXtractor,Pearson et al.,Table 3 SUSSEXtractor,250,36.3,30-100 mJy,FSPS,7.0448875060183465,7.798300994986477,0.044125931248920613,0.094801465418784,0.21664948787237984
Pearson et al. / Table 3 SUSSEXtractor,Pearson et al.,Table 3 SUSSEXtractor,250,41.6,30-100 mJy,FSPS,6.452659973174515,7.234718011637062,0.04968282794403778,0.09871650363685974,0.253298772825416
Pearson et al. / Table 3 SUSSEXtractor,Pearson et al.,Table 3 SUSSEXtractor,250,47.6,30-100 mJy,FSPS,3.874620698369786,6.717593358260692,0.23898451663359,0.11295226965713864,4.476613554686661
Pearson et al. / Table 3 SUSSEXtractor,Pearson et al.,Table 3 SUSSEXtractor,250,54.5,30-100 mJy,FSPS,4.821240731755657,6.2679353961759,0.11396569453457728,0.11310074495257334,1.0153536915751007
Pearson et al. / Table 3 SUSSEXtractor,Pearson et al.,Table 3 SUSSEXtractor,250,62.4,30-100 mJy,FSPS,3.782049023180632,5.862416387820556,0.19034950778127036,0.12680334571304816,2.253419722677391
Pearson et al. / Table 3 SUSSEXtractor,Pearson et al.,Table 3 SUSSEXtractor,250,71.4,30-100 mJy,FSPS,2.714825725136257,5.377411848889151,0.29683134396806626,0.14961602232971483,3.936074481977149
Pearson et al. / Table 3 SUSSEXtractor,Pearson et al.,Table 3 SUSSEXtractor,250,81.8,30-100 mJy,FSPS,2.1318457269627262,3.810435940328413,0.2522188914625159,0.18180413003912127,1.924632146687027
Pearson et al. / Table 3 SUSSEXtractor,Pearson et al.,Table 3 SUSSEXtractor,250,93.7,30-100 mJy,FSPS,1.5267101769749332,2.7011601014962214,0.24779372559686394,0.2383555695042761,1.080761840472502
Pearson et al. / Table 3 SUSSEXtractor,Pearson et al.,Table 3 SUSSEXtractor,350,10.8,10-30 mJy,FSPS,1.1911980597180911,8.620433707493723,0.8595451390640687,0.12106971427850054,50.404155447199344
Pearson et al. / Table 3 SUSSEXtractor,Pearson et al.,Table 3 SUSSEXtractor,350,12.6,10-30 mJy,FSPS,1.651070252593246,8.951854870473209,0.7341474799266638,0.11117541025774448,43.60629045106318
Pearson et al. / Table 3 SUSSEXtractor,Pearson et al.,Table 3 SUSSEXtractor,350,14.7,10-30 mJy,FSPS,3.8949460089472177,8.86639915307869,0.3572458368058611,0.09372033975851184,14.530034454144317
Pearson et al. / Table 3 SUSSEXtractor,Pearson et al.,Table 3 SUSSEXtractor,350,17.2,10-30 mJy,FSPS,4.143666160183844,8.780168540220389,0.32611809385961754,0.09287794342643185,12.328907940933219
Pearson et al. / Table 3 SUSSEXtractor,Pearson et al.,Table 3 SUSSEXtractor,350,20.0,10-30 mJy,FSPS,5.516154430834284,8.28143085154807,0.17646896370288678,0.09037715745903042,3.812583070767298
Pearson et al. / Table 3 SUSSEXtractor,Pearson et al.,Table 3 SUSSEXtractor,350,23.3,10-30 mJy,FSPS,4.553062226316941,7.8032004327990165,0.23396917652057148,0.0931928436298569,6.30307051191298
Pearson et al. / Table 3 SUSSEXtractor,Pearson et al.,Table 3 SUSSEXtractor,350,27.2,10-30 mJy,FSPS,6.283988793927678,7.162358493948161,0.05682065284177207,0.09134713067055769,0.38692128209616344
Pearson et al. / Table 3 SUSSEXtractor,Pearson et al.,Table 3 SUSSEXtractor,350,31.7,30-100 mJy,FSPS,6.6296154022301605,6.500601816593886,-0.008534769932125874,0.09250381030795565,0.008512642460156141
Pearson et al. / Table 3 SUSSEXtractor,Pearson et al.,Table 3 SUSSEXtractor,350,37.0,30-100 mJy,FSPS,5.725090917291388,5.641108158209671,-0.006417961250062332,0.09681891527269726,0.004394138646768481
Pearson et al. / Table 3 SUSSEXtractor,Pearson et al.,Table 3 SUSSEXtractor,350,43.1,30-100 mJy,FSPS,3.9293352785023976,4.569459222556231,0.06554571862459901,0.10723757420662597,0.37358952952563673
Pearson et al. / Table 3 SUSSEXtractor,Pearson et al.,Table 3 SUSSEXtractor,350,50.3,30-100 mJy,FSPS,2.497316003411896,3.6994872167082296,0.17066803074658876,0.12597143996901966,1.8355244221205256
Pearson et al. / Table 3 SUSSEXtractor,Pearson et al.,Table 3 SUSSEXtractor,350,58.6,30-100 mJy,FSPS,2.022512895183652,3.0723607845559253,0.18158091388563602,0.14454272735989207,1.5781486380842096
Pearson et al. / Table 3 SUSSEXtractor,Pearson et al.,Table 3 SUSSEXtractor,350,68.3,30-100 mJy,FSPS,1.6978858968616426,2.5501610930156446,0.17665911460266426,0.16784423548189445,1.1077945863252148
Pearson et al. / Table 3 SUSSEXtractor,Pearson et al.,Table 3 SUSSEXtractor,350,79.7,30-100 mJy,FSPS,1.2788569821136484,2.157027295788191,0.2270336619354522,0.20535865198542885,1.2222343878748647
Pearson et al. / Table 3 SUSSEXtractor,Pearson et al.,Table 3 SUSSEXtractor,350,92.9,30-100 mJy,FSPS,0.8011640193009352,1.8373936499398997,0.3604807744485197,0.27510140185996484,1.7170328649589879
Pearson et al. / Table 3 SUSSEXtractor,Pearson et al.,Table 3 SUSSEXtractor,500,11.0,10-30 mJy,FSPS,0.7099409429178659,5.895002857037576,0.9192617968730733,0.1380450664137046,44.34418155619751
Pearson et al. / Table 3 SUSSEXtractor,Pearson et al.,Table 3 SUSSEXtractor,500,13.1,10-30 mJy,FSPS,0.9755185792305604,5.625104857108508,0.760895077344862,0.12281444354286931,38.38403787524067
Pearson et al. / Table 3 SUSSEXtractor,Pearson et al.,Table 3 SUSSEXtractor,500,15.6,10-30 mJy,FSPS,1.2297294541776769,5.111376792806539,0.6187283215289641,0.11531308640032589,28.79007517124331
Pearson et al. / Table 3 SUSSEXtractor,Pearson et al.,Table 3 SUSSEXtractor,500,18.7,10-30 mJy,FSPS,1.7822696507281353,4.343159600858918,0.3868323771503149,0.1060496325477592,13.305380445903582
Pearson et al. / Table 3 SUSSEXtractor,Pearson et al.,Table 3 SUSSEXtractor,500,22.3,10-30 mJy,FSPS,1.4991602299363296,3.4455989486262837,0.36141667360231616,0.11112601986229986,10.577544214593443
Pearson et al. / Table 3 SUSSEXtractor,Pearson et al.,Table 3 SUSSEXtractor,500,26.6,10-30 mJy,FSPS,2.342901440115107,2.826197576626057,0.08144850034303347,0.1039762113278907,0.6136181647963341
Pearson et al. / Table 3 SUSSEXtractor,Pearson et al.,Table 3 SUSSEXtractor,500,31.7,30-100 mJy,FSPS,1.5055179100221612,2.4117721250140125,0.20465034497048687,0.11878830899421958,2.968093392549994
Pearson et al. / Table 3 SUSSEXtractor,Pearson et al.,Table 3 SUSSEXtractor,500,37.9,30-100 mJy,FSPS,1.5072518227728426,2.038254488372874,0.13107258959729504,0.1269135364514833,1.0666154443711924
Pearson et al. / Table 3 SUSSEXtractor,Pearson et al.,Table 3 SUSSEXtractor,500,45.2,30-100 mJy,FSPS,1.6431713167290312,1.7133199110624122,0.01815561673911581,0.1347609473494744,0.01815072186774859
Pearson et al. / Table 3 SUSSEXtractor,Pearson et al.,Table 3 SUSSEXtractor,500,54.0,30-100 mJy,FSPS,0.6356716800970146,1.310798946215254,0.3143032200262761,0.20448403676850915,2.362538206688648
Pearson et al. / Table 3 SUSSEXtractor,Pearson et al.,Table 3 SUSSEXtractor,500,64.5,30-100 mJy,FSPS,0.6792121558363464,0.9039855827518506,0.12415605430997859,0.22726009057043936,0.29846228088286864
Pearson et al. / Table 3 SUSSEXtractor,Pearson et al.,Table 3 SUSSEXtractor,500,77.0,30-100 mJy,FSPS,0.1752215163049658,0.7835781631836048,0.6504948902942437,0.45425307952986227,2.050652248418767
Pearson et al. / Table 4 XID,Pearson et al.,Table 4 XID,250,11.1,10-30 mJy,FSPS,5.598900600436245,7.461833461699621,0.12474279457530413,0.09633462129854245,1.6767416391190968
Pearson et al. / Table 4 XID,Pearson et al.,Table 4 XID,250,13.6,10-30 mJy,FSPS,6.765245910727903,8.05210992880202,0.0756261078784084,0.09810988983716211,0.5941798552120917
Pearson et al. / Table 4 XID,Pearson et al.,Table 4 XID,250,16.6,10-30 mJy,FSPS,8.97608099633278,8.580307658001422,-0.01958390250137443,0.09848999016042846,0.03953796280746242
Pearson et al. / Table 4 XID,Pearson et al.,Table 4 XID,250,20.2,10-30 mJy,FSPS,10.263703870685983,8.885170447890495,-0.06263834977243288,0.10152038306768996,0.38069232347649523
Pearson et al. / Table 4 XID,Pearson et al.,Table 4 XID,250,24.7,10-30 mJy,FSPS,6.3703954460032985,9.111442165743487,0.15542073060784223,0.12156082152710497,1.6346720591792863
Pearson et al. / Table 4 XID,Pearson et al.,Table 4 XID,250,30.1,30-100 mJy,FSPS,6.353152646982634,8.439568989635276,0.12333097745230692,0.1332368896225181,0.8568314041684807
Pearson et al. / Table 4 XID,Pearson et al.,Table 4 XID,250,36.8,30-100 mJy,FSPS,8.572271982396323,7.739800345171842,-0.04436618412565718,0.13369246200276527,0.11012611342368878
Pearson et al. / Table 4 XID,Pearson et al.,Table 4 XID,250,44.9,30-100 mJy,FSPS,6.123409207517356,6.9370217831308105,0.05417977534864693,0.16711155281271625,0.10511421478561184
Pearson et al. / Table 4 XID,Pearson et al.,Table 4 XID,250,54.9,30-100 mJy,FSPS,3.6720418919985143,6.245328580237083,0.23064766533480707,0.23325748153849912,0.977748056447477
Pearson et al. / Table 4 XID,Pearson et al.,Table 4 XID,250,67.0,30-100 mJy,FSPS,2.4773760067790604,5.659961314304024,0.35882153564064234,0.3193361744697028,1.2625854040566749
Pearson et al. / Table 4 XID,Pearson et al.,Table 4 XID,250,81.8,30-100 mJy,FSPS,3.342598469369057,3.810435940328413,0.05689045484968425,0.32134240797685426,0.03134315602611053
Pearson et al. / Table 4 XID,Pearson et al.,Table 4 XID,250,99.9,30-100 mJy,FSPS,2.2550498607472518,2.2964745292427637,0.007905484036706545,0.4480254198426189,0.0003113519722835003
Pearson et al. / Table 4 XID,Pearson et al.,Table 4 XID,350,11.0,10-30 mJy,FSPS,3.795535011241487,8.677043549492389,0.3590987752988982,0.10514851727762241,11.663302562437456
Pearson et al. / Table 4 XID,Pearson et al.,Table 4 XID,350,13.1,10-30 mJy,FSPS,4.3469192659581575,8.930204124973315,0.312679811782697,0.10820814150105146,8.349871802828856
Pearson et al. / Table 4 XID,Pearson et al.,Table 4 XID,350,15.6,10-30 mJy,FSPS,5.354707888048621,8.8336751740552,0.21740564160700582,0.10972136417477278,3.926080700138559
Pearson et al. / Table 4 XID,Pearson et al.,Table 4 XID,350,18.7,10-30 mJy,FSPS,7.395137881655979,8.501071561339028,0.060527396260512845,0.10846311236747228,0.311415237852687
Pearson et al. / Table 4 XID,Pearson et al.,Table 4 XID,350,22.3,10-30 mJy,FSPS,6.162518572893834,7.937665022678091,0.10993452611600352,0.12154947086539568,0.8180165157765769
Pearson et al. / Table 4 XID,Pearson et al.,Table 4 XID,350,26.6,10-30 mJy,FSPS,5.2420998877404825,7.264239399315481,0.14168485616893423,0.13864517496128984,1.0443290213494347
Pearson et al. / Table 4 XID,Pearson et al.,Table 4 XID,350,31.7,30-100 mJy,FSPS,5.469916757482782,6.500601816593886,0.07497284769261137,0.1499275863947848,0.2500603961036119
Pearson et al. / Table 4 XID,Pearson et al.,Table 4 XID,350,37.9,30-100 mJy,FSPS,4.756315332091256,5.457006817265774,0.059683856769115695,0.17475218420700037,0.11664564626878611
Pearson et al. / Table 4 XID,Pearson et al.,Table 4 XID,350,45.2,30-100 mJy,FSPS,3.877414224468106,4.2789787167958995,0.04279792715335973,0.21226116649214405,0.04065410244342834
Pearson et al. / Table 4 XID,Pearson et al.,Table 4 XID,350,54.0,30-100 mJy,FSPS,2.022898209128248,3.3935291642986996,0.2246775559942792,0.31976940862122333,0.4936800240837164
Pearson et al. / Table 4 XID,Pearson et al.,Table 4 XID,500,11.2,10-30 mJy,FSPS,2.3298970944849966,5.891711096609046,0.40290470302863984,0.11395734859981564,12.50028749377219
Pearson et al. / Table 4 XID,Pearson et al.,Table 4 XID,500,13.8,10-30 mJy,FSPS,3.079332716723938,5.466811099329814,0.24927745127399525,0.11514754142664418,4.6865866606401
Pearson et al. / Table 4 XID,Pearson et al.,Table 4 XID,500,17.0,10-30 mJy,FSPS,3.1614045869228558,4.876091081678822,0.18819173023288122,0.1247847161421847,2.2744598743928286
Pearson et al. / Table 4 XID,Pearson et al.,Table 4 XID,500,20.9,10-30 mJy,FSPS,1.6486620404395218,3.752237027140797,0.35715862610689053,0.17409954823646098,4.208496777728817
Pearson et al. / Table 4 XID,Pearson et al.,Table 4 XID,500,25.8,10-30 mJy,FSPS,1.6925878301234498,2.9053040971706414,0.2346403826288062,0.1960236561025871,1.432809809392112
Pearson et al. / Table 4 XID,Pearson et al.,Table 4 XID,500,31.8,30-100 mJy,FSPS,2.3168927488548867,2.4049148154872584,0.016193767477800936,0.19701318248297617,0.006756242436417917
Pearson et al. / Table 4 XID,Pearson et al.,Table 4 XID,500,39.2,30-100 mJy,FSPS,2.114410270969764,1.9715972040010197,-0.030371066166635263,0.23492373816538872,0.016713456303302354
Varnish et al. / Table 4 P(D) best-fit spline,Varnish et al.,Table 4 P(D) best-fit spline,250,10.0,10-30 mJy,FSPS,8.146172,7.118120752481702,-0.05858822448893475,0.11697604150235023,0.25085735140938703
Varnish et al. / Table 4 P(D) best-fit spline,Varnish et al.,Table 4 P(D) best-fit spline,250,19.952623,10-30 mJy,FSPS,8.279423,8.869210615943185,0.02988489666312555,0.11371932182614201,0.06906133905029141
Varnish et al. / Table 4 P(D) best-fit spline,Varnish et al.,Table 4 P(D) best-fit spline,250,44.668359,30-100 mJy,FSPS,3.873282,6.95680006704305,0.2543304046689928,0.11560303254045928,4.8401420868649465
Varnish et al. / Table 4 P(D) best-fit spline,Varnish et al.,Table 4 P(D) best-fit spline,250,100.0,100-300 mJy,FSPS,1.063676,2.2906615480957853,0.33315156540526436,0.13615501468891186,5.9870989215706
Varnish et al. / Table 4 P(D) best-fit spline,Varnish et al.,Table 4 P(D) best-fit spline,250,199.818036,100-300 mJy,FSPS,0.4216965,2.580663939475607,0.7867314568413045,0.16488340517915304,22.76665020905691
Varnish et al. / Table 4 P(D) best-fit spline,Varnish et al.,Table 4 P(D) best-fit spline,350,10.0,10-30 mJy,FSPS,6.456542,8.386992619217384,0.1136062803565635,0.1536572802960031,0.5466362107616427
Varnish et al. / Table 4 P(D) best-fit spline,Varnish et al.,Table 4 P(D) best-fit spline,350,19.952623,10-30 mJy,FSPS,6.441677,8.289084059841587,0.10950759931226017,0.20926138751678028,0.2738484677138759
Varnish et al. / Table 4 P(D) best-fit spline,Varnish et al.,Table 4 P(D) best-fit spline,350,44.668359,30-100 mJy,FSPS,2.046968,4.349448785854732,0.32732316801032135,0.11705638471257233,7.819217220202369
Varnish et al. / Table 4 P(D) best-fit spline,Varnish et al.,Table 4 P(D) best-fit spline,350,100.0,100-300 mJy,FSPS,0.2148484,1.701101072405154,0.8985979945724174,0.14327213674027944,39.33755962307056
Varnish et al. / Table 4 P(D) best-fit spline,Varnish et al.,Table 4 P(D) best-fit spline,350,199.818036,100-300 mJy,FSPS,0.1368312,0.8545207354181669,0.7955374698710095,0.23716562401129343,11.25169104884854
Varnish et al. / Table 4 P(D) best-fit spline,Varnish et al.,Table 4 P(D) best-fit spline,500,10.0,10-30 mJy,FSPS,2.951209,5.91244547816682,0.3017671822576206,0.12371864104101293,5.9494077307914885
Varnish et al. / Table 4 P(D) best-fit spline,Varnish et al.,Table 4 P(D) best-fit spline,500,19.952623,10-30 mJy,FSPS,1.618622,3.9882327546677585,0.3916350570140973,0.1881225522443649,4.333925052850377
Varnish et al. / Table 4 P(D) best-fit spline,Varnish et al.,Table 4 P(D) best-fit spline,500,44.668359,30-100 mJy,FSPS,0.4435,1.7334223980971877,0.5920107797522427,0.12273452958223074,23.266213268608226
Varnish et al. / Table 4 P(D) best-fit spline,Varnish et al.,Table 4 P(D) best-fit spline,500,100.0,100-300 mJy,FSPS,0.04365158,0.9115284391490255,1.3197702550098498,0.16498486963901313,63.98945865751018
Varnish et al. / Table 4 P(D) best-fit spline,Varnish et al.,Table 4 P(D) best-fit spline,500,199.818036,100-300 mJy,FSPS,0.03162278,0.6065628412482447,1.282875754728626,0.2720450826223197,22.237575442325316
Clements et al. / Table 1,Clements et al.,Table 1,250,34.0,30-100 mJy,MBB 35 K,7.006200655094297,4.8835332577100115,-0.15674842151349888,0.08462737800873592,3.430714525578031
Clements et al. / Table 1,Clements et al.,Table 1,250,38.0,30-100 mJy,MBB 35 K,6.549274525414234,4.271012831507103,-0.18566231890706564,0.08498774046292133,4.772379538067995
Clements et al. / Table 1,Clements et al.,Table 1,250,42.0,30-100 mJy,MBB 35 K,5.635422266054109,3.75437891599891,-0.1763883613028394,0.0868984851326646,4.120172886180406
Clements et al. / Table 1,Clements et al.,Table 1,250,47.0,30-100 mJy,MBB 35 K,4.873878716587337,3.2479630305970004,-0.17626364052555377,0.08927046902041441,3.898610412821432
Clements et al. / Table 1,Clements et al.,Table 1,250,52.0,30-100 mJy,MBB 35 K,4.26464387701392,2.769428960358413,-0.1874925414819154,0.09233712553957575,4.123018565846437
Clements et al. / Table 1,Clements et al.,Table 1,250,56.0,30-100 mJy,MBB 35 K,3.655409037440503,2.40144627508789,-0.1824631061376487,0.09616202752314862,3.600334932572394
Clements et al. / Table 1,Clements et al.,Table 1,250,63.0,30-100 mJy,MBB 35 K,2.9243272299524024,1.9145420995598188,-0.18396104757382153,0.10170891620451536,3.2714003432957246
Clements et al. / Table 1,Clements et al.,Table 1,250,73.0,30-100 mJy,MBB 35 K,2.315092390378985,1.53456876478871,-0.17858197330707734,0.11206571945093165,2.539391537067644
Clements et al. / Table 1,Clements et al.,Table 1,250,83.0,30-100 mJy,MBB 35 K,1.7363192927842388,1.5401319558469586,-0.052071658822160055,0.11960267434109405,0.1895488023284103
Clements et al. / Table 1,Clements et al.,Table 1,250,93.0,30-100 mJy,MBB 35 K,1.279393163104176,1.5450783647257085,0.08194648569253916,0.12923933628399606,0.4020418186033137
Clements et al. / Table 1,Clements et al.,Table 1,250,125.0,100-300 mJy,MBB 35 K,0.8833905173814548,1.0620256879108938,0.07998228835695877,0.16035970226877747,0.2487695201614905
Clements et al. / Table 1,Clements et al.,Table 1,250,175.0,100-300 mJy,MBB 35 K,0.4569261296800628,0.933655329766376,0.3103405864822812,0.2157222896339594,2.069603312131089
Clements et al. / Table 1,Clements et al.,Table 1,350,38.0,30-100 mJy,MBB 35 K,3.9600264572272112,1.7878560509023307,-0.3453655388090592,0.09197708300606525,14.099338498553065
Clements et al. / Table 1,Clements et al.,Table 1,350,41.0,30-100 mJy,MBB 35 K,3.3507916176537944,1.6971268592299165,-0.29543311355293667,0.0931809199878173,10.052274860362903
Clements et al. / Table 1,Clements et al.,Table 1,350,46.0,30-100 mJy,MBB 35 K,2.8634037459950603,1.5684199249831152,-0.2614202379029596,0.09719507223790509,7.234190106127131
Clements et al. / Table 1,Clements et al.,Table 1,350,50.0,30-100 mJy,MBB 35 K,2.0104749705922766,1.4655938703737659,-0.1372850307673913,0.10130966685937577,1.8363040677708207
Clements et al. / Table 1,Clements et al.,Table 1,350,55.0,30-100 mJy,MBB 35 K,1.5230870989335428,1.1783490774882945,-0.11145077337122837,0.11025903997836796,1.0217337972559475
Clements et al. / Table 1,Clements et al.,Table 1,350,61.0,30-100 mJy,MBB 35 K,1.279393163104176,0.9297218959407372,-0.13865096640262575,0.11873466942137943,1.3636116629558688
Clements et al. / Table 1,Clements et al.,Table 1,350,71.0,30-100 mJy,MBB 35 K,0.852928775402784,0.6634602846893856,-0.10909783579136464,0.14289030648862294,0.5829438640311773
Clements et al. / Table 1,Clements et al.,Table 1,350,82.0,30-100 mJy,MBB 35 K,0.6092348395734172,0.6798459187827964,0.04762576391227391,0.15811444441246061,0.09072789124545062
Clements et al. / Table 1,Clements et al.,Table 1,350,91.0,30-100 mJy,MBB 35 K,0.2741556778080377,0.691944198554014,0.4020738278166637,0.19350349302563072,4.317516349575562
Clements et al. / Table 1,Clements et al.,Table 1,350,125.0,100-300 mJy,MBB 35 K,0.213232193850696,0.555427114432843,0.4157743018048073,0.2193940408413654,3.591415325744765
Clements et al. / Table 1,Clements et al.,Table 1,350,175.0,100-300 mJy,MBB 35 K,0.1523087098933543,0.29465808930135773,0.28659362884143613,0.37396246571435743,0.5873230342479536
Clements et al. / Table 1,Clements et al.,Table 1,500,48.0,30-100 mJy,MBB 35 K,0.5787730975947463,0.2585643034098406,-0.3499397688082699,0.16735521622688712,4.372281291815014
Clements et al. / Table 1,Clements et al.,Table 1,500,52.0,30-100 mJy,MBB 35 K,0.3960026457227211,0.25385612038978095,-0.19311044892074086,0.1683056848927137,1.3164791217581437
Clements et al. / Table 1,Clements et al.,Table 1,500,56.0,30-100 mJy,MBB 35 K,0.3350791617653794,0.27072748366566285,-0.09261507369955235,0.18160780574226112,0.26007243928496343
Clements et al. / Table 1,Clements et al.,Table 1,500,60.0,30-100 mJy,MBB 35 K,0.2315092390378985,0.2874406904836828,0.0939799199880188,0.20177825075522535,0.21693090915204663
Clements et al. / Table 1,Clements et al.,Table 1,500,63.0,30-100 mJy,MBB 35 K,0.1766781034762909,0.2998790257460413,0.2297633624857529,0.20231956096518922,1.2896914146908982
Clements et al. / Table 1,Clements et al.,Table 1,500,70.0,30-100 mJy,MBB 35 K,0.1766781034762909,0.32860603832713625,0.2694928108415497,0.18823724001188952,2.049666841657712
Clements et al. / Table 1,Clements et al.,Table 1,500,82.0,30-100 mJy,MBB 35 K,0.1127084453210821,0.23147552541735614,0.3125486193100897,0.24968433117343444,1.566940807600158
Clements et al. / Table 1,Clements et al.,Table 1,500,95.0,30-100 mJy,MBB 35 K,0.0578773097594746,0.16200998541037728,0.44703344677222834,0.365747337630999,1.4938867972859162
Clements et al. / Table 1,Clements et al.,Table 1,500,150.0,100-300 mJy,MBB 35 K,0.0426464387701392,0.21895563679596927,0.7104733592933878,0.37515679028989624,3.5864928757681835
Clements et al. / Table 1,Clements et al.,Table 1,500,250.0,100-300 mJy,MBB 35 K,0.0868159646392119,0.3855314559170931,0.647460223186145,0.4397894176118141,2.167387854136151
Glenn et al. / Table 4 P(D) spline no FIRAS,Glenn et al.,Table 4 P(D) spline no FIRAS,250,19.5,10-30 mJy,MBB 35 K,9.017507836501386,7.946686268224692,-0.0549004608113679,0.0897144359888627,0.3744788695802993
Glenn et al. / Table 4 P(D) spline no FIRAS,Glenn et al.,Table 4 P(D) spline no FIRAS,250,41.8,30-100 mJy,MBB 35 K,3.8809737424406254,3.777535590021955,-0.011732139705191824,0.09693479454944604,0.014648564356512654
Glenn et al. / Table 4 P(D) spline no FIRAS,Glenn et al.,Table 4 P(D) spline no FIRAS,250,89.3,30-100 mJy,MBB 35 K,1.510527538139541,1.5433112814456704,0.009324883624517388,0.13207363036866077,0.004984878869939114
Glenn et al. / Table 4 P(D) spline no FIRAS,Glenn et al.,Table 4 P(D) spline no FIRAS,250,191.0,100-300 mJy,MBB 35 K,0.0252687301851443,0.9794581608674819,1.5884024710195375,0.3637639132534709,19.066978707215473
Glenn et al. / Table 4 P(D) spline no FIRAS,Glenn et al.,Table 4 P(D) spline no FIRAS,350,19.5,10-30 mJy,MBB 35 K,4.831550557897798,3.727327314706285,-0.1126889964710438,0.1028477600462272,1.2005309141050169
Glenn et al. / Table 4 P(D) spline no FIRAS,Glenn et al.,Table 4 P(D) spline no FIRAS,350,41.8,30-100 mJy,MBB 35 K,2.523136257402593,1.674796996348601,-0.17797853109969322,0.11565135849758569,2.368283880875462
Glenn et al. / Table 4 P(D) spline no FIRAS,Glenn et al.,Table 4 P(D) spline no FIRAS,350,89.3,30-100 mJy,MBB 35 K,0.3069931232350126,0.6897375545583406,0.3515552257060077,0.1981983630636853,3.146204799477708
Glenn et al. / Table 4 P(D) spline no FIRAS,Glenn et al.,Table 4 P(D) spline no FIRAS,350,191.0,100-300 mJy,MBB 35 K,0.1454063651432898,0.2383363785044275,0.21460691788190633,0.43385238075369364,0.2446828130636951
Glenn et al. / Table 4 P(D) spline no FIRAS,Glenn et al.,Table 4 P(D) spline no FIRAS,500,15.5,10-30 mJy,MBB 35 K,2.7341934931185707,1.1348627216877927,-0.3818859150148614,0.11944889794594955,10.221225904480534
Glenn et al. / Table 4 P(D) spline no FIRAS,Glenn et al.,Table 4 P(D) spline no FIRAS,500,33.2,30-100 mJy,MBB 35 K,0.6513961828025355,0.4829391826700153,-0.12995276648754311,0.14728477203763574,0.7784941706945083
Glenn et al. / Table 4 P(D) spline no FIRAS,Glenn et al.,Table 4 P(D) spline no FIRAS,500,71.0,30-100 mJy,MBB 35 K,0.0950924138539357,0.3282348562090016,0.5380388263558107,0.23838275122936264,5.094218607373401
Oliver et al. / Table 2,Oliver et al.,Table 2,250,23.8,10-30 mJy,MBB 35 K,5.323866093160368,6.776441801621428,0.10477458932443451,0.1957826406049518,0.286393773044652
Oliver et al. / Table 2,Oliver et al.,Table 2,250,37.5,30-100 mJy,MBB 35 K,5.309001872093681,4.344512605182926,-0.0870718168606881,0.15453546887206068,0.31746720244346527
Oliver et al. / Table 2,Oliver et al.,Table 2,250,58.9,30-100 mJy,MBB 35 K,3.077685356582988,2.1791588214786874,-0.1499353345417786,0.206729759929791,0.5260196711368386
Oliver et al. / Table 2,Oliver et al.,Table 2,250,85.9,30-100 mJy,MBB 35 K,2.042205016169377,1.5416235801803164,-0.12212099406659485,0.2281686975983243,0.2864629993205588
Oliver et al. / Table 2,Oliver et al.,Table 2,250,166.2,100-300 mJy,MBB 35 K,0.7203632993618143,0.9076545251397212,0.10036899864627943,0.2561389267557825,0.1535493603978759
Oliver et al. / Table 2,Oliver et al.,Table 2,350,23.8,10-30 mJy,MBB 35 K,2.9281263512382023,3.1084392550635997,0.025952571848814165,0.26303881277233626,0.009734667735784047
Oliver et al. / Table 2,Oliver et al.,Table 2,350,37.5,30-100 mJy,MBB 35 K,2.903360398801232,1.8041605037902115,-0.2066257777241895,0.19251665353221042,1.1519467260613487
Oliver et al. / Table 2,Oliver et al.,Table 2,350,58.9,30-100 mJy,MBB 35 K,1.3593110324908195,1.0073401267404207,-0.13014270761583244,0.2769303369763721,0.2208506122987946
Oliver et al. / Table 2,Oliver et al.,Table 2,350,85.9,30-100 mJy,MBB 35 K,0.724653392834295,0.6852174879751793,-0.024301891511552154,0.2891902141283463,0.007061760264070749
Oliver et al. / Table 2,Oliver et al.,Table 2,350,166.2,100-300 mJy,MBB 35 K,0.2126786883830118,0.3339251687935157,0.1959251808731094,0.33160131221491623,0.3490985394201151
Oliver et al. / Table 2,Oliver et al.,Table 2,500,23.8,10-30 mJy,MBB 35 K,0.9582958967688664,0.8106751083282695,-0.07265279032271918,0.3983722031949032,0.033260329106257217
Oliver et al. / Table 2,Oliver et al.,Table 2,500,37.5,30-100 mJy,MBB 35 K,0.9124846967661014,0.3936929981474249,-0.3650678987525582,0.2710365557559136,1.814226693579061
Oliver et al. / Table 2,Oliver et al.,Table 2,500,58.9,30-100 mJy,MBB 35 K,0.4103580475443983,0.2828596111003328,-0.16159201487217972,0.40157620259150373,0.16192125270263386
Oliver et al. / Table 2,Oliver et al.,Table 2,500,85.9,30-100 mJy,MBB 35 K,0.1515184366835344,0.20681207213266228,0.13511040522858198,0.37126655983864537,0.13243596040856462
Oliver et al. / Table 2,Oliver et al.,Table 2,500,166.2,100-300 mJy,MBB 35 K,0.0445939185319218,0.24529300245750413,0.7404095230334988,0.4400042688524063,2.831588970185695
Pearson et al. / Table 3 SUSSEXtractor,Pearson et al.,Table 3 SUSSEXtractor,250,10.7,10-30 mJy,MBB 35 K,2.5697550249959176,9.167698781277794,0.552368611482244,0.09878414558738934,31.266803743371693
Pearson et al. / Table 3 SUSSEXtractor,Pearson et al.,Table 3 SUSSEXtractor,250,12.3,10-30 mJy,MBB 35 K,3.094552617535474,9.402030088119028,0.4826237651507504,0.09588144404796277,25.336596462444017
Pearson et al. / Table 3 SUSSEXtractor,Pearson et al.,Table 3 SUSSEXtractor,250,14.1,10-30 mJy,MBB 35 K,3.7703932763566073,9.144015154278279,0.3847502848530939,0.09339095535316282,16.972595613003207
Pearson et al. / Table 3 SUSSEXtractor,Pearson et al.,Table 3 SUSSEXtractor,250,16.1,10-30 mJy,MBB 35 K,6.604377338859135,8.900206274106012,0.12956819354566584,0.08829678219128247,2.153312462858887
Pearson et al. / Table 3 SUSSEXtractor,Pearson et al.,Table 3 SUSSEXtractor,250,18.4,10-30 mJy,MBB 35 K,5.841070414614741,8.32424911430003,0.15385262684869583,0.0895631705697584,2.950875676989673
Pearson et al. / Table 3 SUSSEXtractor,Pearson et al.,Table 3 SUSSEXtractor,250,21.1,10-30 mJy,MBB 35 K,6.066960714634062,7.461177810169436,0.08983620718222518,0.0900235043416946,0.995843256234523
Pearson et al. / Table 3 SUSSEXtractor,Pearson et al.,Table 3 SUSSEXtractor,250,24.2,10-30 mJy,MBB 35 K,9.714824156609186,6.6867506359279005,-0.16221981637273686,0.08771318389545255,3.4204091493558035
Pearson et al. / Table 3 SUSSEXtractor,Pearson et al.,Table 3 SUSSEXtractor,250,27.7,10-30 mJy,MBB 35 K,8.074446365978476,5.907725232079537,-0.13569246600491436,0.0903566373867165,2.2552326465426678
Pearson et al. / Table 3 SUSSEXtractor,Pearson et al.,Table 3 SUSSEXtractor,250,31.7,30-100 mJy,MBB 35 K,6.621331152421351,5.2118995377633075,-0.10394927292472089,0.09422513819622072,1.2170525925539821
Pearson et al. / Table 3 SUSSEXtractor,Pearson et al.,Table 3 SUSSEXtractor,250,36.3,30-100 mJy,MBB 35 K,7.0448875060183465,4.530399630134703,-0.19173754944903332,0.0961936786122602,3.9730248228751406
Pearson et al. / Table 3 SUSSEXtractor,Pearson et al.,Table 3 SUSSEXtractor,250,41.6,30-100 mJy,MBB 35 K,6.452659973174515,3.800947186557656,-0.22984694509398773,0.1009224164701664,5.186832106913661
Pearson et al. / Table 3 SUSSEXtractor,Pearson et al.,Table 3 SUSSEXtractor,250,47.6,30-100 mJy,MBB 35 K,3.874620698369786,3.1953190421806785,-0.08371496660750954,0.11604548491163252,0.5204148988898819
Pearson et al. / Table 3 SUSSEXtractor,Pearson et al.,Table 3 SUSSEXtractor,250,54.5,30-100 mJy,MBB 35 K,4.821240731755657,2.530215891346467,-0.2800012379475462,0.11848279076135375,5.584822218359506
Pearson et al. / Table 3 SUSSEXtractor,Pearson et al.,Table 3 SUSSEXtractor,250,62.4,30-100 mJy,MBB 35 K,3.782049023180632,1.9501149670503508,-0.2876669383925336,0.13526383308680817,4.522895170288393
Pearson et al. / Table 3 SUSSEXtractor,Pearson et al.,Table 3 SUSSEXtractor,250,71.4,30-100 mJy,MBB 35 K,2.714825725136257,1.5336104646468838,-0.2480268925207452,0.16149661065835225,2.3586892073633567
Pearson et al. / Table 3 SUSSEXtractor,Pearson et al.,Table 3 SUSSEXtractor,250,81.8,30-100 mJy,MBB 35 K,2.1318457269627262,1.5394998631337926,-0.14137611873057568,0.1918783969978112,0.5428751295020952
Pearson et al. / Table 3 SUSSEXtractor,Pearson et al.,Table 3 SUSSEXtractor,250,93.7,30-100 mJy,MBB 35 K,1.5267101769749332,1.5454049769533753,0.005285705961821041,0.24518191298358083,0.00046476042676286337
Pearson et al. / Table 3 SUSSEXtractor,Pearson et al.,Table 3 SUSSEXtractor,350,10.8,10-30 mJy,MBB 35 K,1.1911980597180911,5.209382742304671,0.6408022896225333,0.12121597119140984,27.946563957493026
Pearson et al. / Table 3 SUSSEXtractor,Pearson et al.,Table 3 SUSSEXtractor,350,12.6,10-30 mJy,MBB 35 K,1.651070252593246,5.034064088142208,0.4841531874362276,0.11140503251577069,18.886695188620116
Pearson et al. / Table 3 SUSSEXtractor,Pearson et al.,Table 3 SUSSEXtractor,350,14.7,10-30 mJy,MBB 35 K,3.8949460089472177,4.590021648577931,0.07131329193049174,0.09413472360837354,0.5739066613125909
Pearson et al. / Table 3 SUSSEXtractor,Pearson et al.,Table 3 SUSSEXtractor,350,17.2,10-30 mJy,MBB 35 K,4.143666160183844,4.177854817467552,0.003568585306581995,0.09350909357611079,0.0014564127475062071
Pearson et al. / Table 3 SUSSEXtractor,Pearson et al.,Table 3 SUSSEXtractor,350,20.0,10-30 mJy,MBB 35 K,5.516154430834284,3.6423260685608967,-0.1802575940883071,0.09137200892967788,3.8918921188175677
Pearson et al. / Table 3 SUSSEXtractor,Pearson et al.,Table 3 SUSSEXtractor,350,23.3,10-30 mJy,MBB 35 K,4.553062226316941,3.169161376207358,-0.15735923144239705,0.09466745354613319,2.7630138452090534
Pearson et al. / Table 3 SUSSEXtractor,Pearson et al.,Table 3 SUSSEXtractor,350,27.2,10-30 mJy,MBB 35 K,6.283988793927678,2.6361778752369487,-0.37726069111438854,0.0937618281762076,16.18940839250735
Pearson et al. / Table 3 SUSSEXtractor,Pearson et al.,Table 3 SUSSEXtractor,350,31.7,30-100 mJy,MBB 35 K,6.6296154022301605,2.152272871310962,-0.4885910032281953,0.0963642569287388,25.707448693616907
Pearson et al. / Table 3 SUSSEXtractor,Pearson et al.,Table 3 SUSSEXtractor,350,37.0,30-100 mJy,MBB 35 K,5.725090917291388,1.8208355176965996,-0.4975116716190648,0.10234338215531136,23.63126755709005
Pearson et al. / Table 3 SUSSEXtractor,Pearson et al.,Table 3 SUSSEXtractor,350,43.1,30-100 mJy,MBB 35 K,3.9293352785023976,1.6400071099962525,-0.3794733565823245,0.11381464611826764,11.116453939436866
Pearson et al. / Table 3 SUSSEXtractor,Pearson et al.,Table 3 SUSSEXtractor,350,50.3,30-100 mJy,MBB 35 K,2.497316003411896,1.4456640310441518,-0.23740612458492213,0.13358464283581697,3.158426465235857
Pearson et al. / Table 3 SUSSEXtractor,Pearson et al.,Table 3 SUSSEXtractor,350,58.6,30-100 mJy,MBB 35 K,2.022512895183652,1.0191825105544141,-0.29763933683248034,0.1573493013523892,3.578088009028491
Pearson et al. / Table 3 SUSSEXtractor,Pearson et al.,Table 3 SUSSEXtractor,350,68.3,30-100 mJy,MBB 35 K,1.6978858968616426,0.717783986389142,-0.37391473588166424,0.18867645274523023,3.9274417874920693
Pearson et al. / Table 3 SUSSEXtractor,Pearson et al.,Table 3 SUSSEXtractor,350,79.7,30-100 mJy,MBB 35 K,1.2788569821136484,0.6765777822514334,-0.2765042467787502,0.22728724761647714,1.4799719112932987
Pearson et al. / Table 3 SUSSEXtractor,Pearson et al.,Table 3 SUSSEXtractor,350,92.9,30-100 mJy,MBB 35 K,0.8011640193009352,0.6943702901811658,-0.062130306130260035,0.2936412113345832,0.04476854430119983
Pearson et al. / Table 3 SUSSEXtractor,Pearson et al.,Table 3 SUSSEXtractor,500,11.0,10-30 mJy,MBB 35 K,0.7099409429178659,1.574118389060312,0.3458151693928096,0.13885148110162268,6.20278955079025
Pearson et al. / Table 3 SUSSEXtractor,Pearson et al.,Table 3 SUSSEXtractor,500,13.1,10-30 mJy,MBB 35 K,0.9755185792305604,1.3673984301717066,0.14665953181574817,0.1242109759306277,1.394121549702923
Pearson et al. / Table 3 SUSSEXtractor,Pearson et al.,Table 3 SUSSEXtractor,500,15.6,10-30 mJy,MBB 35 K,1.2297294541776769,1.1268050005565344,-0.03796080963716732,0.11771747527482558,0.10398939583928295
Pearson et al. / Table 3 SUSSEXtractor,Pearson et al.,Table 3 SUSSEXtractor,500,18.7,10-30 mJy,MBB 35 K,1.7822696507281353,0.9550673204484045,-0.27093942674282656,0.11006685304756443,6.059423626138166
Pearson et al. / Table 3 SUSSEXtractor,Pearson et al.,Table 3 SUSSEXtractor,500,22.3,10-30 mJy,MBB 35 K,1.4991602299363296,0.8473502920891407,-0.24778506913650628,0.11653672696861236,4.520897223137882
Pearson et al. / Table 3 SUSSEXtractor,Pearson et al.,Table 3 SUSSEXtractor,500,26.6,10-30 mJy,MBB 35 K,2.342901440115107,0.6947133574956926,-0.5279483700347225,0.11299862506534718,21.82913810504635
Pearson et al. / Table 3 SUSSEXtractor,Pearson et al.,Table 3 SUSSEXtractor,500,31.7,30-100 mJy,MBB 35 K,1.5055179100221612,0.5209939608572282,-0.46085323718679416,0.13281881328350156,12.039434652375384
Pearson et al. / Table 3 SUSSEXtractor,Pearson et al.,Table 3 SUSSEXtractor,500,37.9,30-100 mJy,MBB 35 K,1.5072518227728426,0.3866427864699954,-0.5908759057154482,0.15011471697999781,15.49337449435011
Pearson et al. / Table 3 SUSSEXtractor,Pearson et al.,Table 3 SUSSEXtractor,500,45.2,30-100 mJy,MBB 35 K,1.6431713167290312,0.28643376237286383,-0.758658637667294,0.1725520122622735,19.330930394160337
Pearson et al. / Table 3 SUSSEXtractor,Pearson et al.,Table 3 SUSSEXtractor,500,54.0,30-100 mJy,MBB 35 K,0.6356716800970146,0.26231238677423324,-0.38441406444910897,0.24024725838186659,2.5602457665466525
Pearson et al. / Table 3 SUSSEXtractor,Pearson et al.,Table 3 SUSSEXtractor,500,64.5,30-100 mJy,MBB 35 K,0.6792121558363464,0.30606875339301265,-0.3461864551900227,0.2576068930981469,1.8059477620295776
Pearson et al. / Table 3 SUSSEXtractor,Pearson et al.,Table 3 SUSSEXtractor,500,77.0,30-100 mJy,MBB 35 K,0.1752215163049658,0.2696224362044836,0.18716859425011068,0.4774422506922126,0.15368244439945042
Pearson et al. / Table 4 XID,Pearson et al.,Table 4 XID,250,11.1,10-30 mJy,MBB 35 K,5.598900600436245,9.247102079018772,0.21790289448766786,0.09626932217370554,5.123304520852058
Pearson et al. / Table 4 XID,Pearson et al.,Table 4 XID,250,13.6,10-30 mJy,MBB 35 K,6.765245910727903,9.211527206147867,0.13404805168157718,0.09805735879757967,1.8687905520370744
Pearson et al. / Table 4 XID,Pearson et al.,Table 4 XID,250,16.6,10-30 mJy,MBB 35 K,8.97608099633278,8.844920621517769,-0.006392823118178237,0.0984742530585108,0.004214441072243689
Pearson et al. / Table 4 XID,Pearson et al.,Table 4 XID,250,20.2,10-30 mJy,MBB 35 K,10.263703870685983,7.725763790381359,-0.12336268747057355,0.10161960231734135,1.4737121428128999
Pearson et al. / Table 4 XID,Pearson et al.,Table 4 XID,250,24.7,10-30 mJy,MBB 35 K,6.3703954460032985,6.571610895315247,0.013505448719441926,0.12184201251778544,0.012286379024609653
Pearson et al. / Table 4 XID,Pearson et al.,Table 4 XID,250,30.1,30-100 mJy,MBB 35 K,6.353152646982634,5.46881603873574,-0.06509597551451796,0.1337601669583047,0.23683979412961875
Pearson et al. / Table 4 XID,Pearson et al.,Table 4 XID,250,36.8,30-100 mJy,MBB 35 K,8.572271982396323,4.451260703610076,-0.2846129109534815,0.13473590639518596,4.46213286537697
Pearson et al. / Table 4 XID,Pearson et al.,Table 4 XID,250,44.9,30-100 mJy,MBB 35 K,6.123409207517356,3.4449579363446516,-0.24980935944318372,0.1688316955593814,2.189321023003456
Pearson et al. / Table 4 XID,Pearson et al.,Table 4 XID,250,54.9,30-100 mJy,MBB 35 K,3.6720418919985143,2.4948695843437814,-0.16785977870363733,0.23600009249588347,0.5059049701881956
Pearson et al. / Table 4 XID,Pearson et al.,Table 4 XID,250,67.0,30-100 mJy,MBB 35 K,2.4773760067790604,1.7007214210589432,-0.16335874536092693,0.3239452314625239,0.2542972101644258
Pearson et al. / Table 4 XID,Pearson et al.,Table 4 XID,250,81.8,30-100 mJy,MBB 35 K,3.342598469369057,1.5394998631337926,-0.3367045553434074,0.32714755187763667,1.0592796638409487
Pearson et al. / Table 4 XID,Pearson et al.,Table 4 XID,250,99.9,30-100 mJy,MBB 35 K,2.2550498607472518,1.548198483385108,-0.16332951119218808,0.45109754154415915,0.13109568712178377
Pearson et al. / Table 4 XID,Pearson et al.,Table 4 XID,350,11.0,10-30 mJy,MBB 35 K,3.795535011241487,5.201306982465189,0.13683948484950692,0.10532398286614063,1.6879839528540856
Pearson et al. / Table 4 XID,Pearson et al.,Table 4 XID,350,13.1,10-30 mJy,MBB 35 K,4.3469192659581575,4.91806725818532,0.05361288949644849,0.10847089326583402,0.24429354716764473
Pearson et al. / Table 4 XID,Pearson et al.,Table 4 XID,350,15.6,10-30 mJy,MBB 35 K,5.354707888048621,4.429503743029919,-0.08238071101574918,0.11013598329974476,0.559490355852887
Pearson et al. / Table 4 XID,Pearson et al.,Table 4 XID,350,18.7,10-30 mJy,MBB 35 K,7.395137881655979,3.8723493182885025,-0.2809717483912231,0.10914990584033603,6.626414170740287
Pearson et al. / Table 4 XID,Pearson et al.,Table 4 XID,350,22.3,10-30 mJy,MBB 35 K,6.162518572893834,3.29839896619537,-0.271455055510726,0.12255425302829641,4.906130477297529
Pearson et al. / Table 4 XID,Pearson et al.,Table 4 XID,350,26.6,10-30 mJy,MBB 35 K,5.2420998877404825,2.7152328826577126,-0.28569820763004034,0.1401369815070024,4.156325139962051
Pearson et al. / Table 4 XID,Pearson et al.,Table 4 XID,350,31.7,30-100 mJy,MBB 35 K,5.469916757482782,2.152272871310962,-0.4050833856034581,0.1523397395760653,7.0707005428472405
Pearson et al. / Table 4 XID,Pearson et al.,Table 4 XID,350,37.9,30-100 mJy,MBB 35 K,4.756315332091256,1.7910879272716642,-0.42415373300570375,0.17801295523090122,5.677319912802419
Pearson et al. / Table 4 XID,Pearson et al.,Table 4 XID,350,45.2,30-100 mJy,MBB 35 K,3.877414224468106,1.5873937060157493,-0.3878575451953395,0.21595741502264365,3.22558319690459
Pearson et al. / Table 4 XID,Pearson et al.,Table 4 XID,350,54.0,30-100 mJy,MBB 35 K,2.022898209128248,1.2288907375792042,-0.216460759051809,0.323975060646267,0.4464113154580108
Pearson et al. / Table 4 XID,Pearson et al.,Table 4 XID,500,11.2,10-30 mJy,MBB 35 K,2.3298970944849966,1.558600863325198,-0.17460182732468746,0.11497285583182562,2.3062529080318037
Pearson et al. / Table 4 XID,Pearson et al.,Table 4 XID,500,13.8,10-30 mJy,MBB 35 K,3.079332716723938,1.2907596806106225,-0.3776112253163869,0.11686634689437954,10.440248956546263
Pearson et al. / Table 4 XID,Pearson et al.,Table 4 XID,500,17.0,10-30 mJy,MBB 35 K,3.1614045869228558,1.0244552596974528,-0.4893870825616065,0.1275993862350711,14.709836075189434
Pearson et al. / Table 4 XID,Pearson et al.,Table 4 XID,500,20.9,10-30 mJy,MBB 35 K,1.6486620404395218,0.8855273369713607,-0.2699296658877208,0.17718407612755924,2.320875571795409
Pearson et al. / Table 4 XID,Pearson et al.,Table 4 XID,500,25.8,10-30 mJy,MBB 35 K,1.6925878301234498,0.7304028636511964,-0.36498874668469666,0.2004761948425481,3.314616805195774
Pearson et al. / Table 4 XID,Pearson et al.,Table 4 XID,500,31.8,30-100 mJy,MBB 35 K,2.3168927488548867,0.5183088859302323,-0.6503172758713918,0.20586825186943639,9.978650899129944
Pearson et al. / Table 4 XID,Pearson et al.,Table 4 XID,500,39.2,30-100 mJy,MBB 35 K,2.114410270969764,0.3650605247994218,-0.7628243859682742,0.24977955077018324,9.326858238722632
Varnish et al. / Table 4 P(D) best-fit spline,Varnish et al.,Table 4 P(D) best-fit spline,250,10.0,10-30 mJy,MBB 35 K,8.146172,9.02310222169028,0.04440230183549965,0.11692333354742922,0.14421438816086743
Varnish et al. / Table 4 P(D) best-fit spline,Varnish et al.,Table 4 P(D) best-fit spline,250,19.952623,10-30 mJy,MBB 35 K,8.279423,7.802242811414589,-0.0257806097461738,0.11379871200029207,0.05132295768015715
Varnish et al. / Table 4 P(D) best-fit spline,Varnish et al.,Table 4 P(D) best-fit spline,250,44.668359,30-100 mJy,MBB 35 K,3.873282,3.467988721713438,-0.04800144115418736,0.11803181359872128,0.16539043612138596
Varnish et al. / Table 4 P(D) best-fit spline,Varnish et al.,Table 4 P(D) best-fit spline,250,100.0,100-300 mJy,MBB 35 K,1.063676,1.5482421450484418,0.1630295250578571,0.14591020322787143,1.2484213925546994
Varnish et al. / Table 4 P(D) best-fit spline,Varnish et al.,Table 4 P(D) best-fit spline,250,199.818036,100-300 mJy,MBB 35 K,0.4216965,1.0039590459827676,0.3767160007359654,0.22311524126745377,2.850819080942626
Varnish et al. / Table 4 P(D) best-fit spline,Varnish et al.,Table 4 P(D) best-fit spline,350,10.0,10-30 mJy,MBB 35 K,6.456542,5.243391382234489,-0.09038770452233069,0.15375393542532512,0.34559403128472627
Varnish et al. / Table 4 P(D) best-fit spline,Varnish et al.,Table 4 P(D) best-fit spline,350,19.952623,10-30 mJy,MBB 35 K,6.441677,3.6502056292279437,-0.2466816140214414,0.20969009501635474,1.3839414905728498
Varnish et al. / Table 4 P(D) best-fit spline,Varnish et al.,Table 4 P(D) best-fit spline,350,44.668359,30-100 mJy,MBB 35 K,2.046968,1.600318837620968,-0.10690453602183775,0.12349918703986057,0.749314382123434
Varnish et al. / Table 4 P(D) best-fit spline,Varnish et al.,Table 4 P(D) best-fit spline,350,100.0,100-300 mJy,MBB 35 K,0.2148484,0.7030862170400177,0.5148764605286505,0.1774685067358837,8.417119319742824
Varnish et al. / Table 4 P(D) best-fit spline,Varnish et al.,Table 4 P(D) best-fit spline,350,199.818036,100-300 mJy,MBB 35 K,0.1368312,0.21363018385454172,0.1934774785430471,0.4319608001319852,0.20061904738196804
Varnish et al. / Table 4 P(D) best-fit spline,Varnish et al.,Table 4 P(D) best-fit spline,500,10.0,10-30 mJy,MBB 35 K,2.951209,1.6588062745508225,-0.25020429719983495,0.12444507351603036,4.042351842910135
Varnish et al. / Table 4 P(D) best-fit spline,Varnish et al.,Table 4 P(D) best-fit spline,500,19.952623,10-30 mJy,MBB 35 K,1.618622,0.9138925199294338,-0.24825031623674518,0.19073075245613494,1.6940966222652893
Varnish et al. / Table 4 P(D) best-fit spline,Varnish et al.,Table 4 P(D) best-fit spline,500,44.668359,30-100 mJy,MBB 35 K,0.4435,0.2922640990556806,-0.18111815311269686,0.1619457314387387,1.2507915862315042
Varnish et al. / Table 4 P(D) best-fit spline,Varnish et al.,Table 4 P(D) best-fit spline,500,100.0,100-300 mJy,MBB 35 K,0.04365158,0.14306313883492922,0.5155277814000256,0.32353862559947755,2.53893671318083
Varnish et al. / Table 4 P(D) best-fit spline,Varnish et al.,Table 4 P(D) best-fit spline,500,199.818036,100-300 mJy,MBB 35 K,0.03162278,0.3008094357306684,0.9782914083252642,0.36908406904262214,7.025639783098934
