band_um,model,model_label,T_dust_K,alpha_mir,flux_mjy,bin_min_mjy,bin_max_mjy,N_bin,euclidean_jy15_deg2,euclidean_err_jy15_deg2
250,casey_T25_a15,Casey T25K a=1.5,25,1.5,5.9658317923524695,5.000000000000001,7.118229794928693,5444,5.528301249336922,0.07492601629341479
250,casey_T25_a15,Casey T25K a=1.5,25,1.5,8.493232323171238,7.118229794928693,10.133839082682117,3759,6.484088135869901,0.10575788246291802
250,casey_T25_a15,Casey T25K a=1.5,25,1.5,12.091355875609787,10.133839082682117,14.426999059072134,2206,6.463758045956176,0.13762024837818476
250,casey_T25_a15,Casey T25K a=1.5,25,1.5,17.21380993097034,14.426999059072134,20.5389389107391,1167,5.808358835796944,0.17002704650361494
250,casey_T25_a15,Casey T25K a=1.5,25,1.5,24.5063709469745,20.5389389107391,29.240177382128667,538,4.548496428914669,0.19609960561699336
250,casey_T25_a15,Casey T25K a=1.5,25,1.5,34.888395968065744,29.240177382128667,41.62766037009365,189,2.714253372701359,0.1974328815189391
250,casey_T25_a15,Casey T25K a=1.5,25,1.5,49.66872393543112,41.62766037009365,59.26305046791458,71,1.7320081459889562,0.20555154995020353
250,casey_T25_a15,Casey T25K a=1.5,25,1.5,70.71067811865476,59.26305046791458,84.36960231581453,32,1.3260031611952003,0.23440645678898123
250,casey_T25_a15,Casey T25K a=1.5,25,1.5,100.66697116076413,84.36960231581453,120.11244339814311,17,1.1965931216121,0.29021646066436746
250,casey_T25_a15,Casey T25K a=1.5,25,1.5,143.3141266963557,120.11244339814311,170.99759466766963,5,0.5978201987153088,0.2673533205299726
250,casey_T25_a15,Casey T25K a=1.5,25,1.5,204.02857733683695,170.99759466766963,243.4400346449093,2,0.4061940668138798,0.287222579121836
250,casey_T25_a15,Casey T25K a=1.5,25,1.5,290.4644596431972,243.4400346449093,346.5724215775732,0,,
250,casey_T25_a15,Casey T25K a=1.5,25,1.5,413.5185542000137,346.5724215775732,493.39642747481366,0,,
250,casey_T25_a15,Casey T25K a=1.5,25,1.5,588.7040186524744,493.39642747481366,702.4218301525182,0,,
250,casey_T25_a15,Casey T25K a=1.5,25,1.5,838.10609719326,702.4218301525182,1000.0,1,1.6908908657675317,1.6908908657675317
350,casey_T25_a15,Casey T25K a=1.5,25,1.5,5.9658317923524695,5.000000000000001,7.118229794928693,5269,5.350591345105848,0.07371191318789146
350,casey_T25_a15,Casey T25K a=1.5,25,1.5,8.493232323171238,7.118229794928693,10.133839082682117,3396,5.85793118100936,0.10052183883552107
350,casey_T25_a15,Casey T25K a=1.5,25,1.5,12.091355875609787,10.133839082682117,14.426999059072134,1884,5.520272057380525,0.12718035488440188
350,casey_T25_a15,Casey T25K a=1.5,25,1.5,17.21380993097034,14.426999059072134,20.5389389107391,875,4.355024834037982,0.1472267107174221
350,casey_T25_a15,Casey T25K a=1.5,25,1.5,24.5063709469745,20.5389389107391,29.240177382128667,367,3.102784738683427,0.16196404497731456
350,casey_T25_a15,Casey T25K a=1.5,25,1.5,34.888395968065744,29.240177382128667,41.62766037009365,135,1.9387524090723993,0.16686123983904247
350,casey_T25_a15,Casey T25K a=1.5,25,1.5,49.66872393543112,41.62766037009365,59.26305046791458,40,0.9757792371768766,0.154284244149029
350,casey_T25_a15,Casey T25K a=1.5,25,1.5,70.71067811865476,59.26305046791458,84.36960231581453,23,0.9530647721090504,0.19872774251475808
350,casey_T25_a15,Casey T25K a=1.5,25,1.5,100.66697116076413,84.36960231581453,120.11244339814311,10,0.703878306830647,0.2225858645167699
350,casey_T25_a15,Casey T25K a=1.5,25,1.5,143.3141266963557,120.11244339814311,170.99759466766963,4,0.47825615897224705,0.23912807948612352
350,casey_T25_a15,Casey T25K a=1.5,25,1.5,204.02857733683695,170.99759466766963,243.4400346449093,1,0.2030970334069399,0.2030970334069399
350,casey_T25_a15,Casey T25K a=1.5,25,1.5,290.4644596431972,243.4400346449093,346.5724215775732,0,,
350,casey_T25_a15,Casey T25K a=1.5,25,1.5,413.5185542000137,346.5724215775732,493.39642747481366,0,,
350,casey_T25_a15,Casey T25K a=1.5,25,1.5,588.7040186524744,493.39642747481366,702.4218301525182,0,,
350,casey_T25_a15,Casey T25K a=1.5,25,1.5,838.10609719326,702.4218301525182,1000.0,1,1.6908908657675317,1.6908908657675317
500,casey_T25_a15,Casey T25K a=1.5,25,1.5,5.9658317923524695,5.000000000000001,7.118229794928693,3119,3.167298235981238,0.05671282375454537
500,casey_T25_a15,Casey T25K a=1.5,25,1.5,8.493232323171238,7.118229794928693,10.133839082682117,1782,3.073861414769929,0.07281660617853546
500,casey_T25_a15,Casey T25K a=1.5,25,1.5,12.091355875609787,10.133839082682117,14.426999059072134,851,2.493498684092795,0.08547603403485252
500,casey_T25_a15,Casey T25K a=1.5,25,1.5,17.21380993097034,14.426999059072134,20.5389389107391,365,1.8166675021987013,0.09508872300430098
500,casey_T25_a15,Casey T25K a=1.5,25,1.5,24.5063709469745,20.5389389107391,29.240177382128667,137,1.1582602430507616,0.0989568508279295
500,casey_T25_a15,Casey T25K a=1.5,25,1.5,34.888395968065744,29.240177382128667,41.62766037009365,64,0.9191122531898782,0.11488903164873476
500,casey_T25_a15,Casey T25K a=1.5,25,1.5,49.66872393543112,41.62766037009365,59.26305046791458,17,0.4147061758001726,0.10058102155412225
500,casey_T25_a15,Casey T25K a=1.5,25,1.5,70.71067811865476,59.26305046791458,84.36960231581453,10,0.41437598787350016,0.1310371929362573
500,casey_T25_a15,Casey T25K a=1.5,25,1.5,100.66697116076413,84.36960231581453,120.11244339814311,4,0.28155132273225886,0.1407756613661294
500,casey_T25_a15,Casey T25K a=1.5,25,1.5,143.3141266963557,120.11244339814311,170.99759466766963,1,0.11956403974306176,0.11956403974306176
500,casey_T25_a15,Casey T25K a=1.5,25,1.5,204.02857733683695,170.99759466766963,243.4400346449093,0,,
500,casey_T25_a15,Casey T25K a=1.5,25,1.5,290.4644596431972,243.4400346449093,346.5724215775732,0,,
500,casey_T25_a15,Casey T25K a=1.5,25,1.5,413.5185542000137,346.5724215775732,493.39642747481366,0,,
500,casey_T25_a15,Casey T25K a=1.5,25,1.5,588.7040186524744,493.39642747481366,702.4218301525182,0,,
500,casey_T25_a15,Casey T25K a=1.5,25,1.5,838.10609719326,702.4218301525182,1000.0,1,1.6908908657675317,1.6908908657675317
250,casey_T25_a20,Casey T25K a=2.0,25,2.0,5.9658317923524695,5.000000000000001,7.118229794928693,6411,6.51027540585948,0.08130859799529894
250,casey_T25_a20,Casey T25K a=2.0,25,2.0,8.493232323171238,7.118229794928693,10.133839082682117,4927,8.498830073272414,0.12107873219506972
250,casey_T25_a20,Casey T25K a=2.0,25,2.0,12.091355875609787,10.133839082682117,14.426999059072134,3267,9.572573679120048,0.16747660577204507
250,casey_T25_a20,Casey T25K a=2.0,25,2.0,17.21380993097034,14.426999059072134,20.5389389107391,1837,9.143063565860311,0.21332274378377813
250,casey_T25_a20,Casey T25K a=2.0,25,2.0,24.5063709469745,20.5389389107391,29.240177382128667,957,8.090912792697656,0.26154206675881186
250,casey_T25_a20,Casey T25K a=2.0,25,2.0,34.888395968065744,29.240177382128667,41.62766037009365,414,5.945507387822024,0.2922057465312906
250,casey_T25_a20,Casey T25K a=2.0,25,2.0,49.66872393543112,41.62766037009365,59.26305046791458,143,3.488410772907334,0.2917155636466418
250,casey_T25_a20,Casey T25K a=2.0,25,2.0,70.71067811865476,59.26305046791458,84.36960231581453,57,2.361943130878951,0.3128470102396686
250,casey_T25_a20,Casey T25K a=2.0,25,2.0,100.66697116076413,84.36960231581453,120.11244339814311,27,1.9004714284427469,0.3657458969328709
250,casey_T25_a20,Casey T25K a=2.0,25,2.0,143.3141266963557,120.11244339814311,170.99759466766963,10,1.1956403974306176,0.3780946918389685
250,casey_T25_a20,Casey T25K a=2.0,25,2.0,204.02857733683695,170.99759466766963,243.4400346449093,4,0.8123881336277596,0.4061940668138798
250,casey_T25_a20,Casey T25K a=2.0,25,2.0,290.4644596431972,243.4400346449093,346.5724215775732,2,0.6899801155488062,0.4878896185884385
250,casey_T25_a20,Casey T25K a=2.0,25,2.0,413.5185542000137,346.5724215775732,493.39642747481366,0,,
250,casey_T25_a20,Casey T25K a=2.0,25,2.0,588.7040186524744,493.39642747481366,702.4218301525182,0,,
250,casey_T25_a20,Casey T25K a=2.0,25,2.0,838.10609719326,702.4218301525182,1000.0,1,1.6908908657675317,1.6908908657675317
350,casey_T25_a20,Casey T25K a=2.0,25,2.0,5.9658317923524695,5.000000000000001,7.118229794928693,6440,6.539724475703485,0.08149228921542631
350,casey_T25_a20,Casey T25K a=2.0,25,2.0,8.493232323171238,7.118229794928693,10.133839082682117,4709,8.122790910298313,0.1183698041189815
350,casey_T25_a20,Casey T25K a=2.0,25,2.0,12.091355875609787,10.133839082682117,14.426999059072134,2894,8.479653574341421,0.15762635999252309
350,casey_T25_a20,Casey T25K a=2.0,25,2.0,17.21380993097034,14.426999059072134,20.5389389107391,1600,7.963473982240881,0.19908684955602204
350,casey_T25_a20,Casey T25K a=2.0,25,2.0,24.5063709469745,20.5389389107391,29.240177382128667,660,5.579939857032866,0.2171988643592443
350,casey_T25_a20,Casey T25K a=2.0,25,2.0,34.888395968065744,29.240177382128667,41.62766037009365,293,4.207810784134911,0.24582293077293543
350,casey_T25_a20,Casey T25K a=2.0,25,2.0,49.66872393543112,41.62766037009365,59.26305046791458,103,2.5126315357304576,0.2475769417394131
350,casey_T25_a20,Casey T25K a=2.0,25,2.0,70.71067811865476,59.26305046791458,84.36960231581453,34,1.4088783587699003,0.2416206451669379
350,casey_T25_a20,Casey T25K a=2.0,25,2.0,100.66697116076413,84.36960231581453,120.11244339814311,19,1.3373687829782293,0.3068134408025306
350,casey_T25_a20,Casey T25K a=2.0,25,2.0,143.3141266963557,120.11244339814311,170.99759466766963,5,0.5978201987153088,0.2673533205299726
350,casey_T25_a20,Casey T25K a=2.0,25,2.0,204.02857733683695,170.99759466766963,243.4400346449093,5,1.0154851670346996,0.45413877272646336
350,casey_T25_a20,Casey T25K a=2.0,25,2.0,290.4644596431972,243.4400346449093,346.5724215775732,0,,
350,casey_T25_a20,Casey T25K a=2.0,25,2.0,413.5185542000137,346.5724215775732,493.39642747481366,0,,
350,casey_T25_a20,Casey T25K a=2.0,25,2.0,588.7040186524744,493.39642747481366,702.4218301525182,0,,
350,casey_T25_a20,Casey T25K a=2.0,25,2.0,838.10609719326,702.4218301525182,1000.0,0,,
500,casey_T25_a20,Casey T25K a=2.0,25,2.0,5.9658317923524695,5.000000000000001,7.118229794928693,4358,4.4254843579372345,0.06703740539750444
500,casey_T25_a20,Casey T25K a=2.0,25,2.0,8.493232323171238,7.118229794928693,10.133839082682117,2674,4.612517072443766,0.08919844537063956
500,casey_T25_a20,Casey T25K a=2.0,25,2.0,12.091355875609787,10.133839082682117,14.426999059072134,1488,4.3599600962750635,0.11302670026973638
500,casey_T25_a20,Casey T25K a=2.0,25,2.0,17.21380993097034,14.426999059072134,20.5389389107391,715,3.558677435813894,0.1330869902810086
500,casey_T25_a20,Casey T25K a=2.0,25,2.0,24.5063709469745,20.5389389107391,29.240177382128667,266,2.2488848514708217,0.1378879772408565
500,casey_T25_a20,Casey T25K a=2.0,25,2.0,34.888395968065744,29.240177382128667,41.62766037009365,123,1.766418861599297,0.15927262496078998
500,casey_T25_a20,Casey T25K a=2.0,25,2.0,49.66872393543112,41.62766037009365,59.26305046791458,45,1.0977516418239863,0.16364315290202897
500,casey_T25_a20,Casey T25K a=2.0,25,2.0,70.71067811865476,59.26305046791458,84.36960231581453,13,0.5386887842355502,0.14940538715989488
500,casey_T25_a20,Casey T25K a=2.0,25,2.0,100.66697116076413,84.36960231581453,120.11244339814311,9,0.6334904761475824,0.2111634920491941
500,casey_T25_a20,Casey T25K a=2.0,25,2.0,143.3141266963557,120.11244339814311,170.99759466766963,4,0.47825615897224705,0.23912807948612352
500,casey_T25_a20,Casey T25K a=2.0,25,2.0,204.02857733683695,170.99759466766963,243.4400346449093,0,,
500,casey_T25_a20,Casey T25K a=2.0,25,2.0,290.4644596431972,243.4400346449093,346.5724215775732,0,,
500,casey_T25_a20,Casey T25K a=2.0,25,2.0,413.5185542000137,346.5724215775732,493.39642747481366,0,,
500,casey_T25_a20,Casey T25K a=2.0,25,2.0,588.7040186524744,493.39642747481366,702.4218301525182,0,,
500,casey_T25_a20,Casey T25K a=2.0,25,2.0,838.10609719326,702.4218301525182,1000.0,1,1.6908908657675317,1.6908908657675317
250,casey_T25_a25,Casey T25K a=2.5,25,2.5,5.9658317923524695,5.000000000000001,7.118229794928693,6892,6.998723771203171,0.08430361900790496
250,casey_T25_a25,Casey T25K a=2.5,25,2.5,8.493232323171238,7.118229794928693,10.133839082682117,5571,9.60969805930599,0.1287487920074309
250,casey_T25_a25,Casey T25K a=2.5,25,2.5,12.091355875609787,10.133839082682117,14.426999059072134,4002,11.72618300086882,0.18536089827997876
250,casey_T25_a25,Casey T25K a=2.5,25,2.5,17.21380993097034,14.426999059072134,20.5389389107391,2410,11.99498268575033,0.2443380503209163
250,casey_T25_a25,Casey T25K a=2.5,25,2.5,24.5063709469745,20.5389389107391,29.240177382128667,1273,10.762520360610361,0.3016475374538401
250,casey_T25_a25,Casey T25K a=2.5,25,2.5,34.888395968065744,29.240177382128667,41.62766037009365,602,8.645399631567292,0.3523601835989515
250,casey_T25_a25,Casey T25K a=2.5,25,2.5,49.66872393543112,41.62766037009365,59.26305046791458,227,5.537547170978776,0.3675399146463089
250,casey_T25_a25,Casey T25K a=2.5,25,2.5,70.71067811865476,59.26305046791458,84.36960231581453,87,3.6050710944994515,0.386504190939427
250,casey_T25_a25,Casey T25K a=2.5,25,2.5,100.66697116076413,84.36960231581453,120.11244339814311,30,2.111634920491941,0.38553002638968803
250,casey_T25_a25,Casey T25K a=2.5,25,2.5,143.3141266963557,120.11244339814311,170.99759466766963,22,2.6304088743473586,0.5608050563190118
250,casey_T25_a25,Casey T25K a=2.5,25,2.5,204.02857733683695,170.99759466766963,243.4400346449093,6,1.2185822004416396,0.49748410011999167
250,casey_T25_a25,Casey T25K a=2.5,25,2.5,290.4644596431972,243.4400346449093,346.5724215775732,2,0.6899801155488062,0.4878896185884385
250,casey_T25_a25,Casey T25K a=2.5,25,2.5,413.5185542000137,346.5724215775732,493.39642747481366,0,,
250,casey_T25_a25,Casey T25K a=2.5,25,2.5,588.7040186524744,493.39642747481366,702.4218301525182,0,,
250,casey_T25_a25,Casey T25K a=2.5,25,2.5,838.10609719326,702.4218301525182,1000.0,0,,
350,casey_T25_a25,Casey T25K a=2.5,25,2.5,5.9658317923524695,5.000000000000001,7.118229794928693,7132,7.2424402112915,0.08575890978611024
350,casey_T25_a25,Casey T25K a=2.5,25,2.5,8.493232323171238,7.118229794928693,10.133839082682117,5570,9.607973109017118,0.12873723622120223
350,casey_T25_a25,Casey T25K a=2.5,25,2.5,12.091355875609787,10.133839082682117,14.426999059072134,3644,10.677214106738127,0.17687594265253467
350,casey_T25_a25,Casey T25K a=2.5,25,2.5,17.21380993097034,14.426999059072134,20.5389389107391,2133,10.616306252574876,0.22986773184524129
350,casey_T25_a25,Casey T25K a=2.5,25,2.5,24.5063709469745,20.5389389107391,29.240177382128667,1012,8.555907780783727,0.2689526567527879
350,casey_T25_a25,Casey T25K a=2.5,25,2.5,34.888395968065744,29.240177382128667,41.62766037009365,418,6.002951903646392,0.2936139751535728
350,casey_T25_a25,Casey T25K a=2.5,25,2.5,49.66872393543112,41.62766037009365,59.26305046791458,160,3.9031169487075066,0.308568488298058
350,casey_T25_a25,Casey T25K a=2.5,25,2.5,70.71067811865476,59.26305046791458,84.36960231581453,50,2.0718799393675007,0.29300807098622655
350,casey_T25_a25,Casey T25K a=2.5,25,2.5,100.66697116076413,84.36960231581453,120.11244339814311,26,1.8300835977596823,0.3589089221724119
350,casey_T25_a25,Casey T25K a=2.5,25,2.5,143.3141266963557,120.11244339814311,170.99759466766963,11,1.3152044371736793,0.39654905824687686
350,casey_T25_a25,Casey T25K a=2.5,25,2.5,204.02857733683695,170.99759466766963,243.4400346449093,5,1.0154851670346996,0.45413877272646336
350,casey_T25_a25,Casey T25K a=2.5,25,2.5,290.4644596431972,243.4400346449093,346.5724215775732,1,0.3449900577744031,0.3449900577744031
350,casey_T25_a25,Casey T25K a=2.5,25,2.5,413.5185542000137,346.5724215775732,493.39642747481366,0,,
350,casey_T25_a25,Casey T25K a=2.5,25,2.5,588.7040186524744,493.39642747481366,702.4218301525182,0,,
350,casey_T25_a25,Casey T25K a=2.5,25,2.5,838.10609719326,702.4218301525182,1000.0,0,,
500,casey_T25_a25,Casey T25K a=2.5,25,2.5,5.9658317923524695,5.000000000000001,7.118229794928693,5112,5.1911601738814,0.07260541409755784
500,casey_T25_a25,Casey T25K a=2.5,25,2.5,8.493232323171238,7.118229794928693,10.133839082682117,3379,5.828607026098536,0.10026992257596552
500,casey_T25_a25,Casey T25K a=2.5,25,2.5,12.091355875609787,10.133839082682117,14.426999059072134,1991,5.8337906933357875,0.1307420268158531
500,casey_T25_a25,Casey T25K a=2.5,25,2.5,17.21380993097034,14.426999059072134,20.5389389107391,966,4.807947416777933,0.1546931724444661
500,casey_T25_a25,Casey T25K a=2.5,25,2.5,24.5063709469745,20.5389389107391,29.240177382128667,420,3.550870818111824,0.17326475452130732
500,casey_T25_a25,Casey T25K a=2.5,25,2.5,34.888395968065744,29.240177382128667,41.62766037009365,158,2.269058375062512,0.1805165918500927
500,casey_T25_a25,Casey T25K a=2.5,25,2.5,49.66872393543112,41.62766037009365,59.26305046791458,77,1.8783750315654875,0.2140607014045936
500,casey_T25_a25,Casey T25K a=2.5,25,2.5,70.71067811865476,59.26305046791458,84.36960231581453,21,0.8701895745343503,0.18989093306024174
500,casey_T25_a25,Casey T25K a=2.5,25,2.5,100.66697116076413,84.36960231581453,120.11244339814311,10,0.703878306830647,0.2225858645167699
500,casey_T25_a25,Casey T25K a=2.5,25,2.5,143.3141266963557,120.11244339814311,170.99759466766963,5,0.5978201987153088,0.2673533205299726
500,casey_T25_a25,Casey T25K a=2.5,25,2.5,204.02857733683695,170.99759466766963,243.4400346449093,2,0.4061940668138798,0.287222579121836
500,casey_T25_a25,Casey T25K a=2.5,25,2.5,290.4644596431972,243.4400346449093,346.5724215775732,0,,
500,casey_T25_a25,Casey T25K a=2.5,25,2.5,413.5185542000137,346.5724215775732,493.39642747481366,0,,
500,casey_T25_a25,Casey T25K a=2.5,25,2.5,588.7040186524744,493.39642747481366,702.4218301525182,0,,
500,casey_T25_a25,Casey T25K a=2.5,25,2.5,838.10609719326,702.4218301525182,1000.0,0,,
250,casey_T25_a30,Casey T25K a=3.0,25,3.0,5.9658317923524695,5.000000000000001,7.118229794928693,7155,7.265796370133298,0.08589708051246531
250,casey_T25_a30,Casey T25K a=3.0,25,3.0,8.493232323171238,7.118229794928693,10.133839082682117,5877,10.137532847700827,0.1322374387762069
250,casey_T25_a30,Casey T25K a=3.0,25,3.0,12.091355875609787,10.133839082682117,14.426999059072134,4471,13.100390853794227,0.1959214192791555
250,casey_T25_a30,Casey T25K a=3.0,25,3.0,17.21380993097034,14.426999059072134,20.5389389107391,2766,13.766855646798923,0.261763247946199
250,casey_T25_a30,Casey T25K a=3.0,25,3.0,24.5063709469745,20.5389389107391,29.240177382128667,1521,12.859225034162105,0.32972371882466933
250,casey_T25_a30,Casey T25K a=3.0,25,3.0,34.888395968065744,29.240177382128667,41.62766037009365,739,10.612874298551873,0.3904008918999754
250,casey_T25_a30,Casey T25K a=3.0,25,3.0,49.66872393543112,41.62766037009365,59.26305046791458,313,7.635472530909061,0.4315824243900415
250,casey_T25_a30,Casey T25K a=3.0,25,3.0,70.71067811865476,59.26305046791458,84.36960231581453,99,4.102322279947652,0.4122989021727777
250,casey_T25_a30,Casey T25K a=3.0,25,3.0,100.66697116076413,84.36960231581453,120.11244339814311,37,2.604349735273394,0.42815245906792126
250,casey_T25_a30,Casey T25K a=3.0,25,3.0,143.3141266963557,120.11244339814311,170.99759466766963,27,3.2282290730626673,0.6212729747795024
250,casey_T25_a30,Casey T25K a=3.0,25,3.0,204.02857733683695,170.99759466766963,243.4400346449093,6,1.2185822004416396,0.49748410011999167
250,casey_T25_a30,Casey T25K a=3.0,25,3.0,290.4644596431972,243.4400346449093,346.5724215775732,3,1.0349701733232093,0.5975403081713885
250,casey_T25_a30,Casey T25K a=3.0,25,3.0,413.5185542000137,346.5724215775732,493.39642747481366,1,0.5860161419724547,0.5860161419724547
250,casey_T25_a30,Casey T25K a=3.0,25,3.0,588.7040186524744,493.39642747481366,702.4218301525182,0,,
250,casey_T25_a30,Casey T25K a=3.0,25,3.0,838.10609719326,702.4218301525182,1000.0,0,,
350,casey_T25_a30,Casey T25K a=3.0,25,3.0,5.9658317923524695,5.000000000000001,7.118229794928693,7621,7.739012457971469,0.0886501684068722
350,casey_T25_a30,Casey T25K a=3.0,25,3.0,8.493232323171238,7.118229794928693,10.133839082682117,5985,10.323827478899004,0.13344695272651105
350,casey_T25_a30,Casey T25K a=3.0,25,3.0,12.091355875609787,10.133839082682117,14.426999059072134,4114,12.054352040373395,0.187936756339432
350,casey_T25_a30,Casey T25K a=3.0,25,3.0,17.21380993097034,14.426999059072134,20.5389389107391,2450,12.19406953530635,0.24635740739072606
350,casey_T25_a30,Casey T25K a=3.0,25,3.0,24.5063709469745,20.5389389107391,29.240177382128667,1252,10.584976819704771,0.2991491318623529
350,casey_T25_a30,Casey T25K a=3.0,25,3.0,34.888395968065744,29.240177382128667,41.62766037009365,527,7.568314959860403,0.3296809777934941
350,casey_T25_a30,Casey T25K a=3.0,25,3.0,49.66872393543112,41.62766037009365,59.26305046791458,219,5.342391323543399,0.3610053507355377
350,casey_T25_a30,Casey T25K a=3.0,25,3.0,70.71067811865476,59.26305046791458,84.36960231581453,66,2.7348815199651004,0.336640643944328
350,casey_T25_a30,Casey T25K a=3.0,25,3.0,100.66697116076413,84.36960231581453,120.11244339814311,31,2.1820227511750057,0.3919028552540812
350,casey_T25_a30,Casey T25K a=3.0,25,3.0,143.3141266963557,120.11244339814311,170.99759466766963,12,1.4347684769167413,0.41418198318633487
350,casey_T25_a30,Casey T25K a=3.0,25,3.0,204.02857733683695,170.99759466766963,243.4400346449093,8,1.6247762672555193,0.574445158243672
350,casey_T25_a30,Casey T25K a=3.0,25,3.0,290.4644596431972,243.4400346449093,346.5724215775732,1,0.3449900577744031,0.3449900577744031
350,casey_T25_a30,Casey T25K a=3.0,25,3.0,413.5185542000137,346.5724215775732,493.39642747481366,0,,
350,casey_T25_a30,Casey T25K a=3.0,25,3.0,588.7040186524744,493.39642747481366,702.4218301525182,0,,
350,casey_T25_a30,Casey T25K a=3.0,25,3.0,838.10609719326,702.4218301525182,1000.0,0,,
500,casey_T25_a30,Casey T25K a=3.0,25,3.0,5.9658317923524695,5.000000000000001,7.118229794928693,5508,5.593292300027143,0.07536514688877731
500,casey_T25_a30,Casey T25K a=3.0,25,3.0,8.493232323171238,7.118229794928693,10.133839082682117,3846,6.634158811001766,0.10697473607100096
500,casey_T25_a30,Casey T25K a=3.0,25,3.0,12.091355875609787,10.133839082682117,14.426999059072134,2289,6.7069547448747455,0.14018530136885513
500,casey_T25_a30,Casey T25K a=3.0,25,3.0,17.21380993097034,14.426999059072134,20.5389389107391,1171,5.828267520752545,0.17031818891976214
500,casey_T25_a30,Casey T25K a=3.0,25,3.0,24.5063709469745,20.5389389107391,29.240177382128667,528,4.463951885626293,0.1942685701372106
500,casey_T25_a30,Casey T25K a=3.0,25,3.0,34.888395968065744,29.240177382128667,41.62766037009365,210,3.0158370807792876,0.20811253020333717
500,casey_T25_a30,Casey T25K a=3.0,25,3.0,49.66872393543112,41.62766037009365,59.26305046791458,102,2.4882370548010355,0.24637218061547617
500,casey_T25_a30,Casey T25K a=3.0,25,3.0,70.71067811865476,59.26305046791458,84.36960231581453,25,1.0359399696837504,0.20718799393675005
500,casey_T25_a30,Casey T25K a=3.0,25,3.0,100.66697116076413,84.36960231581453,120.11244339814311,12,0.8446539681967764,0.2438305979552472
500,casey_T25_a30,Casey T25K a=3.0,25,3.0,143.3141266963557,120.11244339814311,170.99759466766963,7,0.8369482782014322,0.3163367149063845
500,casey_T25_a30,Casey T25K a=3.0,25,3.0,204.02857733683695,170.99759466766963,243.4400346449093,3,0.6092911002208198,0.35177438072733347
500,casey_T25_a30,Casey T25K a=3.0,25,3.0,290.4644596431972,243.4400346449093,346.5724215775732,0,,
500,casey_T25_a30,Casey T25K a=3.0,25,3.0,413.5185542000137,346.5724215775732,493.39642747481366,0,,
500,casey_T25_a30,Casey T25K a=3.0,25,3.0,588.7040186524744,493.39642747481366,702.4218301525182,0,,
500,casey_T25_a30,Casey T25K a=3.0,25,3.0,838.10609719326,702.4218301525182,1000.0,0,,
250,casey_T30_a15,Casey T30K a=1.5,30,1.5,5.9658317923524695,5.000000000000001,7.118229794928693,4852,4.927134030452378,0.07073493849517577
250,casey_T30_a15,Casey T30K a=1.5,30,1.5,8.493232323171238,7.118229794928693,10.133839082682117,3002,5.178300767193786,0.09451090627137745
250,casey_T30_a15,Casey T30K a=1.5,30,1.5,12.091355875609787,10.133839082682117,14.426999059072134,1628,4.770171395655782,0.1182243087911611
250,casey_T30_a15,Casey T30K a=1.5,30,1.5,17.21380993097034,14.426999059072134,20.5389389107391,741,3.688083888025308,0.13548514698715902
250,casey_T30_a15,Casey T30K a=1.5,30,1.5,24.5063709469745,20.5389389107391,29.240177382128667,298,2.5194273899936275,0.14594651007654766
250,casey_T30_a15,Casey T30K a=1.5,30,1.5,34.888395968065744,29.240177382128667,41.62766037009365,102,1.4648351535213682,0.14504029281250422
250,casey_T30_a15,Casey T30K a=1.5,30,1.5,49.66872393543112,41.62766037009365,59.26305046791458,35,0.8538068325297671,0.14431969544576212
250,casey_T30_a15,Casey T30K a=1.5,30,1.5,70.71067811865476,59.26305046791458,84.36960231581453,26,1.0773775684711004,0.21129112481312642
250,casey_T30_a15,Casey T30K a=1.5,30,1.5,100.66697116076413,84.36960231581453,120.11244339814311,8,0.5631026454645177,0.19908684955602235
250,casey_T30_a15,Casey T30K a=1.5,30,1.5,143.3141266963557,120.11244339814311,170.99759466766963,2,0.23912807948612352,0.1690890865767537
250,casey_T30_a15,Casey T30K a=1.5,30,1.5,204.02857733683695,170.99759466766963,243.4400346449093,0,,
250,casey_T30_a15,Casey T30K a=1.5,30,1.5,290.4644596431972,243.4400346449093,346.5724215775732,0,,
250,casey_T30_a15,Casey T30K a=1.5,30,1.5,413.5185542000137,346.5724215775732,493.39642747481366,0,,
250,casey_T30_a15,Casey T30K a=1.5,30,1.5,588.7040186524744,493.39642747481366,702.4218301525182,0,,
250,casey_T30_a15,Casey T30K a=1.5,30,1.5,838.10609719326,702.4218301525182,1000.0,1,1.6908908657675317,1.6908908657675317
350,casey_T30_a15,Casey T30K a=1.5,30,1.5,5.9658317923524695,5.000000000000001,7.118229794928693,3496,3.5501361439533206,0.0600425731888497
350,casey_T30_a15,Casey T30K a=1.5,30,1.5,8.493232323171238,7.118229794928693,10.133839082682117,2046,3.529248291032141,0.07802421328739531
350,casey_T30_a15,Casey T30K a=1.5,30,1.5,12.091355875609787,10.133839082682117,14.426999059072134,942,2.7601360286902623,0.08993009137247222
350,casey_T30_a15,Casey T30K a=1.5,30,1.5,17.21380993097034,14.426999059072134,20.5389389107391,420,2.0904119203382314,0.10200165727752816
350,casey_T30_a15,Casey T30K a=1.5,30,1.5,24.5063709469745,20.5389389107391,29.240177382128667,150,1.2681681493256514,0.10354549579658363
350,casey_T30_a15,Casey T30K a=1.5,30,1.5,34.888395968065744,29.240177382128667,41.62766037009365,62,0.8903899952776945,0.11307964247996621
350,casey_T30_a15,Casey T30K a=1.5,30,1.5,49.66872393543112,41.62766037009365,59.26305046791458,19,0.46349513765901645,0.10633307715148033
350,casey_T30_a15,Casey T30K a=1.5,30,1.5,70.71067811865476,59.26305046791458,84.36960231581453,12,0.4972511854482002,0.14354405288668945
350,casey_T30_a15,Casey T30K a=1.5,30,1.5,100.66697116076413,84.36960231581453,120.11244339814311,5,0.3519391534153235,0.15739197419607814
350,casey_T30_a15,Casey T30K a=1.5,30,1.5,143.3141266963557,120.11244339814311,170.99759466766963,1,0.11956403974306176,0.11956403974306176
350,casey_T30_a15,Casey T30K a=1.5,30,1.5,204.02857733683695,170.99759466766963,243.4400346449093,0,,
350,casey_T30_a15,Casey T30K a=1.5,30,1.5,290.4644596431972,243.4400346449093,346.5724215775732,0,,
350,casey_T30_a15,Casey T30K a=1.5,30,1.5,413.5185542000137,346.5724215775732,493.39642747481366,0,,
350,casey_T30_a15,Casey T30K a=1.5,30,1.5,588.7040186524744,493.39642747481366,702.4218301525182,0,,
350,casey_T30_a15,Casey T30K a=1.5,30,1.5,838.10609719326,702.4218301525182,1000.0,1,1.6908908657675317,1.6908908657675317
500,casey_T30_a15,Casey T30K a=1.5,30,1.5,5.9658317923524695,5.000000000000001,7.118229794928693,1478,1.5008870768772906,0.03904008918999753
500,casey_T30_a15,Casey T30K a=1.5,30,1.5,8.493232323171238,7.118229794928693,10.133839082682117,714,1.2316145062546182,0.046092014474774984
500,casey_T30_a15,Casey T30K a=1.5,30,1.5,12.091355875609787,10.133839082682117,14.426999059072134,304,0.8907445357981314,0.0510877028428303
500,casey_T30_a15,Casey T30K a=1.5,30,1.5,17.21380993097034,14.426999059072134,20.5389389107391,137,0.6818724597293755,0.058256295755595565
500,casey_T30_a15,Casey T30K a=1.5,30,1.5,24.5063709469745,20.5389389107391,29.240177382128667,54,0.45654053375723447,0.06212729747795018
500,casey_T30_a15,Casey T30K a=1.5,30,1.5,34.888395968065744,29.240177382128667,41.62766037009365,13,0.186694676429194,0.05177978682473978
500,casey_T30_a15,Casey T30K a=1.5,30,1.5,49.66872393543112,41.62766037009365,59.26305046791458,10,0.24394480929421916,0.0771421220745145
500,casey_T30_a15,Casey T30K a=1.5,30,1.5,70.71067811865476,59.26305046791458,84.36960231581453,3,0.12431279636205005,0.07177202644334472
500,casey_T30_a15,Casey T30K a=1.5,30,1.5,100.66697116076413,84.36960231581453,120.11244339814311,0,,
500,casey_T30_a15,Casey T30K a=1.5,30,1.5,143.3141266963557,120.11244339814311,170.99759466766963,0,,
500,casey_T30_a15,Casey T30K a=1.5,30,1.5,204.02857733683695,170.99759466766963,243.4400346449093,0,,
500,casey_T30_a15,Casey T30K a=1.5,30,1.5,290.4644596431972,243.4400346449093,346.5724215775732,0,,
500,casey_T30_a15,Casey T30K a=1.5,30,1.5,413.5185542000137,346.5724215775732,493.39642747481366,1,0.5860161419724547,0.5860161419724547
500,casey_T30_a15,Casey T30K a=1.5,30,1.5,588.7040186524744,493.39642747481366,702.4218301525182,0,,
500,casey_T30_a15,Casey T30K a=1.5,30,1.5,838.10609719326,702.4218301525182,1000.0,0,,
250,casey_T30_a20,Casey T30K a=2.0,30,2.0,5.9658317923524695,5.000000000000001,7.118229794928693,5892,5.983238604168469,0.07794799582646432
250,casey_T30_a20,Casey T30K a=2.0,30,2.0,8.493232323171238,7.118229794928693,10.133839082682117,4237,7.308614373950724,0.1122808820574565
250,casey_T30_a20,Casey T30K a=2.0,30,2.0,12.091355875609787,10.133839082682117,14.426999059072134,2459,7.2050684655513315,0.1452977361287812
250,casey_T30_a20,Casey T30K a=2.0,30,2.0,17.21380993097034,14.426999059072134,20.5389389107391,1319,6.564888864109826,0.18076110212384175
250,casey_T30_a20,Casey T30K a=2.0,30,2.0,24.5063709469745,20.5389389107391,29.240177382128667,573,4.844402330423988,0.202377810673711
250,casey_T30_a20,Casey T30K a=2.0,30,2.0,34.888395968065744,29.240177382128667,41.62766037009365,214,3.0732815966036546,0.21008520492221466
250,casey_T30_a20,Casey T30K a=2.0,30,2.0,49.66872393543112,41.62766037009365,59.26305046791458,71,1.7320081459889562,0.20555154995020353
250,casey_T30_a20,Casey T30K a=2.0,30,2.0,70.71067811865476,59.26305046791458,84.36960231581453,25,1.0359399696837504,0.20718799393675005
250,casey_T30_a20,Casey T30K a=2.0,30,2.0,100.66697116076413,84.36960231581453,120.11244339814311,17,1.1965931216121,0.29021646066436746
250,casey_T30_a20,Casey T30K a=2.0,30,2.0,143.3141266963557,120.11244339814311,170.99759466766963,7,0.8369482782014322,0.3163367149063845
250,casey_T30_a20,Casey T30K a=2.0,30,2.0,204.02857733683695,170.99759466766963,243.4400346449093,2,0.4061940668138798,0.287222579121836
250,casey_T30_a20,Casey T30K a=2.0,30,2.0,290.4644596431972,243.4400346449093,346.5724215775732,0,,
250,casey_T30_a20,Casey T30K a=2.0,30,2.0,413.5185542000137,346.5724215775732,493.39642747481366,0,,
250,casey_T30_a20,Casey T30K a=2.0,30,2.0,588.7040186524744,493.39642747481366,702.4218301525182,0,,
250,casey_T30_a20,Casey T30K a=2.0,30,2.0,838.10609719326,702.4218301525182,1000.0,1,1.6908908657675317,1.6908908657675317
350,casey_T30_a20,Casey T30K a=2.0,30,2.0,5.9658317923524695,5.000000000000001,7.118229794928693,4699,4.771764799896069,0.06961074898945402
350,casey_T30_a20,Casey T30K a=2.0,30,2.0,8.493232323171238,7.118229794928693,10.133839082682117,2996,5.167951065460554,0.09441641109067118
350,casey_T30_a20,Casey T30K a=2.0,30,2.0,12.091355875609787,10.133839082682117,14.426999059072134,1635,4.790681960624818,0.11847820390228726
350,casey_T30_a20,Casey T30K a=2.0,30,2.0,17.21380993097034,14.426999059072134,20.5389389107391,744,3.70301540174201,0.13575913138627582
350,casey_T30_a20,Casey T30K a=2.0,30,2.0,24.5063709469745,20.5389389107391,29.240177382128667,303,2.5616996616378156,0.14716580035292115
350,casey_T30_a20,Casey T30K a=2.0,30,2.0,34.888395968065744,29.240177382128667,41.62766037009365,113,1.6228075720383786,0.1526608948387421
350,casey_T30_a20,Casey T30K a=2.0,30,2.0,49.66872393543112,41.62766037009365,59.26305046791458,47,1.14654060368283,0.1672401354081869
350,casey_T30_a20,Casey T30K a=2.0,30,2.0,70.71067811865476,59.26305046791458,84.36960231581453,16,0.6630015805976002,0.16575039514940004
350,casey_T30_a20,Casey T30K a=2.0,30,2.0,100.66697116076413,84.36960231581453,120.11244339814311,6,0.4223269840983882,0.17241426927492606
350,casey_T30_a20,Casey T30K a=2.0,30,2.0,143.3141266963557,120.11244339814311,170.99759466766963,5,0.5978201987153088,0.2673533205299726
350,casey_T30_a20,Casey T30K a=2.0,30,2.0,204.02857733683695,170.99759466766963,243.4400346449093,0,,
350,casey_T30_a20,Casey T30K a=2.0,30,2.0,290.4644596431972,243.4400346449093,346.5724215775732,0,,
350,casey_T30_a20,Casey T30K a=2.0,30,2.0,413.5185542000137,346.5724215775732,493.39642747481366,0,,
350,casey_T30_a20,Casey T30K a=2.0,30,2.0,588.7040186524744,493.39642747481366,702.4218301525182,0,,
350,casey_T30_a20,Casey T30K a=2.0,30,2.0,838.10609719326,702.4218301525182,1000.0,1,1.6908908657675317,1.6908908657675317
500,casey_T30_a20,Casey T30K a=2.0,30,2.0,5.9658317923524695,5.000000000000001,7.118229794928693,2175,2.2086802383004787,0.047359075378609415
500,casey_T30_a20,Casey T30K a=2.0,30,2.0,8.493232323171238,7.118229794928693,10.133839082682117,1203,2.075115197513033,0.059828676731086175
500,casey_T30_a20,Casey T30K a=2.0,30,2.0,12.091355875609787,10.133839082682117,14.426999059072134,549,1.6086143097143883,0.0686539857437465
500,casey_T30_a20,Casey T30K a=2.0,30,2.0,17.21380993097034,14.426999059072134,20.5389389107391,223,1.109909186274823,0.07432501651340928
500,casey_T30_a20,Casey T30K a=2.0,30,2.0,24.5063709469745,20.5389389107391,29.240177382128667,118,0.9976256108028457,0.09183888154704112
500,casey_T30_a20,Casey T30K a=2.0,30,2.0,34.888395968065744,29.240177382128667,41.62766037009365,28,0.40211161077057167,0.07599195152789531
500,casey_T30_a20,Casey T30K a=2.0,30,2.0,49.66872393543112,41.62766037009365,59.26305046791458,12,0.29273377115306304,0.08450496078805762
500,casey_T30_a20,Casey T30K a=2.0,30,2.0,70.71067811865476,59.26305046791458,84.36960231581453,8,0.3315007902988001,0.11720322839449061
500,casey_T30_a20,Casey T30K a=2.0,30,2.0,100.66697116076413,84.36960231581453,120.11244339814311,3,0.2111634920491941,0.1219152989776236
500,casey_T30_a20,Casey T30K a=2.0,30,2.0,143.3141266963557,120.11244339814311,170.99759466766963,0,,
500,casey_T30_a20,Casey T30K a=2.0,30,2.0,204.02857733683695,170.99759466766963,243.4400346449093,0,,
500,casey_T30_a20,Casey T30K a=2.0,30,2.0,290.4644596431972,243.4400346449093,346.5724215775732,0,,
500,casey_T30_a20,Casey T30K a=2.0,30,2.0,413.5185542000137,346.5724215775732,493.39642747481366,0,,
500,casey_T30_a20,Casey T30K a=2.0,30,2.0,588.7040186524744,493.39642747481366,702.4218301525182,1,0.9954342477801108,0.9954342477801109
500,casey_T30_a20,Casey T30K a=2.0,30,2.0,838.10609719326,702.4218301525182,1000.0,0,,
250,casey_T30_a25,Casey T30K a=2.5,30,2.5,5.9658317923524695,5.000000000000001,7.118229794928693,6586,6.687985310090552,0.08241086020509034
250,casey_T30_a25,Casey T30K a=2.5,30,2.5,8.493232323171238,7.118229794928693,10.133839082682117,5011,8.643725897537664,0.12210650057997773
250,casey_T30_a25,Casey T30K a=2.5,30,2.5,12.091355875609787,10.133839082682117,14.426999059072134,3123,9.150642056899882,0.16374406790408252
250,casey_T30_a25,Casey T30K a=2.5,30,2.5,17.21380993097034,14.426999059072134,20.5389389107391,1738,8.650323613209158,0.20749492016636678
250,casey_T30_a25,Casey T30K a=2.5,30,2.5,24.5063709469745,20.5389389107391,29.240177382128667,812,6.865016915016192,0.24091486457813788
250,casey_T30_a25,Casey T30K a=2.5,30,2.5,34.888395968065744,29.240177382128667,41.62766037009365,325,4.66736691072985,0.2588989341236989
250,casey_T30_a25,Casey T30K a=2.5,30,2.5,49.66872393543112,41.62766037009365,59.26305046791458,116,2.8297597878129426,0.2627366003788734
250,casey_T30_a25,Casey T30K a=2.5,30,2.5,70.71067811865476,59.26305046791458,84.36960231581453,37,1.5331911551319504,0.2520550732492236
250,casey_T30_a25,Casey T30K a=2.5,30,2.5,100.66697116076413,84.36960231581453,120.11244339814311,28,1.9708592591258116,0.37245739062542177
250,casey_T30_a25,Casey T30K a=2.5,30,2.5,143.3141266963557,120.11244339814311,170.99759466766963,9,1.0760763576875558,0.35869211922918526
250,casey_T30_a25,Casey T30K a=2.5,30,2.5,204.02857733683695,170.99759466766963,243.4400346449093,1,0.2030970334069399,0.2030970334069399
250,casey_T30_a25,Casey T30K a=2.5,30,2.5,290.4644596431972,243.4400346449093,346.5724215775732,1,0.3449900577744031,0.3449900577744031
250,casey_T30_a25,Casey T30K a=2.5,30,2.5,413.5185542000137,346.5724215775732,493.39642747481366,0,,
250,casey_T30_a25,Casey T30K a=2.5,30,2.5,588.7040186524744,493.39642747481366,702.4218301525182,0,,
250,casey_T30_a25,Casey T30K a=2.5,30,2.5,838.10609719326,702.4218301525182,1000.0,0,,
350,casey_T30_a25,Casey T30K a=2.5,30,2.5,5.9658317923524695,5.000000000000001,7.118229794928693,5457,5.541502556508372,0.0750154227423877
350,casey_T30_a25,Casey T30K a=2.5,30,2.5,8.493232323171238,7.118229794928693,10.133839082682117,3702,6.385765969404196,0.10495298401471416
350,casey_T30_a25,Casey T30K a=2.5,30,2.5,12.091355875609787,10.133839082682117,14.426999059072134,2164,6.340694656141961,0.136303877784487
350,casey_T30_a25,Casey T30K a=2.5,30,2.5,17.21380993097034,14.426999059072134,20.5389389107391,1031,5.131463547306469,0.15981293058172844
350,casey_T30_a25,Casey T30K a=2.5,30,2.5,24.5063709469745,20.5389389107391,29.240177382128667,447,3.779141084990441,0.17874723971375261
350,casey_T30_a25,Casey T30K a=2.5,30,2.5,34.888395968065744,29.240177382128667,41.62766037009365,178,2.5562809541843485,0.1916013581137747
350,casey_T30_a25,Casey T30K a=2.5,30,2.5,49.66872393543112,41.62766037009365,59.26305046791458,64,1.5612467794830027,0.19515584743537534
350,casey_T30_a25,Casey T30K a=2.5,30,2.5,70.71067811865476,59.26305046791458,84.36960231581453,24,0.9945023708964004,0.203001946390357
350,casey_T30_a25,Casey T30K a=2.5,30,2.5,100.66697116076413,84.36960231581453,120.11244339814311,11,0.7742661375137118,0.23345002418279084
350,casey_T30_a25,Casey T30K a=2.5,30,2.5,143.3141266963557,120.11244339814311,170.99759466766963,5,0.5978201987153088,0.2673533205299726
350,casey_T30_a25,Casey T30K a=2.5,30,2.5,204.02857733683695,170.99759466766963,243.4400346449093,2,0.4061940668138798,0.287222579121836
350,casey_T30_a25,Casey T30K a=2.5,30,2.5,290.4644596431972,243.4400346449093,346.5724215775732,0,,
350,casey_T30_a25,Casey T30K a=2.5,30,2.5,413.5185542000137,346.5724215775732,493.39642747481366,0,,
350,casey_T30_a25,Casey T30K a=2.5,30,2.5,588.7040186524744,493.39642747481366,702.4218301525182,0,,
350,casey_T30_a25,Casey T30K a=2.5,30,2.5,838.10609719326,702.4218301525182,1000.0,0,,
500,casey_T30_a25,Casey T30K a=2.5,30,2.5,5.9658317923524695,5.000000000000001,7.118229794928693,2733,2.7753209615058423,0.05308763763975256
500,casey_T30_a25,Casey T30K a=2.5,30,2.5,8.493232323171238,7.118229794928693,10.133839082682117,1566,2.701272152373574,0.06826097112961932
500,casey_T30_a25,Casey T30K a=2.5,30,2.5,12.091355875609787,10.133839082682117,14.426999059072134,781,2.288393034402436,0.08188514081740211
500,casey_T30_a25,Casey T30K a=2.5,30,2.5,17.21380993097034,14.426999059072134,20.5389389107391,326,1.6225578238815797,0.08986516641322412
500,casey_T30_a25,Casey T30K a=2.5,30,2.5,24.5063709469745,20.5389389107391,29.240177382128667,147,1.2428047863391383,0.1025048111347224
500,casey_T30_a25,Casey T30K a=2.5,30,2.5,34.888395968065744,29.240177382128667,41.62766037009365,60,0.8616677373655107,0.11124082655936166
500,casey_T30_a25,Casey T30K a=2.5,30,2.5,49.66872393543112,41.62766037009365,59.26305046791458,15,0.36591721394132876,0.09447941837902551
500,casey_T30_a25,Casey T30K a=2.5,30,2.5,70.71067811865476,59.26305046791458,84.36960231581453,9,0.37293838908615007,0.12431279636205005
500,casey_T30_a25,Casey T30K a=2.5,30,2.5,100.66697116076413,84.36960231581453,120.11244339814311,4,0.28155132273225886,0.1407756613661294
500,casey_T30_a25,Casey T30K a=2.5,30,2.5,143.3141266963557,120.11244339814311,170.99759466766963,1,0.11956403974306176,0.11956403974306176
500,casey_T30_a25,Casey T30K a=2.5,30,2.5,204.02857733683695,170.99759466766963,243.4400346449093,0,,
500,casey_T30_a25,Casey T30K a=2.5,30,2.5,290.4644596431972,243.4400346449093,346.5724215775732,0,,
500,casey_T30_a25,Casey T30K a=2.5,30,2.5,413.5185542000137,346.5724215775732,493.39642747481366,0,,
500,casey_T30_a25,Casey T30K a=2.5,30,2.5,588.7040186524744,493.39642747481366,702.4218301525182,1,0.9954342477801108,0.9954342477801109
500,casey_T30_a25,Casey T30K a=2.5,30,2.5,838.10609719326,702.4218301525182,1000.0,0,,
250,casey_T30_a30,Casey T30K a=3.0,30,3.0,5.9658317923524695,5.000000000000001,7.118229794928693,6949,7.056606425724149,0.08465151596353514
250,casey_T30_a30,Casey T30K a=3.0,30,3.0,8.493232323171238,7.118229794928693,10.133839082682117,5410,9.331981062797597,0.12687475489639724
250,casey_T30_a30,Casey T30K a=3.0,30,3.0,12.091355875609787,10.133839082682117,14.426999059072134,3564,10.442807649949144,0.1749236097612846
250,casey_T30_a30,Casey T30K a=3.0,30,3.0,17.21380993097034,14.426999059072134,20.5389389107391,2030,10.10365761496812,0.22424904478930976
250,casey_T30_a30,Casey T30K a=3.0,30,3.0,24.5063709469745,20.5389389107391,29.240177382128667,1003,8.479817691824188,0.26775405018859627
250,casey_T30_a30,Casey T30K a=3.0,30,3.0,34.888395968065744,29.240177382128667,41.62766037009365,421,6.046035290514667,0.29466573007420355
250,casey_T30_a30,Casey T30K a=3.0,30,3.0,49.66872393543112,41.62766037009365,59.26305046791458,152,3.7079611012721316,0.30075535967297623
250,casey_T30_a30,Casey T30K a=3.0,30,3.0,70.71067811865476,59.26305046791458,84.36960231581453,51,2.113317538154851,0.2959236459905341
250,casey_T30_a30,Casey T30K a=3.0,30,3.0,100.66697116076413,84.36960231581453,120.11244339814311,27,1.9004714284427469,0.3657458969328709
250,casey_T30_a30,Casey T30K a=3.0,30,3.0,143.3141266963557,120.11244339814311,170.99759466766963,10,1.1956403974306176,0.3780946918389685
250,casey_T30_a30,Casey T30K a=3.0,30,3.0,204.02857733683695,170.99759466766963,243.4400346449093,3,0.6092911002208198,0.35177438072733347
250,casey_T30_a30,Casey T30K a=3.0,30,3.0,290.4644596431972,243.4400346449093,346.5724215775732,2,0.6899801155488062,0.4878896185884385
250,casey_T30_a30,Casey T30K a=3.0,30,3.0,413.5185542000137,346.5724215775732,493.39642747481366,0,,
250,casey_T30_a30,Casey T30K a=3.0,30,3.0,588.7040186524744,493.39642747481366,702.4218301525182,0,,
250,casey_T30_a30,Casey T30K a=3.0,30,3.0,838.10609719326,702.4218301525182,1000.0,0,,
350,casey_T30_a30,Casey T30K a=3.0,30,3.0,5.9658317923524695,5.000000000000001,7.118229794928693,5900,5.991362485504746,0.0780008957279225
350,casey_T30_a30,Casey T30K a=3.0,30,3.0,8.493232323171238,7.118229794928693,10.133839082682117,4149,7.156818748529986,0.1111087600852491
350,casey_T30_a30,Casey T30K a=3.0,30,3.0,12.091355875609787,10.133839082682117,14.426999059072134,2519,7.380873308143068,0.14705969706934444
350,casey_T30_a30,Casey T30K a=3.0,30,3.0,17.21380993097034,14.426999059072134,20.5389389107391,1272,6.330961815881501,0.17751135474831745
350,casey_T30_a30,Casey T30K a=3.0,30,3.0,24.5063709469745,20.5389389107391,29.240177382128667,530,4.480860794283968,0.19463615527222355
350,casey_T30_a30,Casey T30K a=3.0,30,3.0,34.888395968065744,29.240177382128667,41.62766037009365,238,3.417948691549859,0.2215527068772867
350,casey_T30_a30,Casey T30K a=3.0,30,3.0,49.66872393543112,41.62766037009365,59.26305046791458,80,1.9515584743537533,0.2181908705360386
350,casey_T30_a30,Casey T30K a=3.0,30,3.0,70.71067811865476,59.26305046791458,84.36960231581453,35,1.4503159575572504,0.24514814044603458
350,casey_T30_a30,Casey T30K a=3.0,30,3.0,100.66697116076413,84.36960231581453,120.11244339814311,14,0.9854296295629058,0.2633671466142825
350,casey_T30_a30,Casey T30K a=3.0,30,3.0,143.3141266963557,120.11244339814311,170.99759466766963,4,0.47825615897224705,0.23912807948612352
350,casey_T30_a30,Casey T30K a=3.0,30,3.0,204.02857733683695,170.99759466766963,243.4400346449093,4,0.8123881336277596,0.4061940668138798
350,casey_T30_a30,Casey T30K a=3.0,30,3.0,290.4644596431972,243.4400346449093,346.5724215775732,0,,
350,casey_T30_a30,Casey T30K a=3.0,30,3.0,413.5185542000137,346.5724215775732,493.39642747481366,0,,
350,casey_T30_a30,Casey T30K a=3.0,30,3.0,588.7040186524744,493.39642747481366,702.4218301525182,0,,
350,casey_T30_a30,Casey T30K a=3.0,30,3.0,838.10609719326,702.4218301525182,1000.0,0,,
500,casey_T30_a30,Casey T30K a=3.0,30,3.0,5.9658317923524695,5.000000000000001,7.118229794928693,3146,3.1947163354911745,0.056957765507213765
500,casey_T30_a30,Casey T30K a=3.0,30,3.0,8.493232323171238,7.118229794928693,10.133839082682117,1806,3.1152602217028575,0.0733053137182963
500,casey_T30_a30,Casey T30K a=3.0,30,3.0,12.091355875609787,10.133839082682117,14.426999059072134,934,2.736695383011364,0.08954740839650663
500,casey_T30_a30,Casey T30K a=3.0,30,3.0,17.21380993097034,14.426999059072134,20.5389389107391,417,2.0754804066215295,0.10163671278990825
500,casey_T30_a30,Casey T30K a=3.0,30,3.0,24.5063709469745,20.5389389107391,29.240177382128667,160,1.352712692614028,0.10694132821198893
500,casey_T30_a30,Casey T30K a=3.0,30,3.0,34.888395968065744,29.240177382128667,41.62766037009365,78,1.1201680585751639,0.12683405671069967
500,casey_T30_a30,Casey T30K a=3.0,30,3.0,49.66872393543112,41.62766037009365,59.26305046791458,23,0.5610730613767041,0.11699182063617258
500,casey_T30_a30,Casey T30K a=3.0,30,3.0,70.71067811865476,59.26305046791458,84.36960231581453,6,0.2486255927241001,0.1015009731951785
500,casey_T30_a30,Casey T30K a=3.0,30,3.0,100.66697116076413,84.36960231581453,120.11244339814311,8,0.5631026454645177,0.19908684955602235
500,casey_T30_a30,Casey T30K a=3.0,30,3.0,143.3141266963557,120.11244339814311,170.99759466766963,2,0.23912807948612352,0.1690890865767537
500,casey_T30_a30,Casey T30K a=3.0,30,3.0,204.02857733683695,170.99759466766963,243.4400346449093,0,,
500,casey_T30_a30,Casey T30K a=3.0,30,3.0,290.4644596431972,243.4400346449093,346.5724215775732,0,,
500,casey_T30_a30,Casey T30K a=3.0,30,3.0,413.5185542000137,346.5724215775732,493.39642747481366,0,,
500,casey_T30_a30,Casey T30K a=3.0,30,3.0,588.7040186524744,493.39642747481366,702.4218301525182,0,,
500,casey_T30_a30,Casey T30K a=3.0,30,3.0,838.10609719326,702.4218301525182,1000.0,1,1.6908908657675317,1.6908908657675317
250,casey_T35_a15,Casey T35K a=1.5,35,1.5,5.9658317923524695,5.000000000000001,7.118229794928693,3720,3.7776048213690943,0.061936270980896914
250,casey_T35_a15,Casey T35K a=1.5,35,1.5,8.493232323171238,7.118229794928693,10.133839082682117,2160,3.72589262396355,0.08016844490204379
250,casey_T35_a15,Casey T35K a=1.5,35,1.5,12.091355875609787,10.133839082682117,14.426999059072134,1042,3.05314409967649,0.09458307793094864
250,casey_T35_a15,Casey T35K a=1.5,35,1.5,17.21380993097034,14.426999059072134,20.5389389107391,424,2.110320605293834,0.10248622844815626
250,casey_T35_a15,Casey T35K a=1.5,35,1.5,24.5063709469745,20.5389389107391,29.240177382128667,173,1.4626205988889178,0.11120098494943094
250,casey_T35_a15,Casey T35K a=1.5,35,1.5,34.888395968065744,29.240177382128667,41.62766037009365,52,0.746778705716776,0.10355957364947956
250,casey_T35_a15,Casey T35K a=1.5,35,1.5,49.66872393543112,41.62766037009365,59.26305046791458,26,0.6342565041649698,0.1243879342830894
250,casey_T35_a15,Casey T35K a=1.5,35,1.5,70.71067811865476,59.26305046791458,84.36960231581453,11,0.4558135866608502,0.1374329673909259
250,casey_T35_a15,Casey T35K a=1.5,35,1.5,100.66697116076413,84.36960231581453,120.11244339814311,5,0.3519391534153235,0.15739197419607814
250,casey_T35_a15,Casey T35K a=1.5,35,1.5,143.3141266963557,120.11244339814311,170.99759466766963,1,0.11956403974306176,0.11956403974306176
250,casey_T35_a15,Casey T35K a=1.5,35,1.5,204.02857733683695,170.99759466766963,243.4400346449093,0,,
250,casey_T35_a15,Casey T35K a=1.5,35,1.5,290.4644596431972,243.4400346449093,346.5724215775732,0,,
250,casey_T35_a15,Casey T35K a=1.5,35,1.5,413.5185542000137,346.5724215775732,493.39642747481366,0,,
250,casey_T35_a15,Casey T35K a=1.5,35,1.5,588.7040186524744,493.39642747481366,702.4218301525182,0,,
250,casey_T35_a15,Casey T35K a=1.5,35,1.5,838.10609719326,702.4218301525182,1000.0,1,1.6908908657675317,1.6908908657675317
350,casey_T35_a15,Casey T35K a=1.5,35,1.5,5.9658317923524695,5.000000000000001,7.118229794928693,2114,2.1467356431113616,0.046690236700238426
350,casey_T35_a15,Casey T35K a=1.5,35,1.5,8.493232323171238,7.118229794928693,10.133839082682117,1042,1.7973982010046388,0.055681438074469576
350,casey_T35_a15,Casey T35K a=1.5,35,1.5,12.091355875609787,10.133839082682117,14.426999059072134,460,1.347837126536646,0.06284323006101153
350,casey_T35_a15,Casey T35K a=1.5,35,1.5,17.21380993097034,14.426999059072134,20.5389389107391,186,0.9257538504355025,0.06787956569313791
350,casey_T35_a15,Casey T35K a=1.5,35,1.5,24.5063709469745,20.5389389107391,29.240177382128667,79,0.6679018919781764,0.07514483376702463
350,casey_T35_a15,Casey T35K a=1.5,35,1.5,34.888395968065744,29.240177382128667,41.62766037009365,25,0.35902822390229616,0.07180564478045923
350,casey_T35_a15,Casey T35K a=1.5,35,1.5,49.66872393543112,41.62766037009365,59.26305046791458,11,0.2683392902236411,0.08090734019837277
350,casey_T35_a15,Casey T35K a=1.5,35,1.5,70.71067811865476,59.26305046791458,84.36960231581453,5,0.20718799393675008,0.0926572877128775
350,casey_T35_a15,Casey T35K a=1.5,35,1.5,100.66697116076413,84.36960231581453,120.11244339814311,2,0.14077566136612943,0.09954342477801117
350,casey_T35_a15,Casey T35K a=1.5,35,1.5,143.3141266963557,120.11244339814311,170.99759466766963,0,,
350,casey_T35_a15,Casey T35K a=1.5,35,1.5,204.02857733683695,170.99759466766963,243.4400346449093,0,,
350,casey_T35_a15,Casey T35K a=1.5,35,1.5,290.4644596431972,243.4400346449093,346.5724215775732,0,,
350,casey_T35_a15,Casey T35K a=1.5,35,1.5,413.5185542000137,346.5724215775732,493.39642747481366,0,,
350,casey_T35_a15,Casey T35K a=1.5,35,1.5,588.7040186524744,493.39642747481366,702.4218301525182,1,0.9954342477801108,0.9954342477801109
350,casey_T35_a15,Casey T35K a=1.5,35,1.5,838.10609719326,702.4218301525182,1000.0,0,,
500,casey_T35_a15,Casey T35K a=1.5,35,1.5,5.9658317923524695,5.000000000000001,7.118229794928693,609,0.618430466724134,0.025060067154752525
500,casey_T35_a15,Casey T35K a=1.5,35,1.5,8.493232323171238,7.118229794928693,10.133839082682117,251,0.4329625225068755,0.02732835209574465
500,casey_T35_a15,Casey T35K a=1.5,35,1.5,12.091355875609787,10.133839082682117,14.426999059072134,135,0.395560895831407,0.03404446137702058
500,casey_T35_a15,Casey T35K a=1.5,35,1.5,17.21380993097034,14.426999059072134,20.5389389107391,46,0.22894987698942534,0.03375681772474395
500,casey_T35_a15,Casey T35K a=1.5,35,1.5,24.5063709469745,20.5389389107391,29.240177382128667,13,0.10990790627488979,0.03048296858869273
500,casey_T35_a15,Casey T35K a=1.5,35,1.5,34.888395968065744,29.240177382128667,41.62766037009365,8,0.11488903164873478,0.040619406681388116
500,casey_T35_a15,Casey T35K a=1.5,35,1.5,49.66872393543112,41.62766037009365,59.26305046791458,4,0.09757792371768767,0.048788961858843835
500,casey_T35_a15,Casey T35K a=1.5,35,1.5,70.71067811865476,59.26305046791458,84.36960231581453,0,,
500,casey_T35_a15,Casey T35K a=1.5,35,1.5,100.66697116076413,84.36960231581453,120.11244339814311,0,,
500,casey_T35_a15,Casey T35K a=1.5,35,1.5,143.3141266963557,120.11244339814311,170.99759466766963,0,,
500,casey_T35_a15,Casey T35K a=1.5,35,1.5,204.02857733683695,170.99759466766963,243.4400346449093,0,,
500,casey_T35_a15,Casey T35K a=1.5,35,1.5,290.4644596431972,243.4400346449093,346.5724215775732,1,0.3449900577744031,0.3449900577744031
500,casey_T35_a15,Casey T35K a=1.5,35,1.5,413.5185542000137,346.5724215775732,493.39642747481366,0,,
500,casey_T35_a15,Casey T35K a=1.5,35,1.5,588.7040186524744,493.39642747481366,702.4218301525182,0,,
500,casey_T35_a15,Casey T35K a=1.5,35,1.5,838.10609719326,702.4218301525182,1000.0,0,,
250,casey_T35_a20,Casey T35K a=2.0,35,2.0,5.9658317923524695,5.000000000000001,7.118229794928693,4906,4.981970229472251,0.07112746917076093
250,casey_T35_a20,Casey T35K a=2.0,35,2.0,8.493232323171238,7.118229794928693,10.133839082682117,3111,5.366320348680835,0.09621141219022188
250,casey_T35_a20,Casey T35K a=2.0,35,2.0,12.091355875609787,10.133839082682117,14.426999059072134,1720,5.039738820963111,0.1215188936011518
250,casey_T35_a20,Casey T35K a=2.0,35,2.0,17.21380993097034,14.426999059072134,20.5389389107391,737,3.6681752030697057,0.13511897024462083
250,casey_T35_a20,Casey T35K a=2.0,35,2.0,24.5063709469745,20.5389389107391,29.240177382128667,313,2.6462442049261927,0.14957456593117646
250,casey_T35_a20,Casey T35K a=2.0,35,2.0,34.888395968065744,29.240177382128667,41.62766037009365,113,1.6228075720383786,0.1526608948387421
250,casey_T35_a20,Casey T35K a=2.0,35,2.0,49.66872393543112,41.62766037009365,59.26305046791458,38,0.9269902753180329,0.15037767983648812
250,casey_T35_a20,Casey T35K a=2.0,35,2.0,70.71067811865476,59.26305046791458,84.36960231581453,21,0.8701895745343503,0.18989093306024174
250,casey_T35_a20,Casey T35K a=2.0,35,2.0,100.66697116076413,84.36960231581453,120.11244339814311,6,0.4223269840983882,0.17241426927492606
250,casey_T35_a20,Casey T35K a=2.0,35,2.0,143.3141266963557,120.11244339814311,170.99759466766963,5,0.5978201987153088,0.2673533205299726
250,casey_T35_a20,Casey T35K a=2.0,35,2.0,204.02857733683695,170.99759466766963,243.4400346449093,0,,
250,casey_T35_a20,Casey T35K a=2.0,35,2.0,290.4644596431972,243.4400346449093,346.5724215775732,0,,
250,casey_T35_a20,Casey T35K a=2.0,35,2.0,413.5185542000137,346.5724215775732,493.39642747481366,0,,
250,casey_T35_a20,Casey T35K a=2.0,35,2.0,588.7040186524744,493.39642747481366,702.4218301525182,0,,
250,casey_T35_a20,Casey T35K a=2.0,35,2.0,838.10609719326,702.4218301525182,1000.0,1,1.6908908657675317,1.6908908657675317
350,casey_T35_a20,Casey T35K a=2.0,35,2.0,5.9658317923524695,5.000000000000001,7.118229794928693,3015,3.061687778609629,0.05575929093226982
350,casey_T35_a20,Casey T35K a=2.0,35,2.0,8.493232323171238,7.118229794928693,10.133839082682117,1680,2.8979164853049837,0.07070192273519725
350,casey_T35_a20,Casey T35K a=2.0,35,2.0,12.091355875609787,10.133839082682117,14.426999059072134,807,2.3645751328588553,0.08323698687368347
350,casey_T35_a20,Casey T35K a=2.0,35,2.0,17.21380993097034,14.426999059072134,20.5389389107391,337,1.6773067075094859,0.09136871840751183
350,casey_T35_a20,Casey T35K a=2.0,35,2.0,24.5063709469745,20.5389389107391,29.240177382128667,129,1.0906246084200601,0.09602414249444706
350,casey_T35_a20,Casey T35K a=2.0,35,2.0,34.888395968065744,29.240177382128667,41.62766037009365,54,0.7755009636289597,0.1055323142182004
350,casey_T35_a20,Casey T35K a=2.0,35,2.0,49.66872393543112,41.62766037009365,59.26305046791458,14,0.3415227330119069,0.09127578976608755
350,casey_T35_a20,Casey T35K a=2.0,35,2.0,70.71067811865476,59.26305046791458,84.36960231581453,10,0.41437598787350016,0.1310371929362573
350,casey_T35_a20,Casey T35K a=2.0,35,2.0,100.66697116076413,84.36960231581453,120.11244339814311,4,0.28155132273225886,0.1407756613661294
350,casey_T35_a20,Casey T35K a=2.0,35,2.0,143.3141266963557,120.11244339814311,170.99759466766963,1,0.11956403974306176,0.11956403974306176
350,casey_T35_a20,Casey T35K a=2.0,35,2.0,204.02857733683695,170.99759466766963,243.4400346449093,0,,
350,casey_T35_a20,Casey T35K a=2.0,35,2.0,290.4644596431972,243.4400346449093,346.5724215775732,0,,
350,casey_T35_a20,Casey T35K a=2.0,35,2.0,413.5185542000137,346.5724215775732,493.39642747481366,0,,
350,casey_T35_a20,Casey T35K a=2.0,35,2.0,588.7040186524744,493.39642747481366,702.4218301525182,0,,
350,casey_T35_a20,Casey T35K a=2.0,35,2.0,838.10609719326,702.4218301525182,1000.0,1,1.6908908657675317,1.6908908657675317
500,casey_T35_a20,Casey T35K a=2.0,35,2.0,5.9658317923524695,5.000000000000001,7.118229794928693,999,1.014469681867668,0.032096400333106366
500,casey_T35_a20,Casey T35K a=2.0,35,2.0,8.493232323171238,7.118229794928693,10.133839082682117,503,0.8676499953026231,0.03868660116935916
500,casey_T35_a20,Casey T35K a=2.0,35,2.0,12.091355875609787,10.133839082682117,14.426999059072134,182,0.5332746891949339,0.03952894989584058
500,casey_T35_a20,Casey T35K a=2.0,35,2.0,17.21380993097034,14.426999059072134,20.5389389107391,92,0.4578997539788507,0.04773934944888937
500,casey_T35_a20,Casey T35K a=2.0,35,2.0,24.5063709469745,20.5389389107391,29.240177382128667,27,0.22827026687861723,0.04393063334345246
500,casey_T35_a20,Casey T35K a=2.0,35,2.0,34.888395968065744,29.240177382128667,41.62766037009365,10,0.14361128956091845,0.04541387727264649
500,casey_T35_a20,Casey T35K a=2.0,35,2.0,49.66872393543112,41.62766037009365,59.26305046791458,7,0.17076136650595344,0.06454172990175819
500,casey_T35_a20,Casey T35K a=2.0,35,2.0,70.71067811865476,59.26305046791458,84.36960231581453,2,0.08287519757470002,0.05860161419724531
500,casey_T35_a20,Casey T35K a=2.0,35,2.0,100.66697116076413,84.36960231581453,120.11244339814311,0,,
500,casey_T35_a20,Casey T35K a=2.0,35,2.0,143.3141266963557,120.11244339814311,170.99759466766963,0,,
500,casey_T35_a20,Casey T35K a=2.0,35,2.0,204.02857733683695,170.99759466766963,243.4400346449093,0,,
500,casey_T35_a20,Casey T35K a=2.0,35,2.0,290.4644596431972,243.4400346449093,346.5724215775732,0,,
500,casey_T35_a20,Casey T35K a=2.0,35,2.0,413.5185542000137,346.5724215775732,493.39642747481366,1,0.5860161419724547,0.5860161419724547
500,casey_T35_a20,Casey T35K a=2.0,35,2.0,588.7040186524744,493.39642747481366,702.4218301525182,0,,
500,casey_T35_a20,Casey T35K a=2.0,35,2.0,838.10609719326,702.4218301525182,1000.0,0,,
250,casey_T35_a25,Casey T35K a=2.5,35,2.5,5.9658317923524695,5.000000000000001,7.118229794928693,5665,5.752723471251591,0.07643170386108357
250,casey_T35_a25,Casey T35K a=2.5,35,2.5,8.493232323171238,7.118229794928693,10.133839082682117,3783,6.5254869428028295,0.10609496023383155
250,casey_T35_a25,Casey T35K a=2.5,35,2.5,12.091355875609787,10.133839082682117,14.426999059072134,2206,6.463758045956176,0.13762024837818476
250,casey_T35_a25,Casey T35K a=2.5,35,2.5,17.21380993097034,14.426999059072134,20.5389389107391,1085,5.400230794207098,0.16394472663782952
250,casey_T35_a25,Casey T35K a=2.5,35,2.5,24.5063709469745,20.5389389107391,29.240177382128667,432,3.6523242700578757,0.17572253337380983
250,casey_T35_a25,Casey T35K a=2.5,35,2.5,34.888395968065744,29.240177382128667,41.62766037009365,180,2.5850032120965323,0.19267476347677176
250,casey_T35_a25,Casey T35K a=2.5,35,2.5,49.66872393543112,41.62766037009365,59.26305046791458,56,1.3660909320476275,0.1825515795321751
250,casey_T35_a25,Casey T35K a=2.5,35,2.5,70.71067811865476,59.26305046791458,84.36960231581453,26,1.0773775684711004,0.21129112481312642
250,casey_T35_a25,Casey T35K a=2.5,35,2.5,100.66697116076413,84.36960231581453,120.11244339814311,12,0.8446539681967764,0.2438305979552472
250,casey_T35_a25,Casey T35K a=2.5,35,2.5,143.3141266963557,120.11244339814311,170.99759466766963,5,0.5978201987153088,0.2673533205299726
250,casey_T35_a25,Casey T35K a=2.5,35,2.5,204.02857733683695,170.99759466766963,243.4400346449093,1,0.2030970334069399,0.2030970334069399
250,casey_T35_a25,Casey T35K a=2.5,35,2.5,290.4644596431972,243.4400346449093,346.5724215775732,0,,
250,casey_T35_a25,Casey T35K a=2.5,35,2.5,413.5185542000137,346.5724215775732,493.39642747481366,0,,
250,casey_T35_a25,Casey T35K a=2.5,35,2.5,588.7040186524744,493.39642747481366,702.4218301525182,0,,
250,casey_T35_a25,Casey T35K a=2.5,35,2.5,838.10609719326,702.4218301525182,1000.0,0,,
350,casey_T35_a25,Casey T35K a=2.5,35,2.5,5.9658317923524695,5.000000000000001,7.118229794928693,3649,3.7055053745096305,0.06134236500316808
350,casey_T35_a25,Casey T35K a=2.5,35,2.5,8.493232323171238,7.118229794928693,10.133839082682117,2170,3.7431421268522707,0.08035380571573962
350,casey_T35_a25,Casey T35K a=2.5,35,2.5,12.091355875609787,10.133839082682117,14.426999059072134,1085,3.1791375702005675,0.09651491940857176
350,casey_T35_a25,Casey T35K a=2.5,35,2.5,17.21380993097034,14.426999059072134,20.5389389107391,464,2.3094074548498558,0.10721154957923713
350,casey_T35_a25,Casey T35K a=2.5,35,2.5,24.5063709469745,20.5389389107391,29.240177382128667,196,1.6570730484521845,0.11836236060372746
350,casey_T35_a25,Casey T35K a=2.5,35,2.5,34.888395968065744,29.240177382128667,41.62766037009365,87,1.2494182191799907,0.13395169340375832
350,casey_T35_a25,Casey T35K a=2.5,35,2.5,49.66872393543112,41.62766037009365,59.26305046791458,24,0.5854675423061261,0.11950806163427766
350,casey_T35_a25,Casey T35K a=2.5,35,2.5,70.71067811865476,59.26305046791458,84.36960231581453,13,0.5386887842355502,0.14940538715989488
350,casey_T35_a25,Casey T35K a=2.5,35,2.5,100.66697116076413,84.36960231581453,120.11244339814311,4,0.28155132273225886,0.1407756613661294
350,casey_T35_a25,Casey T35K a=2.5,35,2.5,143.3141266963557,120.11244339814311,170.99759466766963,3,0.3586921192291853,0.20709099159316743
350,casey_T35_a25,Casey T35K a=2.5,35,2.5,204.02857733683695,170.99759466766963,243.4400346449093,0,,
350,casey_T35_a25,Casey T35K a=2.5,35,2.5,290.4644596431972,243.4400346449093,346.5724215775732,0,,
350,casey_T35_a25,Casey T35K a=2.5,35,2.5,413.5185542000137,346.5724215775732,493.39642747481366,0,,
350,casey_T35_a25,Casey T35K a=2.5,35,2.5,588.7040186524744,493.39642747481366,702.4218301525182,0,,
350,casey_T35_a25,Casey T35K a=2.5,35,2.5,838.10609719326,702.4218301525182,1000.0,1,1.6908908657675317,1.6908908657675317
500,casey_T35_a25,Casey T35K a=2.5,35,2.5,5.9658317923524695,5.000000000000001,7.118229794928693,1351,1.3719204606638835,0.03732512395365339
500,casey_T35_a25,Casey T35K a=2.5,35,2.5,8.493232323171238,7.118229794928693,10.133839082682117,628,1.0832687814116249,0.04322713033989206
500,casey_T35_a25,Casey T35K a=2.5,35,2.5,12.091355875609787,10.133839082682117,14.426999059072134,260,0.7618209845641913,0.04724613181245446
500,casey_T35_a25,Casey T35K a=2.5,35,2.5,17.21380993097034,14.426999059072134,20.5389389107391,141,0.7017811446849777,0.05910063391647146
500,casey_T35_a25,Casey T35K a=2.5,35,2.5,24.5063709469745,20.5389389107391,29.240177382128667,51,0.4311771707707215,0.06037688049177854
500,casey_T35_a25,Casey T35K a=2.5,35,2.5,34.888395968065744,29.240177382128667,41.62766037009365,12,0.17233354747310214,0.04974841001199934
500,casey_T35_a25,Casey T35K a=2.5,35,2.5,49.66872393543112,41.62766037009365,59.26305046791458,9,0.21955032836479724,0.07318344278826575
500,casey_T35_a25,Casey T35K a=2.5,35,2.5,70.71067811865476,59.26305046791458,84.36960231581453,4,0.16575039514940004,0.08287519757470002
500,casey_T35_a25,Casey T35K a=2.5,35,2.5,100.66697116076413,84.36960231581453,120.11244339814311,0,,
500,casey_T35_a25,Casey T35K a=2.5,35,2.5,143.3141266963557,120.11244339814311,170.99759466766963,0,,
500,casey_T35_a25,Casey T35K a=2.5,35,2.5,204.02857733683695,170.99759466766963,243.4400346449093,0,,
500,casey_T35_a25,Casey T35K a=2.5,35,2.5,290.4644596431972,243.4400346449093,346.5724215775732,0,,
500,casey_T35_a25,Casey T35K a=2.5,35,2.5,413.5185542000137,346.5724215775732,493.39642747481366,1,0.5860161419724547,0.5860161419724547
500,casey_T35_a25,Casey T35K a=2.5,35,2.5,588.7040186524744,493.39642747481366,702.4218301525182,0,,
500,casey_T35_a25,Casey T35K a=2.5,35,2.5,838.10609719326,702.4218301525182,1000.0,0,,
250,casey_T35_a30,Casey T35K a=3.0,35,3.0,5.9658317923524695,5.000000000000001,7.118229794928693,6090,6.1843046672413395,0.07924689052579328
250,casey_T35_a30,Casey T35K a=3.0,35,3.0,8.493232323171238,7.118229794928693,10.133839082682117,4183,7.215467058351635,0.11156308523275142
250,casey_T35_a30,Casey T35K a=3.0,35,3.0,12.091355875609787,10.133839082682117,14.426999059072134,2571,7.533237505055906,0.14856982835143653
250,casey_T35_a30,Casey T35K a=3.0,35,3.0,17.21380993097034,14.426999059072134,20.5389389107391,1310,6.520094322959722,0.1801433483067135
250,casey_T35_a30,Casey T35K a=3.0,35,3.0,24.5063709469745,20.5389389107391,29.240177382128667,543,4.590768700558858,0.19700874171755003
250,casey_T35_a30,Casey T35K a=3.0,35,3.0,34.888395968065744,29.240177382128667,41.62766037009365,237,3.4035875625937675,0.2210867700694897
250,casey_T35_a30,Casey T35K a=3.0,35,3.0,49.66872393543112,41.62766037009365,59.26305046791458,68,1.6588247032006904,0.2011620431082445
250,casey_T35_a30,Casey T35K a=3.0,35,3.0,70.71067811865476,59.26305046791458,84.36960231581453,33,1.3674407599825502,0.2380408821560404
250,casey_T35_a30,Casey T35K a=3.0,35,3.0,100.66697116076413,84.36960231581453,120.11244339814311,12,0.8446539681967764,0.2438305979552472
250,casey_T35_a30,Casey T35K a=3.0,35,3.0,143.3141266963557,120.11244339814311,170.99759466766963,8,0.9565123179444941,0.3381781731535074
250,casey_T35_a30,Casey T35K a=3.0,35,3.0,204.02857733683695,170.99759466766963,243.4400346449093,1,0.2030970334069399,0.2030970334069399
250,casey_T35_a30,Casey T35K a=3.0,35,3.0,290.4644596431972,243.4400346449093,346.5724215775732,0,,
250,casey_T35_a30,Casey T35K a=3.0,35,3.0,413.5185542000137,346.5724215775732,493.39642747481366,0,,
250,casey_T35_a30,Casey T35K a=3.0,35,3.0,588.7040186524744,493.39642747481366,702.4218301525182,0,,
250,casey_T35_a30,Casey T35K a=3.0,35,3.0,838.10609719326,702.4218301525182,1000.0,0,,
350,casey_T35_a30,Casey T35K a=3.0,35,3.0,5.9658317923524695,5.000000000000001,7.118229794928693,4116,4.1797369475148365,0.06514952703057961
350,casey_T35_a30,Casey T35K a=3.0,35,3.0,8.493232323171238,7.118229794928693,10.133839082682117,2480,4.277876716402595,0.08590183163191294
350,casey_T35_a30,Casey T35K a=3.0,35,3.0,12.091355875609787,10.133839082682117,14.426999059072134,1302,3.8149650842406806,0.10572679699173584
350,casey_T35_a30,Casey T35K a=3.0,35,3.0,17.21380993097034,14.426999059072134,20.5389389107391,589,2.9315538597124244,0.12079257243658892
350,casey_T35_a30,Casey T35K a=3.0,35,3.0,24.5063709469745,20.5389389107391,29.240177382128667,229,1.9360700413038279,0.12793910950774234
350,casey_T35_a30,Casey T35K a=3.0,35,3.0,34.888395968065744,29.240177382128667,41.62766037009365,114,1.6371687009944704,0.15333489765170538
350,casey_T35_a30,Casey T35K a=3.0,35,3.0,49.66872393543112,41.62766037009365,59.26305046791458,34,0.8294123516003452,0.1422430447991803
350,casey_T35_a30,Casey T35K a=3.0,35,3.0,70.71067811865476,59.26305046791458,84.36960231581453,13,0.5386887842355502,0.14940538715989488
350,casey_T35_a30,Casey T35K a=3.0,35,3.0,100.66697116076413,84.36960231581453,120.11244339814311,7,0.4927148147814529,0.18622869531271088
350,casey_T35_a30,Casey T35K a=3.0,35,3.0,143.3141266963557,120.11244339814311,170.99759466766963,3,0.3586921192291853,0.20709099159316743
350,casey_T35_a30,Casey T35K a=3.0,35,3.0,204.02857733683695,170.99759466766963,243.4400346449093,0,,
350,casey_T35_a30,Casey T35K a=3.0,35,3.0,290.4644596431972,243.4400346449093,346.5724215775732,0,,
350,casey_T35_a30,Casey T35K a=3.0,35,3.0,413.5185542000137,346.5724215775732,493.39642747481366,0,,
350,casey_T35_a30,Casey T35K a=3.0,35,3.0,588.7040186524744,493.39642747481366,702.4218301525182,0,,
350,casey_T35_a30,Casey T35K a=3.0,35,3.0,838.10609719326,702.4218301525182,1000.0,1,1.6908908657675317,1.6908908657675317
500,casey_T35_a30,Casey T35K a=3.0,35,3.0,5.9658317923524695,5.000000000000001,7.118229794928693,1527,1.550645850061991,0.039681958873798925
500,casey_T35_a30,Casey T35K a=3.0,35,3.0,8.493232323171238,7.118229794928693,10.133839082682117,782,1.3489111258979152,0.04823696338162553
500,casey_T35_a30,Casey T35K a=3.0,35,3.0,12.091355875609787,10.133839082682117,14.426999059072134,342,1.0020876027728978,0.05418669167311284
500,casey_T35_a30,Casey T35K a=3.0,35,3.0,17.21380993097034,14.426999059072134,20.5389389107391,159,0.7913702269851877,0.06275974134007306
500,casey_T35_a30,Casey T35K a=3.0,35,3.0,24.5063709469745,20.5389389107391,29.240177382128667,66,0.5579939857032866,0.06868431165771803
500,casey_T35_a30,Casey T35K a=3.0,35,3.0,34.888395968065744,29.240177382128667,41.62766037009365,16,0.22977806329746955,0.05744451582436738
500,casey_T35_a30,Casey T35K a=3.0,35,3.0,49.66872393543112,41.62766037009365,59.26305046791458,8,0.19515584743537534,0.06899801155488061
500,casey_T35_a30,Casey T35K a=3.0,35,3.0,70.71067811865476,59.26305046791458,84.36960231581453,5,0.20718799393675008,0.0926572877128775
500,casey_T35_a30,Casey T35K a=3.0,35,3.0,100.66697116076413,84.36960231581453,120.11244339814311,1,0.07038783068306471,0.0703878306830647
500,casey_T35_a30,Casey T35K a=3.0,35,3.0,143.3141266963557,120.11244339814311,170.99759466766963,0,,
500,casey_T35_a30,Casey T35K a=3.0,35,3.0,204.02857733683695,170.99759466766963,243.4400346449093,0,,
500,casey_T35_a30,Casey T35K a=3.0,35,3.0,290.4644596431972,243.4400346449093,346.5724215775732,0,,
500,casey_T35_a30,Casey T35K a=3.0,35,3.0,413.5185542000137,346.5724215775732,493.39642747481366,1,0.5860161419724547,0.5860161419724547
500,casey_T35_a30,Casey T35K a=3.0,35,3.0,588.7040186524744,493.39642747481366,702.4218301525182,0,,
500,casey_T35_a30,Casey T35K a=3.0,35,3.0,838.10609719326,702.4218301525182,1000.0,0,,
250,casey_T40_a15,Casey T40K a=1.5,40,1.5,5.9658317923524695,5.000000000000001,7.118229794928693,2678,2.7194692773189337,0.05255074417478747
250,casey_T40_a15,Casey T40K a=1.5,40,1.5,8.493232323171238,7.118229794928693,10.133839082682117,1396,2.4080306032653316,0.06444946147730937
250,casey_T40_a15,Casey T40K a=1.5,40,1.5,12.091355875609787,10.133839082682117,14.426999059072134,588,1.722887457399017,0.07105068123662517
250,casey_T40_a15,Casey T40K a=1.5,40,1.5,17.21380993097034,14.426999059072134,20.5389389107391,265,1.318950378308646,0.08102247767412937
250,casey_T40_a15,Casey T40K a=1.5,40,1.5,24.5063709469745,20.5389389107391,29.240177382128667,86,0.7270830722800401,0.07840338403323278
250,casey_T40_a15,Casey T40K a=1.5,40,1.5,34.888395968065744,29.240177382128667,41.62766037009365,35,0.5026395134632146,0.08496158467962146
250,casey_T40_a15,Casey T40K a=1.5,40,1.5,49.66872393543112,41.62766037009365,59.26305046791458,15,0.36591721394132876,0.09447941837902551
250,casey_T40_a15,Casey T40K a=1.5,40,1.5,70.71067811865476,59.26305046791458,84.36960231581453,5,0.20718799393675008,0.0926572877128775
250,casey_T40_a15,Casey T40K a=1.5,40,1.5,100.66697116076413,84.36960231581453,120.11244339814311,4,0.28155132273225886,0.1407756613661294
250,casey_T40_a15,Casey T40K a=1.5,40,1.5,143.3141266963557,120.11244339814311,170.99759466766963,0,,
250,casey_T40_a15,Casey T40K a=1.5,40,1.5,204.02857733683695,170.99759466766963,243.4400346449093,0,,
250,casey_T40_a15,Casey T40K a=1.5,40,1.5,290.4644596431972,243.4400346449093,346.5724215775732,0,,
250,casey_T40_a15,Casey T40K a=1.5,40,1.5,413.5185542000137,346.5724215775732,493.39642747481366,0,,
250,casey_T40_a15,Casey T40K a=1.5,40,1.5,588.7040186524744,493.39642747481366,702.4218301525182,1,0.9954342477801108,0.9954342477801109
250,casey_T40_a15,Casey T40K a=1.5,40,1.5,838.10609719326,702.4218301525182,1000.0,0,,
350,casey_T40_a15,Casey T40K a=1.5,40,1.5,5.9658317923524695,5.000000000000001,7.118229794928693,1158,1.1759318234261857,0.03455634998279423
350,casey_T40_a15,Casey T40K a=1.5,40,1.5,8.493232323171238,7.118229794928693,10.133839082682117,538,0.9280232554131435,0.04000992355034997
350,casey_T40_a15,Casey T40K a=1.5,40,1.5,12.091355875609787,10.133839082682117,14.426999059072134,217,0.6358275140401135,0.04316278412809605
350,casey_T40_a15,Casey T40K a=1.5,40,1.5,17.21380993097034,14.426999059072134,20.5389389107391,106,0.5275801513234585,0.05124311422407813
350,casey_T40_a15,Casey T40K a=1.5,40,1.5,24.5063709469745,20.5389389107391,29.240177382128667,25,0.2113613582209419,0.04227227164418838
350,casey_T40_a15,Casey T40K a=1.5,40,1.5,34.888395968065744,29.240177382128667,41.62766037009365,11,0.1579724185170103,0.04763047631326498
350,casey_T40_a15,Casey T40K a=1.5,40,1.5,49.66872393543112,41.62766037009365,59.26305046791458,8,0.19515584743537534,0.06899801155488061
350,casey_T40_a15,Casey T40K a=1.5,40,1.5,70.71067811865476,59.26305046791458,84.36960231581453,3,0.12431279636205005,0.07177202644334472
350,casey_T40_a15,Casey T40K a=1.5,40,1.5,100.66697116076413,84.36960231581453,120.11244339814311,0,,
350,casey_T40_a15,Casey T40K a=1.5,40,1.5,143.3141266963557,120.11244339814311,170.99759466766963,0,,
350,casey_T40_a15,Casey T40K a=1.5,40,1.5,204.02857733683695,170.99759466766963,243.4400346449093,0,,
350,casey_T40_a15,Casey T40K a=1.5,40,1.5,290.4644596431972,243.4400346449093,346.5724215775732,0,,
350,casey_T40_a15,Casey T40K a=1.5,40,1.5,413.5185542000137,346.5724215775732,493.39642747481366,1,0.5860161419724547,0.5860161419724547
350,casey_T40_a15,Casey T40K a=1.5,40,1.5,588.7040186524744,493.39642747481366,702.4218301525182,0,,
350,casey_T40_a15,Casey T40K a=1.5,40,1.5,838.10609719326,702.4218301525182,1000.0,0,,
500,casey_T40_a15,Casey T40K a=1.5,40,1.5,5.9658317923524695,5.000000000000001,7.118229794928693,245,0.2487938659235022,0.01589485704542627
500,casey_T40_a15,Casey T40K a=1.5,40,1.5,8.493232323171238,7.118229794928693,10.133839082682117,124,0.21389383582012975,0.019208233492069904
500,casey_T40_a15,Casey T40K a=1.5,40,1.5,12.091355875609787,10.133839082682117,14.426999059072134,45,0.1318536319438023,0.01965557894043865
500,casey_T40_a15,Casey T40K a=1.5,40,1.5,17.21380993097034,14.426999059072134,20.5389389107391,11,0.05474888362790606,0.016507409516781466
500,casey_T40_a15,Casey T40K a=1.5,40,1.5,24.5063709469745,20.5389389107391,29.240177382128667,6,0.050726725973026056,0.02070909915931672
500,casey_T40_a15,Casey T40K a=1.5,40,1.5,34.888395968065744,29.240177382128667,41.62766037009365,4,0.05744451582436739,0.02872225791218369
500,casey_T40_a15,Casey T40K a=1.5,40,1.5,49.66872393543112,41.62766037009365,59.26305046791458,0,,
500,casey_T40_a15,Casey T40K a=1.5,40,1.5,70.71067811865476,59.26305046791458,84.36960231581453,0,,
500,casey_T40_a15,Casey T40K a=1.5,40,1.5,100.66697116076413,84.36960231581453,120.11244339814311,0,,
500,casey_T40_a15,Casey T40K a=1.5,40,1.5,143.3141266963557,120.11244339814311,170.99759466766963,0,,
500,casey_T40_a15,Casey T40K a=1.5,40,1.5,204.02857733683695,170.99759466766963,243.4400346449093,1,0.2030970334069399,0.2030970334069399
500,casey_T40_a15,Casey T40K a=1.5,40,1.5,290.4644596431972,243.4400346449093,346.5724215775732,0,,
500,casey_T40_a15,Casey T40K a=1.5,40,1.5,413.5185542000137,346.5724215775732,493.39642747481366,0,,
500,casey_T40_a15,Casey T40K a=1.5,40,1.5,588.7040186524744,493.39642747481366,702.4218301525182,0,,
500,casey_T40_a15,Casey T40K a=1.5,40,1.5,838.10609719326,702.4218301525182,1000.0,0,,
250,casey_T40_a20,Casey T40K a=2.0,40,2.0,5.9658317923524695,5.000000000000001,7.118229794928693,3680,3.736985414687706,0.061602380295248275
250,casey_T40_a20,Casey T40K a=2.0,40,2.0,8.493232323171238,7.118229794928693,10.133839082682117,2117,3.651719761542054,0.07936646053309679
250,casey_T40_a20,Casey T40K a=2.0,40,2.0,12.091355875609787,10.133839082682117,14.426999059072134,1004,2.9418010327017234,0.09284241734343325
250,casey_T40_a20,Casey T40K a=2.0,40,2.0,17.21380993097034,14.426999059072134,20.5389389107391,438,2.1800010026384413,0.1041644771076321
250,casey_T40_a20,Casey T40K a=2.0,40,2.0,24.5063709469745,20.5389389107391,29.240177382128667,168,1.4203483272447295,0.10958225250345767
250,casey_T40_a20,Casey T40K a=2.0,40,2.0,34.888395968065744,29.240177382128667,41.62766037009365,62,0.8903899952776945,0.11307964247996621
250,casey_T40_a20,Casey T40K a=2.0,40,2.0,49.66872393543112,41.62766037009365,59.26305046791458,20,0.4878896185884383,0.1090954352680193
250,casey_T40_a20,Casey T40K a=2.0,40,2.0,70.71067811865476,59.26305046791458,84.36960231581453,11,0.4558135866608502,0.1374329673909259
250,casey_T40_a20,Casey T40K a=2.0,40,2.0,100.66697116076413,84.36960231581453,120.11244339814311,6,0.4223269840983882,0.17241426927492606
250,casey_T40_a20,Casey T40K a=2.0,40,2.0,143.3141266963557,120.11244339814311,170.99759466766963,1,0.11956403974306176,0.11956403974306176
250,casey_T40_a20,Casey T40K a=2.0,40,2.0,204.02857733683695,170.99759466766963,243.4400346449093,0,,
250,casey_T40_a20,Casey T40K a=2.0,40,2.0,290.4644596431972,243.4400346449093,346.5724215775732,0,,
250,casey_T40_a20,Casey T40K a=2.0,40,2.0,413.5185542000137,346.5724215775732,493.39642747481366,0,,
250,casey_T40_a20,Casey T40K a=2.0,40,2.0,588.7040186524744,493.39642747481366,702.4218301525182,0,,
250,casey_T40_a20,Casey T40K a=2.0,40,2.0,838.10609719326,702.4218301525182,1000.0,1,1.6908908657675317,1.6908908657675317
350,casey_T40_a20,Casey T40K a=2.0,40,2.0,5.9658317923524695,5.000000000000001,7.118229794928693,1750,1.7770990423107298,0.04248079233981073
350,casey_T40_a20,Casey T40K a=2.0,40,2.0,8.493232323171238,7.118229794928693,10.133839082682117,868,1.497256850740908,0.05082020894487872
350,casey_T40_a20,Casey T40K a=2.0,40,2.0,12.091355875609787,10.133839082682117,14.426999059072134,374,1.0958501854884903,0.056665064099485685
350,casey_T40_a20,Casey T40K a=2.0,40,2.0,17.21380993097034,14.426999059072134,20.5389389107391,147,0.731644172118381,0.06034499424622402
350,casey_T40_a20,Casey T40K a=2.0,40,2.0,24.5063709469745,20.5389389107391,29.240177382128667,70,0.5918118030186373,0.0707350398309646
350,casey_T40_a20,Casey T40K a=2.0,40,2.0,34.888395968065744,29.240177382128667,41.62766037009365,22,0.3159448370340206,0.06735966558450979
350,casey_T40_a20,Casey T40K a=2.0,40,2.0,49.66872393543112,41.62766037009365,59.26305046791458,8,0.19515584743537534,0.06899801155488061
350,casey_T40_a20,Casey T40K a=2.0,40,2.0,70.71067811865476,59.26305046791458,84.36960231581453,5,0.20718799393675008,0.0926572877128775
350,casey_T40_a20,Casey T40K a=2.0,40,2.0,100.66697116076413,84.36960231581453,120.11244339814311,1,0.07038783068306471,0.0703878306830647
350,casey_T40_a20,Casey T40K a=2.0,40,2.0,143.3141266963557,120.11244339814311,170.99759466766963,0,,
350,casey_T40_a20,Casey T40K a=2.0,40,2.0,204.02857733683695,170.99759466766963,243.4400346449093,0,,
350,casey_T40_a20,Casey T40K a=2.0,40,2.0,290.4644596431972,243.4400346449093,346.5724215775732,0,,
350,casey_T40_a20,Casey T40K a=2.0,40,2.0,413.5185542000137,346.5724215775732,493.39642747481366,0,,
350,casey_T40_a20,Casey T40K a=2.0,40,2.0,588.7040186524744,493.39642747481366,702.4218301525182,1,0.9954342477801108,0.9954342477801109
350,casey_T40_a20,Casey T40K a=2.0,40,2.0,838.10609719326,702.4218301525182,1000.0,0,,
500,casey_T40_a20,Casey T40K a=2.0,40,2.0,5.9658317923524695,5.000000000000001,7.118229794928693,438,0.44478250316119977,0.02125253007330572
500,casey_T40_a20,Casey T40K a=2.0,40,2.0,8.493232323171238,7.118229794928693,10.133839082682117,182,0.31394095257470656,0.023270851656793642
500,casey_T40_a20,Casey T40K a=2.0,40,2.0,12.091355875609787,10.133839082682117,14.426999059072134,90,0.2637072638876046,0.02779718631386333
500,casey_T40_a20,Casey T40K a=2.0,40,2.0,17.21380993097034,14.426999059072134,20.5389389107391,20,0.09954342477801102,0.02225858645167696
500,casey_T40_a20,Casey T40K a=2.0,40,2.0,24.5063709469745,20.5389389107391,29.240177382128667,10,0.08454454328837675,0.026735332052997232
500,casey_T40_a20,Casey T40K a=2.0,40,2.0,34.888395968065744,29.240177382128667,41.62766037009365,6,0.08616677373655107,0.03517743807273346
500,casey_T40_a20,Casey T40K a=2.0,40,2.0,49.66872393543112,41.62766037009365,59.26305046791458,2,0.048788961858843835,0.034499005777440306
500,casey_T40_a20,Casey T40K a=2.0,40,2.0,70.71067811865476,59.26305046791458,84.36960231581453,0,,
500,casey_T40_a20,Casey T40K a=2.0,40,2.0,100.66697116076413,84.36960231581453,120.11244339814311,0,,
500,casey_T40_a20,Casey T40K a=2.0,40,2.0,143.3141266963557,120.11244339814311,170.99759466766963,0,,
500,casey_T40_a20,Casey T40K a=2.0,40,2.0,204.02857733683695,170.99759466766963,243.4400346449093,0,,
500,casey_T40_a20,Casey T40K a=2.0,40,2.0,290.4644596431972,243.4400346449093,346.5724215775732,1,0.3449900577744031,0.3449900577744031
500,casey_T40_a20,Casey T40K a=2.0,40,2.0,413.5185542000137,346.5724215775732,493.39642747481366,0,,
500,casey_T40_a20,Casey T40K a=2.0,40,2.0,588.7040186524744,493.39642747481366,702.4218301525182,0,,
500,casey_T40_a20,Casey T40K a=2.0,40,2.0,838.10609719326,702.4218301525182,1000.0,0,,
250,casey_T40_a25,Casey T40K a=2.5,40,2.5,5.9658317923524695,5.000000000000001,7.118229794928693,4341,4.408221110097645,0.06690652546884653
250,casey_T40_a25,Casey T40K a=2.5,40,2.5,8.493232323171238,7.118229794928693,10.133839082682117,2650,4.571118265510837,0.0887972509290747
250,casey_T40_a25,Casey T40K a=2.5,40,2.5,12.091355875609787,10.133839082682117,14.426999059072134,1389,4.0698821059986985,0.1092020285992913
250,casey_T40_a25,Casey T40K a=2.5,40,2.5,17.21380993097034,14.426999059072134,20.5389389107391,581,2.8917364898012203,0.11996944480790878
250,casey_T40_a25,Casey T40K a=2.5,40,2.5,24.5063709469745,20.5389389107391,29.240177382128667,260,2.1981581254977955,0.13632397984061553
250,casey_T40_a25,Casey T40K a=2.5,40,2.5,34.888395968065744,29.240177382128667,41.62766037009365,86,1.2350570902238986,0.13317963110341224
250,casey_T40_a25,Casey T40K a=2.5,40,2.5,49.66872393543112,41.62766037009365,59.26305046791458,35,0.8538068325297671,0.14431969544576212
250,casey_T40_a25,Casey T40K a=2.5,40,2.5,70.71067811865476,59.26305046791458,84.36960231581453,15,0.6215639818102502,0.16048713001023124
250,casey_T40_a25,Casey T40K a=2.5,40,2.5,100.66697116076413,84.36960231581453,120.11244339814311,5,0.3519391534153235,0.15739197419607814
250,casey_T40_a25,Casey T40K a=2.5,40,2.5,143.3141266963557,120.11244339814311,170.99759466766963,4,0.47825615897224705,0.23912807948612352
250,casey_T40_a25,Casey T40K a=2.5,40,2.5,204.02857733683695,170.99759466766963,243.4400346449093,0,,
250,casey_T40_a25,Casey T40K a=2.5,40,2.5,290.4644596431972,243.4400346449093,346.5724215775732,0,,
250,casey_T40_a25,Casey T40K a=2.5,40,2.5,413.5185542000137,346.5724215775732,493.39642747481366,0,,
250,casey_T40_a25,Casey T40K a=2.5,40,2.5,588.7040186524744,493.39642747481366,702.4218301525182,0,,
250,casey_T40_a25,Casey T40K a=2.5,40,2.5,838.10609719326,702.4218301525182,1000.0,1,1.6908908657675317,1.6908908657675317
350,casey_T40_a25,Casey T40K a=2.5,40,2.5,5.9658317923524695,5.000000000000001,7.118229794928693,2179,2.2127421789686172,0.04740260394972705
350,casey_T40_a25,Casey T40K a=2.5,40,2.5,8.493232323171238,7.118229794928693,10.133839082682117,1137,1.96126847844748,0.05816434155437124
350,casey_T40_a25,Casey T40K a=2.5,40,2.5,12.091355875609787,10.133839082682117,14.426999059072134,534,1.5646630990664543,0.06770959432759838
350,casey_T40_a25,Casey T40K a=2.5,40,2.5,17.21380993097034,14.426999059072134,20.5389389107391,214,1.065114645124718,0.07280973820751255
350,casey_T40_a25,Casey T40K a=2.5,40,2.5,24.5063709469745,20.5389389107391,29.240177382128667,104,0.8792632501991183,0.08621885519904458
350,casey_T40_a25,Casey T40K a=2.5,40,2.5,34.888395968065744,29.240177382128667,41.62766037009365,25,0.35902822390229616,0.07180564478045923
350,casey_T40_a25,Casey T40K a=2.5,40,2.5,49.66872393543112,41.62766037009365,59.26305046791458,11,0.2683392902236411,0.08090734019837277
350,casey_T40_a25,Casey T40K a=2.5,40,2.5,70.71067811865476,59.26305046791458,84.36960231581453,8,0.3315007902988001,0.11720322839449061
350,casey_T40_a25,Casey T40K a=2.5,40,2.5,100.66697116076413,84.36960231581453,120.11244339814311,3,0.2111634920491941,0.1219152989776236
350,casey_T40_a25,Casey T40K a=2.5,40,2.5,143.3141266963557,120.11244339814311,170.99759466766963,0,,
350,casey_T40_a25,Casey T40K a=2.5,40,2.5,204.02857733683695,170.99759466766963,243.4400346449093,0,,
350,casey_T40_a25,Casey T40K a=2.5,40,2.5,290.4644596431972,243.4400346449093,346.5724215775732,0,,
350,casey_T40_a25,Casey T40K a=2.5,40,2.5,413.5185542000137,346.5724215775732,493.39642747481366,0,,
350,casey_T40_a25,Casey T40K a=2.5,40,2.5,588.7040186524744,493.39642747481366,702.4218301525182,1,0.9954342477801108,0.9954342477801109
350,casey_T40_a25,Casey T40K a=2.5,40,2.5,838.10609719326,702.4218301525182,1000.0,0,,
500,casey_T40_a25,Casey T40K a=2.5,40,2.5,5.9658317923524695,5.000000000000001,7.118229794928693,578,0.5869504265460581,0.024413919225356136
500,casey_T40_a25,Casey T40K a=2.5,40,2.5,8.493232323171238,7.118229794928693,10.133839082682117,240,0.41398806932928334,0.026722814967347932
500,casey_T40_a25,Casey T40K a=2.5,40,2.5,12.091355875609787,10.133839082682117,14.426999059072134,121,0.3545397658933352,0.032230887808485015
500,casey_T40_a25,Casey T40K a=2.5,40,2.5,17.21380993097034,14.426999059072134,20.5389389107391,45,0.2239727057505248,0.033387879677515435
500,casey_T40_a25,Casey T40K a=2.5,40,2.5,24.5063709469745,20.5389389107391,29.240177382128667,11,0.09299899761721443,0.02804025281595056
500,casey_T40_a25,Casey T40K a=2.5,40,2.5,34.888395968065744,29.240177382128667,41.62766037009365,6,0.08616677373655107,0.03517743807273346
500,casey_T40_a25,Casey T40K a=2.5,40,2.5,49.66872393543112,41.62766037009365,59.26305046791458,4,0.09757792371768767,0.048788961858843835
500,casey_T40_a25,Casey T40K a=2.5,40,2.5,70.71067811865476,59.26305046791458,84.36960231581453,0,,
500,casey_T40_a25,Casey T40K a=2.5,40,2.5,100.66697116076413,84.36960231581453,120.11244339814311,0,,
500,casey_T40_a25,Casey T40K a=2.5,40,2.5,143.3141266963557,120.11244339814311,170.99759466766963,0,,
500,casey_T40_a25,Casey T40K a=2.5,40,2.5,204.02857733683695,170.99759466766963,243.4400346449093,0,,
500,casey_T40_a25,Casey T40K a=2.5,40,2.5,290.4644596431972,243.4400346449093,346.5724215775732,1,0.3449900577744031,0.3449900577744031
500,casey_T40_a25,Casey T40K a=2.5,40,2.5,413.5185542000137,346.5724215775732,493.39642747481366,0,,
500,casey_T40_a25,Casey T40K a=2.5,40,2.5,588.7040186524744,493.39642747481366,702.4218301525182,0,,
500,casey_T40_a25,Casey T40K a=2.5,40,2.5,838.10609719326,702.4218301525182,1000.0,0,,
250,casey_T40_a30,Casey T40K a=3.0,40,3.0,5.9658317923524695,5.000000000000001,7.118229794928693,4721,4.7941054735708315,0.06977351214903159
250,casey_T40_a30,Casey T40K a=3.0,40,3.0,8.493232323171238,7.118229794928693,10.133839082682117,3023,5.214524723260099,0.09484089796979871
250,casey_T40_a30,Casey T40K a=3.0,40,3.0,12.091355875609787,10.133839082682117,14.426999059072134,1644,4.817052687013578,0.11880384318955646
250,casey_T40_a30,Casey T40K a=3.0,40,3.0,17.21380993097034,14.426999059072134,20.5389389107391,742,3.693061059264209,0.13557653664138727
250,casey_T40_a30,Casey T40K a=3.0,40,3.0,24.5063709469745,20.5389389107391,29.240177382128667,303,2.5616996616378156,0.14716580035292115
250,casey_T40_a30,Casey T40K a=3.0,40,3.0,34.888395968065744,29.240177382128667,41.62766037009365,110,1.5797241851701032,0.150620791188617
250,casey_T40_a30,Casey T40K a=3.0,40,3.0,49.66872393543112,41.62766037009365,59.26305046791458,50,1.219724046471096,0.1724950288872015
250,casey_T40_a30,Casey T40K a=3.0,40,3.0,70.71067811865476,59.26305046791458,84.36960231581453,15,0.6215639818102502,0.16048713001023124
250,casey_T40_a30,Casey T40K a=3.0,40,3.0,100.66697116076413,84.36960231581453,120.11244339814311,8,0.5631026454645177,0.19908684955602235
250,casey_T40_a30,Casey T40K a=3.0,40,3.0,143.3141266963557,120.11244339814311,170.99759466766963,4,0.47825615897224705,0.23912807948612352
250,casey_T40_a30,Casey T40K a=3.0,40,3.0,204.02857733683695,170.99759466766963,243.4400346449093,0,,
250,casey_T40_a30,Casey T40K a=3.0,40,3.0,290.4644596431972,243.4400346449093,346.5724215775732,0,,
250,casey_T40_a30,Casey T40K a=3.0,40,3.0,413.5185542000137,346.5724215775732,493.39642747481366,0,,
250,casey_T40_a30,Casey T40K a=3.0,40,3.0,588.7040186524744,493.39642747481366,702.4218301525182,0,,
250,casey_T40_a30,Casey T40K a=3.0,40,3.0,838.10609719326,702.4218301525182,1000.0,1,1.6908908657675317,1.6908908657675317
350,casey_T40_a30,Casey T40K a=3.0,40,3.0,5.9658317923524695,5.000000000000001,7.118229794928693,2483,2.521449669747167,0.050601331396049234
350,casey_T40_a30,Casey T40K a=3.0,40,3.0,8.493232323171238,7.118229794928693,10.133839082682117,1376,2.3735315974878914,0.06398612361077667
350,casey_T40_a30,Casey T40K a=3.0,40,3.0,12.091355875609787,10.133839082682117,14.426999059072134,641,1.8781817350217176,0.07418371837137036
350,casey_T40_a30,Casey T40K a=3.0,40,3.0,17.21380993097034,14.426999059072134,20.5389389107391,265,1.318950378308646,0.08102247767412937
350,casey_T40_a30,Casey T40K a=3.0,40,3.0,24.5063709469745,20.5389389107391,29.240177382128667,127,1.073715699762385,0.09527686154464297
350,casey_T40_a30,Casey T40K a=3.0,40,3.0,34.888395968065744,29.240177382128667,41.62766037009365,39,0.5600840292875819,0.08968522158553485
350,casey_T40_a30,Casey T40K a=3.0,40,3.0,49.66872393543112,41.62766037009365,59.26305046791458,12,0.29273377115306304,0.08450496078805762
350,casey_T40_a30,Casey T40K a=3.0,40,3.0,70.71067811865476,59.26305046791458,84.36960231581453,10,0.41437598787350016,0.1310371929362573
350,casey_T40_a30,Casey T40K a=3.0,40,3.0,100.66697116076413,84.36960231581453,120.11244339814311,3,0.2111634920491941,0.1219152989776236
350,casey_T40_a30,Casey T40K a=3.0,40,3.0,143.3141266963557,120.11244339814311,170.99759466766963,0,,
350,casey_T40_a30,Casey T40K a=3.0,40,3.0,204.02857733683695,170.99759466766963,243.4400346449093,0,,
350,casey_T40_a30,Casey T40K a=3.0,40,3.0,290.4644596431972,243.4400346449093,346.5724215775732,0,,
350,casey_T40_a30,Casey T40K a=3.0,40,3.0,413.5185542000137,346.5724215775732,493.39642747481366,0,,
350,casey_T40_a30,Casey T40K a=3.0,40,3.0,588.7040186524744,493.39642747481366,702.4218301525182,1,0.9954342477801108,0.9954342477801109
350,casey_T40_a30,Casey T40K a=3.0,40,3.0,838.10609719326,702.4218301525182,1000.0,0,,
500,casey_T40_a30,Casey T40K a=3.0,40,3.0,5.9658317923524695,5.000000000000001,7.118229794928693,667,0.6773286064121468,0.026226268377712855
500,casey_T40_a30,Casey T40K a=3.0,40,3.0,8.493232323171238,7.118229794928693,10.133839082682117,304,0.5243848878170922,0.03007553596729761
500,casey_T40_a30,Casey T40K a=3.0,40,3.0,12.091355875609787,10.133839082682117,14.426999059072134,143,0.4190015415103052,0.03503866912686471
500,casey_T40_a30,Casey T40K a=3.0,40,3.0,17.21380993097034,14.426999059072134,20.5389389107391,61,0.3036074455729336,0.038872950055554946
500,casey_T40_a30,Casey T40K a=3.0,40,3.0,24.5063709469745,20.5389389107391,29.240177382128667,16,0.13527126926140282,0.033817817315350704
500,casey_T40_a30,Casey T40K a=3.0,40,3.0,34.888395968065744,29.240177382128667,41.62766037009365,10,0.14361128956091845,0.04541387727264649
500,casey_T40_a30,Casey T40K a=3.0,40,3.0,49.66872393543112,41.62766037009365,59.26305046791458,4,0.09757792371768767,0.048788961858843835
500,casey_T40_a30,Casey T40K a=3.0,40,3.0,70.71067811865476,59.26305046791458,84.36960231581453,0,,
500,casey_T40_a30,Casey T40K a=3.0,40,3.0,100.66697116076413,84.36960231581453,120.11244339814311,0,,
500,casey_T40_a30,Casey T40K a=3.0,40,3.0,143.3141266963557,120.11244339814311,170.99759466766963,0,,
500,casey_T40_a30,Casey T40K a=3.0,40,3.0,204.02857733683695,170.99759466766963,243.4400346449093,0,,
500,casey_T40_a30,Casey T40K a=3.0,40,3.0,290.4644596431972,243.4400346449093,346.5724215775732,1,0.3449900577744031,0.3449900577744031
500,casey_T40_a30,Casey T40K a=3.0,40,3.0,413.5185542000137,346.5724215775732,493.39642747481366,0,,
500,casey_T40_a30,Casey T40K a=3.0,40,3.0,588.7040186524744,493.39642747481366,702.4218301525182,0,,
500,casey_T40_a30,Casey T40K a=3.0,40,3.0,838.10609719326,702.4218301525182,1000.0,0,,
250,casey_T45_a15,Casey T45K a=1.5,45,1.5,5.9658317923524695,5.000000000000001,7.118229794928693,1827,1.8552914001724021,0.04340530955311941
250,casey_T45_a15,Casey T45K a=1.5,45,1.5,8.493232323171238,7.118229794928693,10.133839082682117,840,1.4489582426524918,0.04999380900898532
250,casey_T45_a15,Casey T45K a=1.5,45,1.5,12.091355875609787,10.133839082682117,14.426999059072134,372,1.0899900240687659,0.05651335013486819
250,casey_T45_a15,Casey T45K a=1.5,45,1.5,17.21380993097034,14.426999059072134,20.5389389107391,131,0.6520094322959722,0.05696632859782513
250,casey_T45_a15,Casey T45K a=1.5,45,1.5,24.5063709469745,20.5389389107391,29.240177382128667,59,0.49881280540142287,0.06493989591850086
250,casey_T45_a15,Casey T45K a=1.5,45,1.5,34.888395968065744,29.240177382128667,41.62766037009365,15,0.21541693434137768,0.05562041327968083
250,casey_T45_a15,Casey T45K a=1.5,45,1.5,49.66872393543112,41.62766037009365,59.26305046791458,11,0.2683392902236411,0.08090734019837277
250,casey_T45_a15,Casey T45K a=1.5,45,1.5,70.71067811865476,59.26305046791458,84.36960231581453,5,0.20718799393675008,0.0926572877128775
250,casey_T45_a15,Casey T45K a=1.5,45,1.5,100.66697116076413,84.36960231581453,120.11244339814311,0,,
250,casey_T45_a15,Casey T45K a=1.5,45,1.5,143.3141266963557,120.11244339814311,170.99759466766963,0,,
250,casey_T45_a15,Casey T45K a=1.5,45,1.5,204.02857733683695,170.99759466766963,243.4400346449093,0,,
250,casey_T45_a15,Casey T45K a=1.5,45,1.5,290.4644596431972,243.4400346449093,346.5724215775732,0,,
250,casey_T45_a15,Casey T45K a=1.5,45,1.5,413.5185542000137,346.5724215775732,493.39642747481366,0,,
250,casey_T45_a15,Casey T45K a=1.5,45,1.5,588.7040186524744,493.39642747481366,702.4218301525182,1,0.9954342477801108,0.9954342477801109
250,casey_T45_a15,Casey T45K a=1.5,45,1.5,838.10609719326,702.4218301525182,1000.0,0,,
350,casey_T45_a15,Casey T45K a=1.5,45,1.5,5.9658317923524695,5.000000000000001,7.118229794928693,604,0.6133530408889605,0.024956981291381554
350,casey_T45_a15,Casey T45K a=1.5,45,1.5,8.493232323171238,7.118229794928693,10.133839082682117,257,0.4433122242401076,0.027653056779738994
350,casey_T45_a15,Casey T45K a=1.5,45,1.5,12.091355875609787,10.133839082682117,14.426999059072134,130,0.38091049228209567,0.03340806018942002
350,casey_T45_a15,Casey T45K a=1.5,45,1.5,17.21380993097034,14.426999059072134,20.5389389107391,38,0.18913250707822093,0.030681344080253
350,casey_T45_a15,Casey T45K a=1.5,45,1.5,24.5063709469745,20.5389389107391,29.240177382128667,13,0.10990790627488979,0.03048296858869273
350,casey_T45_a15,Casey T45K a=1.5,45,1.5,34.888395968065744,29.240177382128667,41.62766037009365,8,0.11488903164873478,0.040619406681388116
350,casey_T45_a15,Casey T45K a=1.5,45,1.5,49.66872393543112,41.62766037009365,59.26305046791458,3,0.07318344278826576,0.04225248039402881
350,casey_T45_a15,Casey T45K a=1.5,45,1.5,70.71067811865476,59.26305046791458,84.36960231581453,0,,
350,casey_T45_a15,Casey T45K a=1.5,45,1.5,100.66697116076413,84.36960231581453,120.11244339814311,0,,
350,casey_T45_a15,Casey T45K a=1.5,45,1.5,143.3141266963557,120.11244339814311,170.99759466766963,0,,
350,casey_T45_a15,Casey T45K a=1.5,45,1.5,204.02857733683695,170.99759466766963,243.4400346449093,0,,
350,casey_T45_a15,Casey T45K a=1.5,45,1.5,290.4644596431972,243.4400346449093,346.5724215775732,1,0.3449900577744031,0.3449900577744031
350,casey_T45_a15,Casey T45K a=1.5,45,1.5,413.5185542000137,346.5724215775732,493.39642747481366,0,,
350,casey_T45_a15,Casey T45K a=1.5,45,1.5,588.7040186524744,493.39642747481366,702.4218301525182,0,,
350,casey_T45_a15,Casey T45K a=1.5,45,1.5,838.10609719326,702.4218301525182,1000.0,0,,
500,casey_T45_a15,Casey T45K a=1.5,45,1.5,5.9658317923524695,5.000000000000001,7.118229794928693,111,0.11271885354085201,0.010698800111035457
500,casey_T45_a15,Casey T45K a=1.5,45,1.5,8.493232323171238,7.118229794928693,10.133839082682117,49,0.08452256415472868,0.0120746520221041
500,casey_T45_a15,Casey T45K a=1.5,45,1.5,12.091355875609787,10.133839082682117,14.426999059072134,13,0.038091049228209564,0.010564556240656352
500,casey_T45_a15,Casey T45K a=1.5,45,1.5,17.21380993097034,14.426999059072134,20.5389389107391,6,0.02986302743340331,0.012191529897762341
500,casey_T45_a15,Casey T45K a=1.5,45,1.5,24.5063709469745,20.5389389107391,29.240177382128667,4,0.033817817315350704,0.016908908657675352
500,casey_T45_a15,Casey T45K a=1.5,45,1.5,34.888395968065744,29.240177382128667,41.62766037009365,0,,
500,casey_T45_a15,Casey T45K a=1.5,45,1.5,49.66872393543112,41.62766037009365,59.26305046791458,0,,
500,casey_T45_a15,Casey T45K a=1.5,45,1.5,70.71067811865476,59.26305046791458,84.36960231581453,0,,
500,casey_T45_a15,Casey T45K a=1.5,45,1.5,100.66697116076413,84.36960231581453,120.11244339814311,0,,
500,casey_T45_a15,Casey T45K a=1.5,45,1.5,143.3141266963557,120.11244339814311,170.99759466766963,1,0.11956403974306176,0.11956403974306176
500,casey_T45_a15,Casey T45K a=1.5,45,1.5,204.02857733683695,170.99759466766963,243.4400346449093,0,,
500,casey_T45_a15,Casey T45K a=1.5,45,1.5,290.4644596431972,243.4400346449093,346.5724215775732,0,,
500,casey_T45_a15,Casey T45K a=1.5,45,1.5,413.5185542000137,346.5724215775732,493.39642747481366,0,,
500,casey_T45_a15,Casey T45K a=1.5,45,1.5,588.7040186524744,493.39642747481366,702.4218301525182,0,,
500,casey_T45_a15,Casey T45K a=1.5,45,1.5,838.10609719326,702.4218301525182,1000.0,0,,
250,casey_T45_a20,Casey T45K a=2.0,45,2.0,5.9658317923524695,5.000000000000001,7.118229794928693,2549,2.5884716907714576,0.051269431509113235
250,casey_T45_a20,Casey T45K a=2.0,45,2.0,8.493232323171238,7.118229794928693,10.133839082682117,1319,2.2752094310221866,0.06264681289009084
250,casey_T45_a20,Casey T45K a=2.0,45,2.0,12.091355875609787,10.133839082682117,14.426999059072134,579,1.6965167310102567,0.0705048292494334
250,casey_T45_a20,Casey T45K a=2.0,45,2.0,17.21380993097034,14.426999059072134,20.5389389107391,236,1.1746124123805302,0.0764607553961898
250,casey_T45_a20,Casey T45K a=2.0,45,2.0,24.5063709469745,20.5389389107391,29.240177382128667,101,0.8538998872126052,0.08496621444926573
250,casey_T45_a20,Casey T45K a=2.0,45,2.0,34.888395968065744,29.240177382128667,41.62766037009365,36,0.5170006424193064,0.08616677373655107
250,casey_T45_a20,Casey T45K a=2.0,45,2.0,49.66872393543112,41.62766037009365,59.26305046791458,13,0.3171282520824849,0.08795555182935916
250,casey_T45_a20,Casey T45K a=2.0,45,2.0,70.71067811865476,59.26305046791458,84.36960231581453,5,0.20718799393675008,0.0926572877128775
250,casey_T45_a20,Casey T45K a=2.0,45,2.0,100.66697116076413,84.36960231581453,120.11244339814311,4,0.28155132273225886,0.1407756613661294
250,casey_T45_a20,Casey T45K a=2.0,45,2.0,143.3141266963557,120.11244339814311,170.99759466766963,0,,
250,casey_T45_a20,Casey T45K a=2.0,45,2.0,204.02857733683695,170.99759466766963,243.4400346449093,0,,
250,casey_T45_a20,Casey T45K a=2.0,45,2.0,290.4644596431972,243.4400346449093,346.5724215775732,0,,
250,casey_T45_a20,Casey T45K a=2.0,45,2.0,413.5185542000137,346.5724215775732,493.39642747481366,0,,
250,casey_T45_a20,Casey T45K a=2.0,45,2.0,588.7040186524744,493.39642747481366,702.4218301525182,1,0.9954342477801108,0.9954342477801109
250,casey_T45_a20,Casey T45K a=2.0,45,2.0,838.10609719326,702.4218301525182,1000.0,0,,
350,casey_T45_a20,Casey T45K a=2.0,45,2.0,5.9658317923524695,5.000000000000001,7.118229794928693,964,0.9789277010214535,0.03152913826901503
350,casey_T45_a20,Casey T45K a=2.0,45,2.0,8.493232323171238,7.118229794928693,10.133839082682117,435,0.7503533756593261,0.03597669067743232
350,casey_T45_a20,Casey T45K a=2.0,45,2.0,12.091355875609787,10.133839082682117,14.426999059072134,165,0.48346331712727525,0.03763756819244113
350,casey_T45_a20,Casey T45K a=2.0,45,2.0,17.21380993097034,14.426999059072134,20.5389389107391,80,0.3981736991120441,0.04451717290335392
350,casey_T45_a20,Casey T45K a=2.0,45,2.0,24.5063709469745,20.5389389107391,29.240177382128667,24,0.20290690389210422,0.04141819831863344
350,casey_T45_a20,Casey T45K a=2.0,45,2.0,34.888395968065744,29.240177382128667,41.62766037009365,7,0.10052790269264292,0.037995975763947656
350,casey_T45_a20,Casey T45K a=2.0,45,2.0,49.66872393543112,41.62766037009365,59.26305046791458,8,0.19515584743537534,0.06899801155488061
350,casey_T45_a20,Casey T45K a=2.0,45,2.0,70.71067811865476,59.26305046791458,84.36960231581453,2,0.08287519757470002,0.05860161419724531
350,casey_T45_a20,Casey T45K a=2.0,45,2.0,100.66697116076413,84.36960231581453,120.11244339814311,0,,
350,casey_T45_a20,Casey T45K a=2.0,45,2.0,143.3141266963557,120.11244339814311,170.99759466766963,0,,
350,casey_T45_a20,Casey T45K a=2.0,45,2.0,204.02857733683695,170.99759466766963,243.4400346449093,0,,
350,casey_T45_a20,Casey T45K a=2.0,45,2.0,290.4644596431972,243.4400346449093,346.5724215775732,0,,
350,casey_T45_a20,Casey T45K a=2.0,45,2.0,413.5185542000137,346.5724215775732,493.39642747481366,1,0.5860161419724547,0.5860161419724547
350,casey_T45_a20,Casey T45K a=2.0,45,2.0,588.7040186524744,493.39642747481366,702.4218301525182,0,,
350,casey_T45_a20,Casey T45K a=2.0,45,2.0,838.10609719326,702.4218301525182,1000.0,0,,
500,casey_T45_a20,Casey T45K a=2.0,45,2.0,5.9658317923524695,5.000000000000001,7.118229794928693,183,0.18583378556735058,0.013737228715339646
500,casey_T45_a20,Casey T45K a=2.0,45,2.0,8.493232323171238,7.118229794928693,10.133839082682117,87,0.15007067513186523,0.016089265192044327
500,casey_T45_a20,Casey T45K a=2.0,45,2.0,12.091355875609787,10.133839082682117,14.426999059072134,21,0.061531694907107755,0.01342731664527381
500,casey_T45_a20,Casey T45K a=2.0,45,2.0,17.21380993097034,14.426999059072134,20.5389389107391,10,0.04977171238900551,0.01573919741960779
500,casey_T45_a20,Casey T45K a=2.0,45,2.0,24.5063709469745,20.5389389107391,29.240177382128667,6,0.050726725973026056,0.02070909915931672
500,casey_T45_a20,Casey T45K a=2.0,45,2.0,34.888395968065744,29.240177382128667,41.62766037009365,2,0.028722257912183694,0.020309703340694058
500,casey_T45_a20,Casey T45K a=2.0,45,2.0,49.66872393543112,41.62766037009365,59.26305046791458,0,,
500,casey_T45_a20,Casey T45K a=2.0,45,2.0,70.71067811865476,59.26305046791458,84.36960231581453,0,,
500,casey_T45_a20,Casey T45K a=2.0,45,2.0,100.66697116076413,84.36960231581453,120.11244339814311,0,,
500,casey_T45_a20,Casey T45K a=2.0,45,2.0,143.3141266963557,120.11244339814311,170.99759466766963,1,0.11956403974306176,0.11956403974306176
500,casey_T45_a20,Casey T45K a=2.0,45,2.0,204.02857733683695,170.99759466766963,243.4400346449093,0,,
500,casey_T45_a20,Casey T45K a=2.0,45,2.0,290.4644596431972,243.4400346449093,346.5724215775732,0,,
500,casey_T45_a20,Casey T45K a=2.0,45,2.0,413.5185542000137,346.5724215775732,493.39642747481366,0,,
500,casey_T45_a20,Casey T45K a=2.0,45,2.0,588.7040186524744,493.39642747481366,702.4218301525182,0,,
500,casey_T45_a20,Casey T45K a=2.0,45,2.0,838.10609719326,702.4218301525182,1000.0,0,,
250,casey_T45_a25,Casey T45K a=2.5,45,2.5,5.9658317923524695,5.000000000000001,7.118229794928693,3084,3.1317562551350235,0.05639372326649274
250,casey_T45_a25,Casey T45K a=2.5,45,2.5,8.493232323171238,7.118229794928693,10.133839082682117,1751,3.020387955814897,0.07218046187777173
250,casey_T45_a25,Casey T45K a=2.5,45,2.5,12.091355875609787,10.133839082682117,14.426999059072134,813,2.3821556171180287,0.08354584502898751
250,casey_T45_a25,Casey T45K a=2.5,45,2.5,17.21380993097034,14.426999059072134,20.5389389107391,336,1.672329536270585,0.09123305579607564
250,casey_T45_a25,Casey T45K a=2.5,45,2.5,24.5063709469745,20.5389389107391,29.240177382128667,131,1.1075335170777354,0.09676565267588845
250,casey_T45_a25,Casey T45K a=2.5,45,2.5,34.888395968065744,29.240177382128667,41.62766037009365,50,0.7180564478045923,0.10154851670347029
250,casey_T45_a25,Casey T45K a=2.5,45,2.5,49.66872393543112,41.62766037009365,59.26305046791458,14,0.3415227330119069,0.09127578976608755
250,casey_T45_a25,Casey T45K a=2.5,45,2.5,70.71067811865476,59.26305046791458,84.36960231581453,9,0.37293838908615007,0.12431279636205005
250,casey_T45_a25,Casey T45K a=2.5,45,2.5,100.66697116076413,84.36960231581453,120.11244339814311,5,0.3519391534153235,0.15739197419607814
250,casey_T45_a25,Casey T45K a=2.5,45,2.5,143.3141266963557,120.11244339814311,170.99759466766963,0,,
250,casey_T45_a25,Casey T45K a=2.5,45,2.5,204.02857733683695,170.99759466766963,243.4400346449093,0,,
250,casey_T45_a25,Casey T45K a=2.5,45,2.5,290.4644596431972,243.4400346449093,346.5724215775732,0,,
250,casey_T45_a25,Casey T45K a=2.5,45,2.5,413.5185542000137,346.5724215775732,493.39642747481366,0,,
250,casey_T45_a25,Casey T45K a=2.5,45,2.5,588.7040186524744,493.39642747481366,702.4218301525182,0,,
250,casey_T45_a25,Casey T45K a=2.5,45,2.5,838.10609719326,702.4218301525182,1000.0,1,1.6908908657675317,1.6908908657675317
350,casey_T45_a25,Casey T45K a=2.5,45,2.5,5.9658317923524695,5.000000000000001,7.118229794928693,1280,1.2998210138044195,0.03633110181811718
350,casey_T45_a25,Casey T45K a=2.5,45,2.5,8.493232323171238,7.118229794928693,10.133839082682117,573,0.9883965155236641,0.041290856796301
350,casey_T45_a25,Casey T45K a=2.5,45,2.5,12.091355875609787,10.133839082682117,14.426999059072134,239,0.7002892896570835,0.04529794850705024
350,casey_T45_a25,Casey T45K a=2.5,45,2.5,17.21380993097034,14.426999059072134,20.5389389107391,122,0.6072148911458672,0.05497465317801777
350,casey_T45_a25,Casey T45K a=2.5,45,2.5,24.5063709469745,20.5389389107391,29.240177382128667,34,0.287451447180481,0.0492975164886191
350,casey_T45_a25,Casey T45K a=2.5,45,2.5,34.888395968065744,29.240177382128667,41.62766037009365,13,0.186694676429194,0.05177978682473978
350,casey_T45_a25,Casey T45K a=2.5,45,2.5,49.66872393543112,41.62766037009365,59.26305046791458,8,0.19515584743537534,0.06899801155488061
350,casey_T45_a25,Casey T45K a=2.5,45,2.5,70.71067811865476,59.26305046791458,84.36960231581453,3,0.12431279636205005,0.07177202644334472
350,casey_T45_a25,Casey T45K a=2.5,45,2.5,100.66697116076413,84.36960231581453,120.11244339814311,0,,
350,casey_T45_a25,Casey T45K a=2.5,45,2.5,143.3141266963557,120.11244339814311,170.99759466766963,0,,
350,casey_T45_a25,Casey T45K a=2.5,45,2.5,204.02857733683695,170.99759466766963,243.4400346449093,0,,
350,casey_T45_a25,Casey T45K a=2.5,45,2.5,290.4644596431972,243.4400346449093,346.5724215775732,0,,
350,casey_T45_a25,Casey T45K a=2.5,45,2.5,413.5185542000137,346.5724215775732,493.39642747481366,1,0.5860161419724547,0.5860161419724547
350,casey_T45_a25,Casey T45K a=2.5,45,2.5,588.7040186524744,493.39642747481366,702.4218301525182,0,,
350,casey_T45_a25,Casey T45K a=2.5,45,2.5,838.10609719326,702.4218301525182,1000.0,0,,
500,casey_T45_a25,Casey T45K a=2.5,45,2.5,5.9658317923524695,5.000000000000001,7.118229794928693,233,0.23660804391908574,0.015500708338683333
500,casey_T45_a25,Casey T45K a=2.5,45,2.5,8.493232323171238,7.118229794928693,10.133839082682117,113,0.19491938264253758,0.018336473090428265
500,casey_T45_a25,Casey T45K a=2.5,45,2.5,12.091355875609787,10.133839082682117,14.426999059072134,42,0.12306338981421551,0.018989093306024232
500,casey_T45_a25,Casey T45K a=2.5,45,2.5,17.21380993097034,14.426999059072134,20.5389389107391,11,0.05474888362790606,0.016507409516781466
500,casey_T45_a25,Casey T45K a=2.5,45,2.5,24.5063709469745,20.5389389107391,29.240177382128667,7,0.05918118030186373,0.022368383624857983
500,casey_T45_a25,Casey T45K a=2.5,45,2.5,34.888395968065744,29.240177382128667,41.62766037009365,3,0.043083386868275536,0.02487420500599967
500,casey_T45_a25,Casey T45K a=2.5,45,2.5,49.66872393543112,41.62766037009365,59.26305046791458,0,,
500,casey_T45_a25,Casey T45K a=2.5,45,2.5,70.71067811865476,59.26305046791458,84.36960231581453,0,,
500,casey_T45_a25,Casey T45K a=2.5,45,2.5,100.66697116076413,84.36960231581453,120.11244339814311,0,,
500,casey_T45_a25,Casey T45K a=2.5,45,2.5,143.3141266963557,120.11244339814311,170.99759466766963,0,,
500,casey_T45_a25,Casey T45K a=2.5,45,2.5,204.02857733683695,170.99759466766963,243.4400346449093,1,0.2030970334069399,0.2030970334069399
500,casey_T45_a25,Casey T45K a=2.5,45,2.5,290.4644596431972,243.4400346449093,346.5724215775732,0,,
500,casey_T45_a25,Casey T45K a=2.5,45,2.5,413.5185542000137,346.5724215775732,493.39642747481366,0,,
500,casey_T45_a25,Casey T45K a=2.5,45,2.5,588.7040186524744,493.39642747481366,702.4218301525182,0,,
500,casey_T45_a25,Casey T45K a=2.5,45,2.5,838.10609719326,702.4218301525182,1000.0,0,,
250,casey_T45_a30,Casey T45K a=3.0,45,3.0,5.9658317923524695,5.000000000000001,7.118229794928693,3463,3.5166251334411758,0.05975851956860165
250,casey_T45_a30,Casey T45K a=3.0,45,3.0,8.493232323171238,7.118229794928693,10.133839082682117,2036,3.5119987881434205,0.07783330472314635
250,casey_T45_a30,Casey T45K a=3.0,45,3.0,12.091355875609787,10.133839082682117,14.426999059072134,955,2.7982270779184715,0.09054850182539295
250,casey_T45_a30,Casey T45K a=3.0,45,3.0,17.21380993097034,14.426999059072134,20.5389389107391,433,2.1551151464439386,0.10356822448704874
250,casey_T45_a30,Casey T45K a=3.0,45,3.0,24.5063709469745,20.5389389107391,29.240177382128667,156,1.3188948752986773,0.10559610072228393
250,casey_T45_a30,Casey T45K a=3.0,45,3.0,34.888395968065744,29.240177382128667,41.62766037009365,70,1.0052790269264291,0.12015382533463084
250,casey_T45_a30,Casey T45K a=3.0,45,3.0,49.66872393543112,41.62766037009365,59.26305046791458,18,0.4391006567295945,0.1034970173323209
250,casey_T45_a30,Casey T45K a=3.0,45,3.0,70.71067811865476,59.26305046791458,84.36960231581453,11,0.4558135866608502,0.1374329673909259
250,casey_T45_a30,Casey T45K a=3.0,45,3.0,100.66697116076413,84.36960231581453,120.11244339814311,5,0.3519391534153235,0.15739197419607814
250,casey_T45_a30,Casey T45K a=3.0,45,3.0,143.3141266963557,120.11244339814311,170.99759466766963,2,0.23912807948612352,0.1690890865767537
250,casey_T45_a30,Casey T45K a=3.0,45,3.0,204.02857733683695,170.99759466766963,243.4400346449093,0,,
250,casey_T45_a30,Casey T45K a=3.0,45,3.0,290.4644596431972,243.4400346449093,346.5724215775732,0,,
250,casey_T45_a30,Casey T45K a=3.0,45,3.0,413.5185542000137,346.5724215775732,493.39642747481366,0,,
250,casey_T45_a30,Casey T45K a=3.0,45,3.0,588.7040186524744,493.39642747481366,702.4218301525182,0,,
250,casey_T45_a30,Casey T45K a=3.0,45,3.0,838.10609719326,702.4218301525182,1000.0,1,1.6908908657675317,1.6908908657675317
350,casey_T45_a30,Casey T45K a=3.0,45,3.0,5.9658317923524695,5.000000000000001,7.118229794928693,1445,1.4673760663651456,0.038601795681749505
350,casey_T45_a30,Casey T45K a=3.0,45,3.0,8.493232323171238,7.118229794928693,10.133839082682117,699,1.2057402519215379,0.04560528473605523
350,casey_T45_a30,Casey T45K a=3.0,45,3.0,12.091355875609787,10.133839082682117,14.426999059072134,298,0.8731640515389577,0.05058103541802489
350,casey_T45_a30,Casey T45K a=3.0,45,3.0,17.21380993097034,14.426999059072134,20.5389389107391,138,0.6868496309682761,0.058468523401098135
350,casey_T45_a30,Casey T45K a=3.0,45,3.0,24.5063709469745,20.5389389107391,29.240177382128667,57,0.4819038967437475,0.06382973042328254
350,casey_T45_a30,Casey T45K a=3.0,45,3.0,34.888395968065744,29.240177382128667,41.62766037009365,11,0.1579724185170103,0.04763047631326498
350,casey_T45_a30,Casey T45K a=3.0,45,3.0,49.66872393543112,41.62766037009365,59.26305046791458,10,0.24394480929421916,0.0771421220745145
350,casey_T45_a30,Casey T45K a=3.0,45,3.0,70.71067811865476,59.26305046791458,84.36960231581453,4,0.16575039514940004,0.08287519757470002
350,casey_T45_a30,Casey T45K a=3.0,45,3.0,100.66697116076413,84.36960231581453,120.11244339814311,0,,
350,casey_T45_a30,Casey T45K a=3.0,45,3.0,143.3141266963557,120.11244339814311,170.99759466766963,0,,
350,casey_T45_a30,Casey T45K a=3.0,45,3.0,204.02857733683695,170.99759466766963,243.4400346449093,0,,
350,casey_T45_a30,Casey T45K a=3.0,45,3.0,290.4644596431972,243.4400346449093,346.5724215775732,0,,
350,casey_T45_a30,Casey T45K a=3.0,45,3.0,413.5185542000137,346.5724215775732,493.39642747481366,1,0.5860161419724547,0.5860161419724547
350,casey_T45_a30,Casey T45K a=3.0,45,3.0,588.7040186524744,493.39642747481366,702.4218301525182,0,,
350,casey_T45_a30,Casey T45K a=3.0,45,3.0,838.10609719326,702.4218301525182,1000.0,0,,
500,casey_T45_a30,Casey T45K a=3.0,45,3.0,5.9658317923524695,5.000000000000001,7.118229794928693,294,0.2985526391082026,0.017411943504199768
500,casey_T45_a30,Casey T45K a=3.0,45,3.0,8.493232323171238,7.118229794928693,10.133839082682117,134,0.2311433387088499,0.01996774320940332
500,casey_T45_a30,Casey T45K a=3.0,45,3.0,12.091355875609787,10.133839082682117,14.426999059072134,54,0.15822435833256282,0.02153160793300348
500,casey_T45_a30,Casey T45K a=3.0,45,3.0,17.21380993097034,14.426999059072134,20.5389389107391,14,0.06968039734460771,0.018622869531271055
500,casey_T45_a30,Casey T45K a=3.0,45,3.0,24.5063709469745,20.5389389107391,29.240177382128667,9,0.07609008895953909,0.025363362986513024
500,casey_T45_a30,Casey T45K a=3.0,45,3.0,34.888395968065744,29.240177382128667,41.62766037009365,4,0.05744451582436739,0.02872225791218369
500,casey_T45_a30,Casey T45K a=3.0,45,3.0,49.66872393543112,41.62766037009365,59.26305046791458,0,,
500,casey_T45_a30,Casey T45K a=3.0,45,3.0,70.71067811865476,59.26305046791458,84.36960231581453,0,,
500,casey_T45_a30,Casey T45K a=3.0,45,3.0,100.66697116076413,84.36960231581453,120.11244339814311,0,,
500,casey_T45_a30,Casey T45K a=3.0,45,3.0,143.3141266963557,120.11244339814311,170.99759466766963,0,,
500,casey_T45_a30,Casey T45K a=3.0,45,3.0,204.02857733683695,170.99759466766963,243.4400346449093,1,0.2030970334069399,0.2030970334069399
500,casey_T45_a30,Casey T45K a=3.0,45,3.0,290.4644596431972,243.4400346449093,346.5724215775732,0,,
500,casey_T45_a30,Casey T45K a=3.0,45,3.0,413.5185542000137,346.5724215775732,493.39642747481366,0,,
500,casey_T45_a30,Casey T45K a=3.0,45,3.0,588.7040186524744,493.39642747481366,702.4218301525182,0,,
500,casey_T45_a30,Casey T45K a=3.0,45,3.0,838.10609719326,702.4218301525182,1000.0,0,,
